gene,score,bucket,sub_bucket_id,sub_bucket_label,n_genes
ACVR1,Angiogenesis,Angiogenic Signalling,angiogenic_signalling_louvain_7,Angiogenic Growth Factor Signalling,79
ACVRL1,Angiogenesis,Angiogenic Signalling,angiogenic_signalling_louvain_7,Angiogenic Growth Factor Signalling,79
ANG,Angiogenesis,Angiogenic Signalling,angiogenic_signalling_louvain_7,Angiogenic Growth Factor Signalling,79
ANGPT1,Angiogenesis,Angiogenic Signalling,angiogenic_signalling_louvain_7,Angiogenic Growth Factor Signalling,79
ANGPT2,Angiogenesis,Angiogenic Signalling,angiogenic_signalling_louvain_7,Angiogenic Growth Factor Signalling,79
ANGPT4,Angiogenesis,Angiogenic Signalling,angiogenic_signalling_louvain_7,Angiogenic Growth Factor Signalling,79
BMP10,Angiogenesis,Angiogenic Signalling,angiogenic_signalling_louvain_7,Angiogenic Growth Factor Signalling,79
BMPER,Angiogenesis,Angiogenic Signalling,angiogenic_signalling_louvain_7,Angiogenic Growth Factor Signalling,79
BMPR2,Angiogenesis,Angiogenic Signalling,angiogenic_signalling_louvain_7,Angiogenic Growth Factor Signalling,79
CCBE1,Angiogenesis,Angiogenic Signalling,angiogenic_signalling_louvain_7,Angiogenic Growth Factor Signalling,79
CCM2,Angiogenesis,Angiogenic Signalling,angiogenic_signalling_louvain_7,Angiogenic Growth Factor Signalling,79
CD34,Angiogenesis,Angiogenic Signalling,angiogenic_signalling_louvain_7,Angiogenic Growth Factor Signalling,79
CDH5,Angiogenesis,Angiogenic Signalling,angiogenic_signalling_louvain_7,Angiogenic Growth Factor Signalling,79
CEMIP2,Angiogenesis,Angiogenic Signalling,angiogenic_signalling_louvain_7,Angiogenic Growth Factor Signalling,79
CLEC14A,Angiogenesis,Angiogenic Signalling,angiogenic_signalling_louvain_7,Angiogenic Growth Factor Signalling,79
DLL1,Angiogenesis,Angiogenic Signalling,angiogenic_signalling_louvain_7,Angiogenic Growth Factor Signalling,79
DLL4,Angiogenesis,Angiogenic Signalling,angiogenic_signalling_louvain_7,Angiogenic Growth Factor Signalling,79
DNAJA4,Angiogenesis,Angiogenic Signalling,angiogenic_signalling_louvain_7,Angiogenic Growth Factor Signalling,79
EFNB2,Angiogenesis,Angiogenic Signalling,angiogenic_signalling_louvain_7,Angiogenic Growth Factor Signalling,79
EGFL7,Angiogenesis,Angiogenic Signalling,angiogenic_signalling_louvain_7,Angiogenic Growth Factor Signalling,79
ENG,Angiogenesis,Angiogenic Signalling,angiogenic_signalling_louvain_7,Angiogenic Growth Factor Signalling,79
EPHB4,Angiogenesis,Angiogenic Signalling,angiogenic_signalling_louvain_7,Angiogenic Growth Factor Signalling,79
ESM1,Angiogenesis,Angiogenic Signalling,angiogenic_signalling_louvain_7,Angiogenic Growth Factor Signalling,79
FLT1,Angiogenesis,Angiogenic Signalling,angiogenic_signalling_louvain_7,Angiogenic Growth Factor Signalling,79
FLT4,Angiogenesis,Angiogenic Signalling,angiogenic_signalling_louvain_7,Angiogenic Growth Factor Signalling,79
FOXC2,Angiogenesis,Angiogenic Signalling,angiogenic_signalling_louvain_7,Angiogenic Growth Factor Signalling,79
GDF2,Angiogenesis,Angiogenic Signalling,angiogenic_signalling_louvain_7,Angiogenic Growth Factor Signalling,79
GIPC1,Angiogenesis,Angiogenic Signalling,angiogenic_signalling_louvain_7,Angiogenic Growth Factor Signalling,79
GJC1,Angiogenesis,Angiogenic Signalling,angiogenic_signalling_louvain_7,Angiogenic Growth Factor Signalling,79
HEG1,Angiogenesis,Angiogenic Signalling,angiogenic_signalling_louvain_7,Angiogenic Growth Factor Signalling,79
HEY1,Angiogenesis,Angiogenic Signalling,angiogenic_signalling_louvain_7,Angiogenic Growth Factor Signalling,79
HEY2,Angiogenesis,Angiogenic Signalling,angiogenic_signalling_louvain_7,Angiogenic Growth Factor Signalling,79
HSPA12B,Angiogenesis,Angiogenic Signalling,angiogenic_signalling_louvain_7,Angiogenic Growth Factor Signalling,79
ID1,Angiogenesis,Angiogenic Signalling,angiogenic_signalling_louvain_7,Angiogenic Growth Factor Signalling,79
ITGB1BP1,Angiogenesis,Angiogenic Signalling,angiogenic_signalling_louvain_7,Angiogenic Growth Factor Signalling,79
KDR,Angiogenesis,Angiogenic Signalling,angiogenic_signalling_louvain_7,Angiogenic Growth Factor Signalling,79
KRIT1,Angiogenesis,Angiogenic Signalling,angiogenic_signalling_louvain_7,Angiogenic Growth Factor Signalling,79
LRG1,Angiogenesis,Angiogenic Signalling,angiogenic_signalling_louvain_7,Angiogenic Growth Factor Signalling,79
MIR21,Angiogenesis,Angiogenic Signalling,angiogenic_signalling_louvain_7,Angiogenic Growth Factor Signalling,79
MMRN2,Angiogenesis,Angiogenic Signalling,angiogenic_signalling_louvain_7,Angiogenic Growth Factor Signalling,79
NOTCH4,Angiogenesis,Angiogenic Signalling,angiogenic_signalling_louvain_7,Angiogenic Growth Factor Signalling,79
NR2F2,Angiogenesis,Angiogenic Signalling,angiogenic_signalling_louvain_7,Angiogenic Growth Factor Signalling,79
NRARP,Angiogenesis,Angiogenic Signalling,angiogenic_signalling_louvain_7,Angiogenic Growth Factor Signalling,79
NRP1,Angiogenesis,Angiogenic Signalling,angiogenic_signalling_louvain_7,Angiogenic Growth Factor Signalling,79
NRP2,Angiogenesis,Angiogenic Signalling,angiogenic_signalling_louvain_7,Angiogenic Growth Factor Signalling,79
NRXN1,Angiogenesis,Angiogenic Signalling,angiogenic_signalling_louvain_7,Angiogenic Growth Factor Signalling,79
PDCD10,Angiogenesis,Angiogenic Signalling,angiogenic_signalling_louvain_7,Angiogenic Growth Factor Signalling,79
PDCL3,Angiogenesis,Angiogenic Signalling,angiogenic_signalling_louvain_7,Angiogenic Growth Factor Signalling,79
PDGFB,Angiogenesis,Angiogenic Signalling,angiogenic_signalling_louvain_7,Angiogenic Growth Factor Signalling,79
PDGFC,Angiogenesis,Angiogenic Signalling,angiogenic_signalling_louvain_7,Angiogenic Growth Factor Signalling,79
PDGFRL,Angiogenesis,Angiogenic Signalling,angiogenic_signalling_louvain_7,Angiogenic Growth Factor Signalling,79
PECAM1,Angiogenesis,Angiogenic Signalling,angiogenic_signalling_louvain_7,Angiogenic Growth Factor Signalling,79
PGF,Angiogenesis,Angiogenic Signalling,angiogenic_signalling_louvain_7,Angiogenic Growth Factor Signalling,79
PLXNB3,Angiogenesis,Angiogenic Signalling,angiogenic_signalling_louvain_7,Angiogenic Growth Factor Signalling,79
PLXND1,Angiogenesis,Angiogenic Signalling,angiogenic_signalling_louvain_7,Angiogenic Growth Factor Signalling,79
PROX1,Angiogenesis,Angiogenic Signalling,angiogenic_signalling_louvain_7,Angiogenic Growth Factor Signalling,79
RASIP1,Angiogenesis,Angiogenic Signalling,angiogenic_signalling_louvain_7,Angiogenic Growth Factor Signalling,79
ROBO4,Angiogenesis,Angiogenic Signalling,angiogenic_signalling_louvain_7,Angiogenic Growth Factor Signalling,79
SEMA3E,Angiogenesis,Angiogenic Signalling,angiogenic_signalling_louvain_7,Angiogenic Growth Factor Signalling,79
SEMA4A,Angiogenesis,Angiogenic Signalling,angiogenic_signalling_louvain_7,Angiogenic Growth Factor Signalling,79
SEMA5A,Angiogenesis,Angiogenic Signalling,angiogenic_signalling_louvain_7,Angiogenic Growth Factor Signalling,79
SEMA6A,Angiogenesis,Angiogenic Signalling,angiogenic_signalling_louvain_7,Angiogenic Growth Factor Signalling,79
SMAD1,Angiogenesis,Angiogenic Signalling,angiogenic_signalling_louvain_7,Angiogenic Growth Factor Signalling,79
SOX18,Angiogenesis,Angiogenic Signalling,angiogenic_signalling_louvain_7,Angiogenic Growth Factor Signalling,79
SVBP,Angiogenesis,Angiogenic Signalling,angiogenic_signalling_louvain_7,Angiogenic Growth Factor Signalling,79
SYNJ2BP,Angiogenesis,Angiogenic Signalling,angiogenic_signalling_louvain_7,Angiogenic Growth Factor Signalling,79
TEK,Angiogenesis,Angiogenic Signalling,angiogenic_signalling_louvain_7,Angiogenic Growth Factor Signalling,79
TGFB1,Angiogenesis,Angiogenic Signalling,angiogenic_signalling_louvain_7,Angiogenic Growth Factor Signalling,79
TGFBR1,Angiogenesis,Angiogenic Signalling,angiogenic_signalling_louvain_7,Angiogenic Growth Factor Signalling,79
TGFBR2,Angiogenesis,Angiogenic Signalling,angiogenic_signalling_louvain_7,Angiogenic Growth Factor Signalling,79
TGFBR3,Angiogenesis,Angiogenic Signalling,angiogenic_signalling_louvain_7,Angiogenic Growth Factor Signalling,79
TIE1,Angiogenesis,Angiogenic Signalling,angiogenic_signalling_louvain_7,Angiogenic Growth Factor Signalling,79
TJP1,Angiogenesis,Angiogenic Signalling,angiogenic_signalling_louvain_7,Angiogenic Growth Factor Signalling,79
TMEM100,Angiogenesis,Angiogenic Signalling,angiogenic_signalling_louvain_7,Angiogenic Growth Factor Signalling,79
VASH1,Angiogenesis,Angiogenic Signalling,angiogenic_signalling_louvain_7,Angiogenic Growth Factor Signalling,79
VASH2,Angiogenesis,Angiogenic Signalling,angiogenic_signalling_louvain_7,Angiogenic Growth Factor Signalling,79
VEGFB,Angiogenesis,Angiogenic Signalling,angiogenic_signalling_louvain_7,Angiogenic Growth Factor Signalling,79
VEGFC,Angiogenesis,Angiogenic Signalling,angiogenic_signalling_louvain_7,Angiogenic Growth Factor Signalling,79
VEGFD,Angiogenesis,Angiogenic Signalling,angiogenic_signalling_louvain_7,Angiogenic Growth Factor Signalling,79
ACKR3,Angiogenesis,Angiogenic Signalling,angiogenic_signalling_louvain_2,Cytokine & Chemokine Signalling,79
ADAM10,Angiogenesis,Angiogenic Signalling,angiogenic_signalling_louvain_2,Cytokine & Chemokine Signalling,79
ADAM17,Angiogenesis,Angiogenic Signalling,angiogenic_signalling_louvain_2,Cytokine & Chemokine Signalling,79
ADTRP,Angiogenesis,Angiogenic Signalling,angiogenic_signalling_louvain_2,Cytokine & Chemokine Signalling,79
AIMP1,Angiogenesis,Angiogenic Signalling,angiogenic_signalling_louvain_2,Cytokine & Chemokine Signalling,79
ANXA1,Angiogenesis,Angiogenic Signalling,angiogenic_signalling_louvain_2,Cytokine & Chemokine Signalling,79
ANXA3,Angiogenesis,Angiogenic Signalling,angiogenic_signalling_louvain_2,Cytokine & Chemokine Signalling,79
APOH,Angiogenesis,Angiogenic Signalling,angiogenic_signalling_louvain_2,Cytokine & Chemokine Signalling,79
BSG,Angiogenesis,Angiogenic Signalling,angiogenic_signalling_louvain_2,Cytokine & Chemokine Signalling,79
C3,Angiogenesis,Angiogenic Signalling,angiogenic_signalling_louvain_2,Cytokine & Chemokine Signalling,79
C3AR1,Angiogenesis,Angiogenic Signalling,angiogenic_signalling_louvain_2,Cytokine & Chemokine Signalling,79
C5,Angiogenesis,Angiogenic Signalling,angiogenic_signalling_louvain_2,Cytokine & Chemokine Signalling,79
C5AR1,Angiogenesis,Angiogenic Signalling,angiogenic_signalling_louvain_2,Cytokine & Chemokine Signalling,79
CCL11,Angiogenesis,Angiogenic Signalling,angiogenic_signalling_louvain_2,Cytokine & Chemokine Signalling,79
CCL2,Angiogenesis,Angiogenic Signalling,angiogenic_signalling_louvain_2,Cytokine & Chemokine Signalling,79
CCL24,Angiogenesis,Angiogenic Signalling,angiogenic_signalling_louvain_2,Cytokine & Chemokine Signalling,79
CCL26,Angiogenesis,Angiogenic Signalling,angiogenic_signalling_louvain_2,Cytokine & Chemokine Signalling,79
CCR2,Angiogenesis,Angiogenic Signalling,angiogenic_signalling_louvain_2,Cytokine & Chemokine Signalling,79
CCR3,Angiogenesis,Angiogenic Signalling,angiogenic_signalling_louvain_2,Cytokine & Chemokine Signalling,79
CD40,Angiogenesis,Angiogenic Signalling,angiogenic_signalling_louvain_2,Cytokine & Chemokine Signalling,79
CXCL12,Angiogenesis,Angiogenic Signalling,angiogenic_signalling_louvain_2,Cytokine & Chemokine Signalling,79
CXCL13,Angiogenesis,Angiogenic Signalling,angiogenic_signalling_louvain_2,Cytokine & Chemokine Signalling,79
CXCL17,Angiogenesis,Angiogenic Signalling,angiogenic_signalling_louvain_2,Cytokine & Chemokine Signalling,79
CXCL6,Angiogenesis,Angiogenic Signalling,angiogenic_signalling_louvain_2,Cytokine & Chemokine Signalling,79
CXCR3,Angiogenesis,Angiogenic Signalling,angiogenic_signalling_louvain_2,Cytokine & Chemokine Signalling,79
DPP4,Angiogenesis,Angiogenic Signalling,angiogenic_signalling_louvain_2,Cytokine & Chemokine Signalling,79
F3,Angiogenesis,Angiogenic Signalling,angiogenic_signalling_louvain_2,Cytokine & Chemokine Signalling,79
F7,Angiogenesis,Angiogenic Signalling,angiogenic_signalling_louvain_2,Cytokine & Chemokine Signalling,79
GADD45A,Angiogenesis,Angiogenic Signalling,angiogenic_signalling_louvain_2,Cytokine & Chemokine Signalling,79
HMGB1,Angiogenesis,Angiogenic Signalling,angiogenic_signalling_louvain_2,Cytokine & Chemokine Signalling,79
HMGB2,Angiogenesis,Angiogenic Signalling,angiogenic_signalling_louvain_2,Cytokine & Chemokine Signalling,79
HMOX1,Angiogenesis,Angiogenic Signalling,angiogenic_signalling_louvain_2,Cytokine & Chemokine Signalling,79
HRG,Angiogenesis,Angiogenic Signalling,angiogenic_signalling_louvain_2,Cytokine & Chemokine Signalling,79
IL10,Angiogenesis,Angiogenic Signalling,angiogenic_signalling_louvain_2,Cytokine & Chemokine Signalling,79
IL12A,Angiogenesis,Angiogenic Signalling,angiogenic_signalling_louvain_2,Cytokine & Chemokine Signalling,79
IL12B,Angiogenesis,Angiogenic Signalling,angiogenic_signalling_louvain_2,Cytokine & Chemokine Signalling,79
IL1A,Angiogenesis,Angiogenic Signalling,angiogenic_signalling_louvain_2,Cytokine & Chemokine Signalling,79
IL1B,Angiogenesis,Angiogenic Signalling,angiogenic_signalling_louvain_2,Cytokine & Chemokine Signalling,79
IL1R1,Angiogenesis,Angiogenic Signalling,angiogenic_signalling_louvain_2,Cytokine & Chemokine Signalling,79
IL6,Angiogenesis,Angiogenic Signalling,angiogenic_signalling_louvain_2,Cytokine & Chemokine Signalling,79
IL6R,Angiogenesis,Angiogenic Signalling,angiogenic_signalling_louvain_2,Cytokine & Chemokine Signalling,79
IL6ST,Angiogenesis,Angiogenic Signalling,angiogenic_signalling_louvain_2,Cytokine & Chemokine Signalling,79
JMJD6,Angiogenesis,Angiogenic Signalling,angiogenic_signalling_louvain_2,Cytokine & Chemokine Signalling,79
LCN2,Angiogenesis,Angiogenic Signalling,angiogenic_signalling_louvain_2,Cytokine & Chemokine Signalling,79
MIA3,Angiogenesis,Angiogenic Signalling,angiogenic_signalling_louvain_2,Cytokine & Chemokine Signalling,79
MIR199A1,Angiogenesis,Angiogenic Signalling,angiogenic_signalling_louvain_2,Cytokine & Chemokine Signalling,79
NOS3,Angiogenesis,Angiogenic Signalling,angiogenic_signalling_louvain_2,Cytokine & Chemokine Signalling,79
NOX1,Angiogenesis,Angiogenic Signalling,angiogenic_signalling_louvain_2,Cytokine & Chemokine Signalling,79
NOX5,Angiogenesis,Angiogenic Signalling,angiogenic_signalling_louvain_2,Cytokine & Chemokine Signalling,79
P2RX4,Angiogenesis,Angiogenic Signalling,angiogenic_signalling_louvain_2,Cytokine & Chemokine Signalling,79
PF4,Angiogenesis,Angiogenic Signalling,angiogenic_signalling_louvain_2,Cytokine & Chemokine Signalling,79
PLAT,Angiogenesis,Angiogenic Signalling,angiogenic_signalling_louvain_2,Cytokine & Chemokine Signalling,79
PLG,Angiogenesis,Angiogenic Signalling,angiogenic_signalling_louvain_2,Cytokine & Chemokine Signalling,79
PLK2,Angiogenesis,Angiogenic Signalling,angiogenic_signalling_louvain_2,Cytokine & Chemokine Signalling,79
PRCP,Angiogenesis,Angiogenic Signalling,angiogenic_signalling_louvain_2,Cytokine & Chemokine Signalling,79
PRG2,Angiogenesis,Angiogenic Signalling,angiogenic_signalling_louvain_2,Cytokine & Chemokine Signalling,79
PTGS2,Angiogenesis,Angiogenic Signalling,angiogenic_signalling_louvain_2,Cytokine & Chemokine Signalling,79
S100A1,Angiogenesis,Angiogenic Signalling,angiogenic_signalling_louvain_2,Cytokine & Chemokine Signalling,79
S100A12,Angiogenesis,Angiogenic Signalling,angiogenic_signalling_louvain_2,Cytokine & Chemokine Signalling,79
S100A2,Angiogenesis,Angiogenic Signalling,angiogenic_signalling_louvain_2,Cytokine & Chemokine Signalling,79
S100A7,Angiogenesis,Angiogenic Signalling,angiogenic_signalling_louvain_2,Cytokine & Chemokine Signalling,79
S100A7A,Angiogenesis,Angiogenic Signalling,angiogenic_signalling_louvain_2,Cytokine & Chemokine Signalling,79
S100A7L2,Angiogenesis,Angiogenic Signalling,angiogenic_signalling_louvain_2,Cytokine & Chemokine Signalling,79
S100A8,Angiogenesis,Angiogenic Signalling,angiogenic_signalling_louvain_2,Cytokine & Chemokine Signalling,79
S100A9,Angiogenesis,Angiogenic Signalling,angiogenic_signalling_louvain_2,Cytokine & Chemokine Signalling,79
S100P,Angiogenesis,Angiogenic Signalling,angiogenic_signalling_louvain_2,Cytokine & Chemokine Signalling,79
SARS1,Angiogenesis,Angiogenic Signalling,angiogenic_signalling_louvain_2,Cytokine & Chemokine Signalling,79
SERPINA5,Angiogenesis,Angiogenic Signalling,angiogenic_signalling_louvain_2,Cytokine & Chemokine Signalling,79
SERPINF1,Angiogenesis,Angiogenic Signalling,angiogenic_signalling_louvain_2,Cytokine & Chemokine Signalling,79
SLC39A14,Angiogenesis,Angiogenic Signalling,angiogenic_signalling_louvain_2,Cytokine & Chemokine Signalling,79
SLC39A9,Angiogenesis,Angiogenic Signalling,angiogenic_signalling_louvain_2,Cytokine & Chemokine Signalling,79
SP100,Angiogenesis,Angiogenic Signalling,angiogenic_signalling_louvain_2,Cytokine & Chemokine Signalling,79
STAT1,Angiogenesis,Angiogenic Signalling,angiogenic_signalling_louvain_2,Cytokine & Chemokine Signalling,79
STC1,Angiogenesis,Angiogenic Signalling,angiogenic_signalling_louvain_2,Cytokine & Chemokine Signalling,79
TNF,Angiogenesis,Angiogenic Signalling,angiogenic_signalling_louvain_2,Cytokine & Chemokine Signalling,79
TNNI3,Angiogenesis,Angiogenic Signalling,angiogenic_signalling_louvain_2,Cytokine & Chemokine Signalling,79
TSPAN18,Angiogenesis,Angiogenic Signalling,angiogenic_signalling_louvain_2,Cytokine & Chemokine Signalling,79
WARS2,Angiogenesis,Angiogenic Signalling,angiogenic_signalling_louvain_2,Cytokine & Chemokine Signalling,79
ZC3H12A,Angiogenesis,Angiogenic Signalling,angiogenic_signalling_louvain_2,Cytokine & Chemokine Signalling,79
ABL1,Angiogenesis,Angiogenic Signalling,angiogenic_signalling_louvain_3,Endothelial Cell Migration,47
ADGRB1,Angiogenesis,Angiogenic Signalling,angiogenic_signalling_louvain_3,Endothelial Cell Migration,47
CAV1,Angiogenesis,Angiogenic Signalling,angiogenic_signalling_louvain_3,Endothelial Cell Migration,47
CCND2,Angiogenesis,Angiogenic Signalling,angiogenic_signalling_louvain_3,Endothelial Cell Migration,47
CDC42,Angiogenesis,Angiogenic Signalling,angiogenic_signalling_louvain_3,Endothelial Cell Migration,47
CDKN1A,Angiogenesis,Angiogenic Signalling,angiogenic_signalling_louvain_3,Endothelial Cell Migration,47
CDKN1B,Angiogenesis,Angiogenic Signalling,angiogenic_signalling_louvain_3,Endothelial Cell Migration,47
CIB1,Angiogenesis,Angiogenic Signalling,angiogenic_signalling_louvain_3,Endothelial Cell Migration,47
CLASP2,Angiogenesis,Angiogenic Signalling,angiogenic_signalling_louvain_3,Endothelial Cell Migration,47
CTNND1,Angiogenesis,Angiogenic Signalling,angiogenic_signalling_louvain_3,Endothelial Cell Migration,47
DSG2,Angiogenesis,Angiogenic Signalling,angiogenic_signalling_louvain_3,Endothelial Cell Migration,47
DSTYK,Angiogenesis,Angiogenic Signalling,angiogenic_signalling_louvain_3,Endothelial Cell Migration,47
FER,Angiogenesis,Angiogenic Signalling,angiogenic_signalling_louvain_3,Endothelial Cell Migration,47
IQGAP1,Angiogenesis,Angiogenic Signalling,angiogenic_signalling_louvain_3,Endothelial Cell Migration,47
JUP,Angiogenesis,Angiogenic Signalling,angiogenic_signalling_louvain_3,Endothelial Cell Migration,47
MIR106A,Angiogenesis,Angiogenic Signalling,angiogenic_signalling_louvain_3,Endothelial Cell Migration,47
MIR15A,Angiogenesis,Angiogenic Signalling,angiogenic_signalling_louvain_3,Endothelial Cell Migration,47
MIR15B,Angiogenesis,Angiogenic Signalling,angiogenic_signalling_louvain_3,Endothelial Cell Migration,47
MIR16-1,Angiogenesis,Angiogenic Signalling,angiogenic_signalling_louvain_3,Endothelial Cell Migration,47
MIR221,Angiogenesis,Angiogenic Signalling,angiogenic_signalling_louvain_3,Endothelial Cell Migration,47
MIR222,Angiogenesis,Angiogenic Signalling,angiogenic_signalling_louvain_3,Endothelial Cell Migration,47
MYH9,Angiogenesis,Angiogenic Signalling,angiogenic_signalling_louvain_3,Endothelial Cell Migration,47
MYO18B,Angiogenesis,Angiogenic Signalling,angiogenic_signalling_louvain_3,Endothelial Cell Migration,47
MYO1E,Angiogenesis,Angiogenic Signalling,angiogenic_signalling_louvain_3,Endothelial Cell Migration,47
NFKB1,Angiogenesis,Angiogenic Signalling,angiogenic_signalling_louvain_3,Endothelial Cell Migration,47
NUS1,Angiogenesis,Angiogenic Signalling,angiogenic_signalling_louvain_3,Endothelial Cell Migration,47
PAK1,Angiogenesis,Angiogenic Signalling,angiogenic_signalling_louvain_3,Endothelial Cell Migration,47
PLEKHG5,Angiogenesis,Angiogenic Signalling,angiogenic_signalling_louvain_3,Endothelial Cell Migration,47
PTPRM,Angiogenesis,Angiogenic Signalling,angiogenic_signalling_louvain_3,Endothelial Cell Migration,47
RAC1,Angiogenesis,Angiogenic Signalling,angiogenic_signalling_louvain_3,Endothelial Cell Migration,47
RAC2,Angiogenesis,Angiogenic Signalling,angiogenic_signalling_louvain_3,Endothelial Cell Migration,47
RAC3,Angiogenesis,Angiogenic Signalling,angiogenic_signalling_louvain_3,Endothelial Cell Migration,47
RHOA,Angiogenesis,Angiogenic Signalling,angiogenic_signalling_louvain_3,Endothelial Cell Migration,47
RHOB,Angiogenesis,Angiogenic Signalling,angiogenic_signalling_louvain_3,Endothelial Cell Migration,47
RHOD,Angiogenesis,Angiogenic Signalling,angiogenic_signalling_louvain_3,Endothelial Cell Migration,47
RHOJ,Angiogenesis,Angiogenic Signalling,angiogenic_signalling_louvain_3,Endothelial Cell Migration,47
RNF213,Angiogenesis,Angiogenic Signalling,angiogenic_signalling_louvain_3,Endothelial Cell Migration,47
ROBO1,Angiogenesis,Angiogenic Signalling,angiogenic_signalling_louvain_3,Endothelial Cell Migration,47
ROCK2,Angiogenesis,Angiogenic Signalling,angiogenic_signalling_louvain_3,Endothelial Cell Migration,47
RTN4,Angiogenesis,Angiogenic Signalling,angiogenic_signalling_louvain_3,Endothelial Cell Migration,47
SASH1,Angiogenesis,Angiogenic Signalling,angiogenic_signalling_louvain_3,Endothelial Cell Migration,47
SH3BP1,Angiogenesis,Angiogenic Signalling,angiogenic_signalling_louvain_3,Endothelial Cell Migration,47
SLIT2,Angiogenesis,Angiogenic Signalling,angiogenic_signalling_louvain_3,Endothelial Cell Migration,47
SRC,Angiogenesis,Angiogenic Signalling,angiogenic_signalling_louvain_3,Endothelial Cell Migration,47
STARD13,Angiogenesis,Angiogenic Signalling,angiogenic_signalling_louvain_3,Endothelial Cell Migration,47
VAV2,Angiogenesis,Angiogenic Signalling,angiogenic_signalling_louvain_3,Endothelial Cell Migration,47
ZDHHC16,Angiogenesis,Angiogenic Signalling,angiogenic_signalling_louvain_3,Endothelial Cell Migration,47
ALDH1A2,Angiogenesis,Angiogenic Signalling,angiogenic_signalling_louvain_12,Endothelial Transcription Factors,70
AMOT,Angiogenesis,Angiogenic Signalling,angiogenic_signalling_louvain_12,Endothelial Transcription Factors,70
BCAS3,Angiogenesis,Angiogenic Signalling,angiogenic_signalling_louvain_12,Endothelial Transcription Factors,70
CHURC1,Angiogenesis,Angiogenic Signalling,angiogenic_signalling_louvain_12,Endothelial Transcription Factors,70
CITED1,Angiogenesis,Angiogenic Signalling,angiogenic_signalling_louvain_12,Endothelial Transcription Factors,70
CITED2,Angiogenesis,Angiogenic Signalling,angiogenic_signalling_louvain_12,Endothelial Transcription Factors,70
CRIPTO,Angiogenesis,Angiogenic Signalling,angiogenic_signalling_louvain_12,Endothelial Transcription Factors,70
CSNK2B,Angiogenesis,Angiogenic Signalling,angiogenic_signalling_louvain_12,Endothelial Transcription Factors,70
CSRNP1,Angiogenesis,Angiogenic Signalling,angiogenic_signalling_louvain_12,Endothelial Transcription Factors,70
CTNNB1,Angiogenesis,Angiogenic Signalling,angiogenic_signalling_louvain_12,Endothelial Transcription Factors,70
EGR3,Angiogenesis,Angiogenic Signalling,angiogenic_signalling_louvain_12,Endothelial Transcription Factors,70
ETS1,Angiogenesis,Angiogenic Signalling,angiogenic_signalling_louvain_12,Endothelial Transcription Factors,70
FOXF1,Angiogenesis,Angiogenic Signalling,angiogenic_signalling_louvain_12,Endothelial Transcription Factors,70
FOXP1,Angiogenesis,Angiogenic Signalling,angiogenic_signalling_louvain_12,Endothelial Transcription Factors,70
GATA2,Angiogenesis,Angiogenic Signalling,angiogenic_signalling_louvain_12,Endothelial Transcription Factors,70
GATA3,Angiogenesis,Angiogenic Signalling,angiogenic_signalling_louvain_12,Endothelial Transcription Factors,70
GATA4,Angiogenesis,Angiogenic Signalling,angiogenic_signalling_louvain_12,Endothelial Transcription Factors,70
HDAC5,Angiogenesis,Angiogenic Signalling,angiogenic_signalling_louvain_12,Endothelial Transcription Factors,70
HDAC7,Angiogenesis,Angiogenic Signalling,angiogenic_signalling_louvain_12,Endothelial Transcription Factors,70
HDAC9,Angiogenesis,Angiogenic Signalling,angiogenic_signalling_louvain_12,Endothelial Transcription Factors,70
ISL1,Angiogenesis,Angiogenic Signalling,angiogenic_signalling_louvain_12,Endothelial Transcription Factors,70
JUN,Angiogenesis,Angiogenic Signalling,angiogenic_signalling_louvain_12,Endothelial Transcription Factors,70
JUNB,Angiogenesis,Angiogenic Signalling,angiogenic_signalling_louvain_12,Endothelial Transcription Factors,70
KLF2,Angiogenesis,Angiogenic Signalling,angiogenic_signalling_louvain_12,Endothelial Transcription Factors,70
KLF4,Angiogenesis,Angiogenic Signalling,angiogenic_signalling_louvain_12,Endothelial Transcription Factors,70
LEF1,Angiogenesis,Angiogenic Signalling,angiogenic_signalling_louvain_12,Endothelial Transcription Factors,70
MEF2C,Angiogenesis,Angiogenic Signalling,angiogenic_signalling_louvain_12,Endothelial Transcription Factors,70
MEOX2,Angiogenesis,Angiogenic Signalling,angiogenic_signalling_louvain_12,Endothelial Transcription Factors,70
MIR1-1,Angiogenesis,Angiogenic Signalling,angiogenic_signalling_louvain_12,Endothelial Transcription Factors,70
MIR200A,Angiogenesis,Angiogenic Signalling,angiogenic_signalling_louvain_12,Endothelial Transcription Factors,70
MIR200B,Angiogenesis,Angiogenic Signalling,angiogenic_signalling_louvain_12,Endothelial Transcription Factors,70
MIR200C,Angiogenesis,Angiogenic Signalling,angiogenic_signalling_louvain_12,Endothelial Transcription Factors,70
MIR205,Angiogenesis,Angiogenic Signalling,angiogenic_signalling_louvain_12,Endothelial Transcription Factors,70
MIR34A,Angiogenesis,Angiogenic Signalling,angiogenic_signalling_louvain_12,Endothelial Transcription Factors,70
MIR34B,Angiogenesis,Angiogenic Signalling,angiogenic_signalling_louvain_12,Endothelial Transcription Factors,70
MIR34C,Angiogenesis,Angiogenic Signalling,angiogenic_signalling_louvain_12,Endothelial Transcription Factors,70
MYOCD,Angiogenesis,Angiogenic Signalling,angiogenic_signalling_louvain_12,Endothelial Transcription Factors,70
NDRG2,Angiogenesis,Angiogenic Signalling,angiogenic_signalling_louvain_12,Endothelial Transcription Factors,70
NFATC2,Angiogenesis,Angiogenic Signalling,angiogenic_signalling_louvain_12,Endothelial Transcription Factors,70
NFATC4,Angiogenesis,Angiogenic Signalling,angiogenic_signalling_louvain_12,Endothelial Transcription Factors,70
NKX2-5,Angiogenesis,Angiogenic Signalling,angiogenic_signalling_louvain_12,Endothelial Transcription Factors,70
NODAL,Angiogenesis,Angiogenic Signalling,angiogenic_signalling_louvain_12,Endothelial Transcription Factors,70
NOTCH1,Angiogenesis,Angiogenic Signalling,angiogenic_signalling_louvain_12,Endothelial Transcription Factors,70
NR2E1,Angiogenesis,Angiogenic Signalling,angiogenic_signalling_louvain_12,Endothelial Transcription Factors,70
NR4A1,Angiogenesis,Angiogenic Signalling,angiogenic_signalling_louvain_12,Endothelial Transcription Factors,70
NR4A3,Angiogenesis,Angiogenic Signalling,angiogenic_signalling_louvain_12,Endothelial Transcription Factors,70
PATZ1,Angiogenesis,Angiogenic Signalling,angiogenic_signalling_louvain_12,Endothelial Transcription Factors,70
PITX2,Angiogenesis,Angiogenic Signalling,angiogenic_signalling_louvain_12,Endothelial Transcription Factors,70
PLEKHA1,Angiogenesis,Angiogenic Signalling,angiogenic_signalling_louvain_12,Endothelial Transcription Factors,70
PRDM14,Angiogenesis,Angiogenic Signalling,angiogenic_signalling_louvain_12,Endothelial Transcription Factors,70
RUNX2,Angiogenesis,Angiogenic Signalling,angiogenic_signalling_louvain_12,Endothelial Transcription Factors,70
SIRT1,Angiogenesis,Angiogenic Signalling,angiogenic_signalling_louvain_12,Endothelial Transcription Factors,70
SIRT6,Angiogenesis,Angiogenic Signalling,angiogenic_signalling_louvain_12,Endothelial Transcription Factors,70
SNAI2,Angiogenesis,Angiogenic Signalling,angiogenic_signalling_louvain_12,Endothelial Transcription Factors,70
SOX17,Angiogenesis,Angiogenic Signalling,angiogenic_signalling_louvain_12,Endothelial Transcription Factors,70
SRF,Angiogenesis,Angiogenic Signalling,angiogenic_signalling_louvain_12,Endothelial Transcription Factors,70
STK4,Angiogenesis,Angiogenic Signalling,angiogenic_signalling_louvain_12,Endothelial Transcription Factors,70
TBX2,Angiogenesis,Angiogenic Signalling,angiogenic_signalling_louvain_12,Endothelial Transcription Factors,70
TBX20,Angiogenesis,Angiogenic Signalling,angiogenic_signalling_louvain_12,Endothelial Transcription Factors,70
TBX5,Angiogenesis,Angiogenic Signalling,angiogenic_signalling_louvain_12,Endothelial Transcription Factors,70
TEAD2,Angiogenesis,Angiogenic Signalling,angiogenic_signalling_louvain_12,Endothelial Transcription Factors,70
THAP1,Angiogenesis,Angiogenic Signalling,angiogenic_signalling_louvain_12,Endothelial Transcription Factors,70
TIPARP,Angiogenesis,Angiogenic Signalling,angiogenic_signalling_louvain_12,Endothelial Transcription Factors,70
TRIM28,Angiogenesis,Angiogenic Signalling,angiogenic_signalling_louvain_12,Endothelial Transcription Factors,70
WT1,Angiogenesis,Angiogenic Signalling,angiogenic_signalling_louvain_12,Endothelial Transcription Factors,70
YAP1,Angiogenesis,Angiogenic Signalling,angiogenic_signalling_louvain_12,Endothelial Transcription Factors,70
ZEB2,Angiogenesis,Angiogenic Signalling,angiogenic_signalling_louvain_12,Endothelial Transcription Factors,70
ZFPM2,Angiogenesis,Angiogenic Signalling,angiogenic_signalling_louvain_12,Endothelial Transcription Factors,70
ZMIZ1,Angiogenesis,Angiogenic Signalling,angiogenic_signalling_louvain_12,Endothelial Transcription Factors,70
ZNF354C,Angiogenesis,Angiogenic Signalling,angiogenic_signalling_louvain_12,Endothelial Transcription Factors,70
ADAMTS12,Angiogenesis,Angiogenic Signalling,angiogenic_signalling_louvain_9,FGF/PDGF/HGF RTK Signalling,70
CEP57,Angiogenesis,Angiogenic Signalling,angiogenic_signalling_louvain_9,FGF/PDGF/HGF RTK Signalling,70
CSPG4,Angiogenesis,Angiogenic Signalling,angiogenic_signalling_louvain_9,FGF/PDGF/HGF RTK Signalling,70
DCN,Angiogenesis,Angiogenic Signalling,angiogenic_signalling_louvain_9,FGF/PDGF/HGF RTK Signalling,70
EFNA1,Angiogenesis,Angiogenic Signalling,angiogenic_signalling_louvain_9,FGF/PDGF/HGF RTK Signalling,70
EGF,Angiogenesis,Angiogenic Signalling,angiogenic_signalling_louvain_9,FGF/PDGF/HGF RTK Signalling,70
EPHA2,Angiogenesis,Angiogenic Signalling,angiogenic_signalling_louvain_9,FGF/PDGF/HGF RTK Signalling,70
EXT1,Angiogenesis,Angiogenic Signalling,angiogenic_signalling_louvain_9,FGF/PDGF/HGF RTK Signalling,70
FGF1,Angiogenesis,Angiogenic Signalling,angiogenic_signalling_louvain_9,FGF/PDGF/HGF RTK Signalling,70
FGF10,Angiogenesis,Angiogenic Signalling,angiogenic_signalling_louvain_9,FGF/PDGF/HGF RTK Signalling,70
FGF12,Angiogenesis,Angiogenic Signalling,angiogenic_signalling_louvain_9,FGF/PDGF/HGF RTK Signalling,70
FGF14,Angiogenesis,Angiogenic Signalling,angiogenic_signalling_louvain_9,FGF/PDGF/HGF RTK Signalling,70
FGF16,Angiogenesis,Angiogenic Signalling,angiogenic_signalling_louvain_9,FGF/PDGF/HGF RTK Signalling,70
FGF17,Angiogenesis,Angiogenic Signalling,angiogenic_signalling_louvain_9,FGF/PDGF/HGF RTK Signalling,70
FGF18,Angiogenesis,Angiogenic Signalling,angiogenic_signalling_louvain_9,FGF/PDGF/HGF RTK Signalling,70
FGF19,Angiogenesis,Angiogenic Signalling,angiogenic_signalling_louvain_9,FGF/PDGF/HGF RTK Signalling,70
FGF2,Angiogenesis,Angiogenic Signalling,angiogenic_signalling_louvain_9,FGF/PDGF/HGF RTK Signalling,70
FGF20,Angiogenesis,Angiogenic Signalling,angiogenic_signalling_louvain_9,FGF/PDGF/HGF RTK Signalling,70
FGF21,Angiogenesis,Angiogenic Signalling,angiogenic_signalling_louvain_9,FGF/PDGF/HGF RTK Signalling,70
FGF22,Angiogenesis,Angiogenic Signalling,angiogenic_signalling_louvain_9,FGF/PDGF/HGF RTK Signalling,70
FGF23,Angiogenesis,Angiogenic Signalling,angiogenic_signalling_louvain_9,FGF/PDGF/HGF RTK Signalling,70
FGF3,Angiogenesis,Angiogenic Signalling,angiogenic_signalling_louvain_9,FGF/PDGF/HGF RTK Signalling,70
FGF4,Angiogenesis,Angiogenic Signalling,angiogenic_signalling_louvain_9,FGF/PDGF/HGF RTK Signalling,70
FGF5,Angiogenesis,Angiogenic Signalling,angiogenic_signalling_louvain_9,FGF/PDGF/HGF RTK Signalling,70
FGF6,Angiogenesis,Angiogenic Signalling,angiogenic_signalling_louvain_9,FGF/PDGF/HGF RTK Signalling,70
FGF7,Angiogenesis,Angiogenic Signalling,angiogenic_signalling_louvain_9,FGF/PDGF/HGF RTK Signalling,70
FGF9,Angiogenesis,Angiogenic Signalling,angiogenic_signalling_louvain_9,FGF/PDGF/HGF RTK Signalling,70
FGFBP1,Angiogenesis,Angiogenic Signalling,angiogenic_signalling_louvain_9,FGF/PDGF/HGF RTK Signalling,70
FGFBP3,Angiogenesis,Angiogenic Signalling,angiogenic_signalling_louvain_9,FGF/PDGF/HGF RTK Signalling,70
FGFR1,Angiogenesis,Angiogenic Signalling,angiogenic_signalling_louvain_9,FGF/PDGF/HGF RTK Signalling,70
FGFR2,Angiogenesis,Angiogenic Signalling,angiogenic_signalling_louvain_9,FGF/PDGF/HGF RTK Signalling,70
FGFR3,Angiogenesis,Angiogenic Signalling,angiogenic_signalling_louvain_9,FGF/PDGF/HGF RTK Signalling,70
FGFR4,Angiogenesis,Angiogenic Signalling,angiogenic_signalling_louvain_9,FGF/PDGF/HGF RTK Signalling,70
FGFRL1,Angiogenesis,Angiogenic Signalling,angiogenic_signalling_louvain_9,FGF/PDGF/HGF RTK Signalling,70
FIBP,Angiogenesis,Angiogenic Signalling,angiogenic_signalling_louvain_9,FGF/PDGF/HGF RTK Signalling,70
FLRT1,Angiogenesis,Angiogenic Signalling,angiogenic_signalling_louvain_9,FGF/PDGF/HGF RTK Signalling,70
FLRT2,Angiogenesis,Angiogenic Signalling,angiogenic_signalling_louvain_9,FGF/PDGF/HGF RTK Signalling,70
FLRT3,Angiogenesis,Angiogenic Signalling,angiogenic_signalling_louvain_9,FGF/PDGF/HGF RTK Signalling,70
FRS2,Angiogenesis,Angiogenic Signalling,angiogenic_signalling_louvain_9,FGF/PDGF/HGF RTK Signalling,70
FRS3,Angiogenesis,Angiogenic Signalling,angiogenic_signalling_louvain_9,FGF/PDGF/HGF RTK Signalling,70
GAB1,Angiogenesis,Angiogenic Signalling,angiogenic_signalling_louvain_9,FGF/PDGF/HGF RTK Signalling,70
GALNT3,Angiogenesis,Angiogenic Signalling,angiogenic_signalling_louvain_9,FGF/PDGF/HGF RTK Signalling,70
GPC1,Angiogenesis,Angiogenic Signalling,angiogenic_signalling_louvain_9,FGF/PDGF/HGF RTK Signalling,70
HAS2,Angiogenesis,Angiogenic Signalling,angiogenic_signalling_louvain_9,FGF/PDGF/HGF RTK Signalling,70
HGF,Angiogenesis,Angiogenic Signalling,angiogenic_signalling_louvain_9,FGF/PDGF/HGF RTK Signalling,70
HPSE,Angiogenesis,Angiogenic Signalling,angiogenic_signalling_louvain_9,FGF/PDGF/HGF RTK Signalling,70
HSPG2,Angiogenesis,Angiogenic Signalling,angiogenic_signalling_louvain_9,FGF/PDGF/HGF RTK Signalling,70
IGF2,Angiogenesis,Angiogenic Signalling,angiogenic_signalling_louvain_9,FGF/PDGF/HGF RTK Signalling,70
KL,Angiogenesis,Angiogenic Signalling,angiogenic_signalling_louvain_9,FGF/PDGF/HGF RTK Signalling,70
KLB,Angiogenesis,Angiogenic Signalling,angiogenic_signalling_louvain_9,FGF/PDGF/HGF RTK Signalling,70
MDK,Angiogenesis,Angiogenic Signalling,angiogenic_signalling_louvain_9,FGF/PDGF/HGF RTK Signalling,70
MET,Angiogenesis,Angiogenic Signalling,angiogenic_signalling_louvain_9,FGF/PDGF/HGF RTK Signalling,70
MIR125A,Angiogenesis,Angiogenic Signalling,angiogenic_signalling_louvain_9,FGF/PDGF/HGF RTK Signalling,70
MIR29A,Angiogenesis,Angiogenic Signalling,angiogenic_signalling_louvain_9,FGF/PDGF/HGF RTK Signalling,70
MIR29C,Angiogenesis,Angiogenic Signalling,angiogenic_signalling_louvain_9,FGF/PDGF/HGF RTK Signalling,70
NDST1,Angiogenesis,Angiogenic Signalling,angiogenic_signalling_louvain_9,FGF/PDGF/HGF RTK Signalling,70
NGFR,Angiogenesis,Angiogenic Signalling,angiogenic_signalling_louvain_9,FGF/PDGF/HGF RTK Signalling,70
NPTN,Angiogenesis,Angiogenic Signalling,angiogenic_signalling_louvain_9,FGF/PDGF/HGF RTK Signalling,70
NTRK2,Angiogenesis,Angiogenic Signalling,angiogenic_signalling_louvain_9,FGF/PDGF/HGF RTK Signalling,70
PDGFA,Angiogenesis,Angiogenic Signalling,angiogenic_signalling_louvain_9,FGF/PDGF/HGF RTK Signalling,70
PDGFD,Angiogenesis,Angiogenic Signalling,angiogenic_signalling_louvain_9,FGF/PDGF/HGF RTK Signalling,70
PDGFRA,Angiogenesis,Angiogenic Signalling,angiogenic_signalling_louvain_9,FGF/PDGF/HGF RTK Signalling,70
PDGFRB,Angiogenesis,Angiogenic Signalling,angiogenic_signalling_louvain_9,FGF/PDGF/HGF RTK Signalling,70
PTN,Angiogenesis,Angiogenic Signalling,angiogenic_signalling_louvain_9,FGF/PDGF/HGF RTK Signalling,70
SHC2,Angiogenesis,Angiogenic Signalling,angiogenic_signalling_louvain_9,FGF/PDGF/HGF RTK Signalling,70
SPRY3,Angiogenesis,Angiogenic Signalling,angiogenic_signalling_louvain_9,FGF/PDGF/HGF RTK Signalling,70
SULF1,Angiogenesis,Angiogenic Signalling,angiogenic_signalling_louvain_9,FGF/PDGF/HGF RTK Signalling,70
SULF2,Angiogenesis,Angiogenic Signalling,angiogenic_signalling_louvain_9,FGF/PDGF/HGF RTK Signalling,70
TMSB4X,Angiogenesis,Angiogenic Signalling,angiogenic_signalling_louvain_9,FGF/PDGF/HGF RTK Signalling,70
TNFSF12,Angiogenesis,Angiogenic Signalling,angiogenic_signalling_louvain_9,FGF/PDGF/HGF RTK Signalling,70
ARID5B,Angiogenesis,Angiogenic Signalling,angiogenic_signalling_louvain_13,Hypoxia-Induced Integrated Stress Response,49
ARNT,Angiogenesis,Angiogenic Signalling,angiogenic_signalling_louvain_13,Hypoxia-Induced Integrated Stress Response,49
ASB4,Angiogenesis,Angiogenic Signalling,angiogenic_signalling_louvain_13,Hypoxia-Induced Integrated Stress Response,49
ATF4,Angiogenesis,Angiogenic Signalling,angiogenic_signalling_louvain_13,Hypoxia-Induced Integrated Stress Response,49
ATP5F1A,Angiogenesis,Angiogenic Signalling,angiogenic_signalling_louvain_13,Hypoxia-Induced Integrated Stress Response,49
ATP5F1B,Angiogenesis,Angiogenic Signalling,angiogenic_signalling_louvain_13,Hypoxia-Induced Integrated Stress Response,49
ATP5IF1,Angiogenesis,Angiogenic Signalling,angiogenic_signalling_louvain_13,Hypoxia-Induced Integrated Stress Response,49
BRCA1,Angiogenesis,Angiogenic Signalling,angiogenic_signalling_louvain_13,Hypoxia-Induced Integrated Stress Response,49
CUL7,Angiogenesis,Angiogenic Signalling,angiogenic_signalling_louvain_13,Hypoxia-Induced Integrated Stress Response,49
CYP1B1,Angiogenesis,Angiogenic Signalling,angiogenic_signalling_louvain_13,Hypoxia-Induced Integrated Stress Response,49
E2F2,Angiogenesis,Angiogenic Signalling,angiogenic_signalling_louvain_13,Hypoxia-Induced Integrated Stress Response,49
E2F7,Angiogenesis,Angiogenic Signalling,angiogenic_signalling_louvain_13,Hypoxia-Induced Integrated Stress Response,49
E2F8,Angiogenesis,Angiogenic Signalling,angiogenic_signalling_louvain_13,Hypoxia-Induced Integrated Stress Response,49
EGLN3,Angiogenesis,Angiogenic Signalling,angiogenic_signalling_louvain_13,Hypoxia-Induced Integrated Stress Response,49
EIF2AK3,Angiogenesis,Angiogenic Signalling,angiogenic_signalling_louvain_13,Hypoxia-Induced Integrated Stress Response,49
EMC10,Angiogenesis,Angiogenic Signalling,angiogenic_signalling_louvain_13,Hypoxia-Induced Integrated Stress Response,49
ERN1,Angiogenesis,Angiogenic Signalling,angiogenic_signalling_louvain_13,Hypoxia-Induced Integrated Stress Response,49
GLMN,Angiogenesis,Angiogenic Signalling,angiogenic_signalling_louvain_13,Hypoxia-Induced Integrated Stress Response,49
GLUL,Angiogenesis,Angiogenic Signalling,angiogenic_signalling_louvain_13,Hypoxia-Induced Integrated Stress Response,49
GPI,Angiogenesis,Angiogenic Signalling,angiogenic_signalling_louvain_13,Hypoxia-Induced Integrated Stress Response,49
HIF1A,Angiogenesis,Angiogenic Signalling,angiogenic_signalling_louvain_13,Hypoxia-Induced Integrated Stress Response,49
HIF1AN,Angiogenesis,Angiogenic Signalling,angiogenic_signalling_louvain_13,Hypoxia-Induced Integrated Stress Response,49
JMJD8,Angiogenesis,Angiogenic Signalling,angiogenic_signalling_louvain_13,Hypoxia-Induced Integrated Stress Response,49
MECP2,Angiogenesis,Angiogenic Signalling,angiogenic_signalling_louvain_13,Hypoxia-Induced Integrated Stress Response,49
MIR146A,Angiogenesis,Angiogenic Signalling,angiogenic_signalling_louvain_13,Hypoxia-Induced Integrated Stress Response,49
MIR20A,Angiogenesis,Angiogenic Signalling,angiogenic_signalling_louvain_13,Hypoxia-Induced Integrated Stress Response,49
MIR20B,Angiogenesis,Angiogenic Signalling,angiogenic_signalling_louvain_13,Hypoxia-Induced Integrated Stress Response,49
MYDGF,Angiogenesis,Angiogenic Signalling,angiogenic_signalling_louvain_13,Hypoxia-Induced Integrated Stress Response,49
NFE2L2,Angiogenesis,Angiogenic Signalling,angiogenic_signalling_louvain_13,Hypoxia-Induced Integrated Stress Response,49
NPR2,Angiogenesis,Angiogenic Signalling,angiogenic_signalling_louvain_13,Hypoxia-Induced Integrated Stress Response,49
PAXIP1,Angiogenesis,Angiogenic Signalling,angiogenic_signalling_louvain_13,Hypoxia-Induced Integrated Stress Response,49
PDCD6,Angiogenesis,Angiogenic Signalling,angiogenic_signalling_louvain_13,Hypoxia-Induced Integrated Stress Response,49
PDHA2,Angiogenesis,Angiogenic Signalling,angiogenic_signalling_louvain_13,Hypoxia-Induced Integrated Stress Response,49
PHF14,Angiogenesis,Angiogenic Signalling,angiogenic_signalling_louvain_13,Hypoxia-Induced Integrated Stress Response,49
PKM,Angiogenesis,Angiogenic Signalling,angiogenic_signalling_louvain_13,Hypoxia-Induced Integrated Stress Response,49
PPARG,Angiogenesis,Angiogenic Signalling,angiogenic_signalling_louvain_13,Hypoxia-Induced Integrated Stress Response,49
RBM15,Angiogenesis,Angiogenic Signalling,angiogenic_signalling_louvain_13,Hypoxia-Induced Integrated Stress Response,49
RELA,Angiogenesis,Angiogenic Signalling,angiogenic_signalling_louvain_13,Hypoxia-Induced Integrated Stress Response,49
RORA,Angiogenesis,Angiogenic Signalling,angiogenic_signalling_louvain_13,Hypoxia-Induced Integrated Stress Response,49
SHCBP1,Angiogenesis,Angiogenic Signalling,angiogenic_signalling_louvain_13,Hypoxia-Induced Integrated Stress Response,49
SP1,Angiogenesis,Angiogenic Signalling,angiogenic_signalling_louvain_13,Hypoxia-Induced Integrated Stress Response,49
STAT3,Angiogenesis,Angiogenic Signalling,angiogenic_signalling_louvain_13,Hypoxia-Induced Integrated Stress Response,49
STAT5A,Angiogenesis,Angiogenic Signalling,angiogenic_signalling_louvain_13,Hypoxia-Induced Integrated Stress Response,49
SYNE1,Angiogenesis,Angiogenic Signalling,angiogenic_signalling_louvain_13,Hypoxia-Induced Integrated Stress Response,49
TMEM201,Angiogenesis,Angiogenic Signalling,angiogenic_signalling_louvain_13,Hypoxia-Induced Integrated Stress Response,49
TXNIP,Angiogenesis,Angiogenic Signalling,angiogenic_signalling_louvain_13,Hypoxia-Induced Integrated Stress Response,49
VEGFA,Angiogenesis,Angiogenic Signalling,angiogenic_signalling_louvain_13,Hypoxia-Induced Integrated Stress Response,49
XBP1,Angiogenesis,Angiogenic Signalling,angiogenic_signalling_louvain_13,Hypoxia-Induced Integrated Stress Response,49
XRCC4,Angiogenesis,Angiogenic Signalling,angiogenic_signalling_louvain_13,Hypoxia-Induced Integrated Stress Response,49
ADIPOQ,Angiogenesis,Angiogenic Signalling,angiogenic_signalling_louvain_1,Lipoprotein Transport,21
APOA1,Angiogenesis,Angiogenic Signalling,angiogenic_signalling_louvain_1,Lipoprotein Transport,21
APOD,Angiogenesis,Angiogenic Signalling,angiogenic_signalling_louvain_1,Lipoprotein Transport,21
APOE,Angiogenesis,Angiogenic Signalling,angiogenic_signalling_louvain_1,Lipoprotein Transport,21
APP,Angiogenesis,Angiogenic Signalling,angiogenic_signalling_louvain_1,Lipoprotein Transport,21
CALR,Angiogenesis,Angiogenic Signalling,angiogenic_signalling_louvain_1,Lipoprotein Transport,21
CDH13,Angiogenesis,Angiogenic Signalling,angiogenic_signalling_louvain_1,Lipoprotein Transport,21
CLN3,Angiogenesis,Angiogenic Signalling,angiogenic_signalling_louvain_1,Lipoprotein Transport,21
FAM20C,Angiogenesis,Angiogenic Signalling,angiogenic_signalling_louvain_1,Lipoprotein Transport,21
GPX1,Angiogenesis,Angiogenic Signalling,angiogenic_signalling_louvain_1,Lipoprotein Transport,21
GRN,Angiogenesis,Angiogenic Signalling,angiogenic_signalling_louvain_1,Lipoprotein Transport,21
LGMN,Angiogenesis,Angiogenic Signalling,angiogenic_signalling_louvain_1,Lipoprotein Transport,21
LIPA,Angiogenesis,Angiogenic Signalling,angiogenic_signalling_louvain_1,Lipoprotein Transport,21
LRP1,Angiogenesis,Angiogenic Signalling,angiogenic_signalling_louvain_1,Lipoprotein Transport,21
NAXE,Angiogenesis,Angiogenic Signalling,angiogenic_signalling_louvain_1,Lipoprotein Transport,21
PNPO,Angiogenesis,Angiogenic Signalling,angiogenic_signalling_louvain_1,Lipoprotein Transport,21
PPARGC1A,Angiogenesis,Angiogenic Signalling,angiogenic_signalling_louvain_1,Lipoprotein Transport,21
PRSS3,Angiogenesis,Angiogenic Signalling,angiogenic_signalling_louvain_1,Lipoprotein Transport,21
SCARB1,Angiogenesis,Angiogenic Signalling,angiogenic_signalling_louvain_1,Lipoprotein Transport,21
SNCA,Angiogenesis,Angiogenic Signalling,angiogenic_signalling_louvain_1,Lipoprotein Transport,21
YJEFN3,Angiogenesis,Angiogenic Signalling,angiogenic_signalling_louvain_1,Lipoprotein Transport,21
ADGRA2,Angiogenesis,Angiogenic Signalling,angiogenic_signalling_louvain_8,Morphogenic Signalling,26
ADGRL2,Angiogenesis,Angiogenic Signalling,angiogenic_signalling_louvain_8,Morphogenic Signalling,26
BMP4,Angiogenesis,Angiogenic Signalling,angiogenic_signalling_louvain_8,Morphogenic Signalling,26
BMP6,Angiogenesis,Angiogenic Signalling,angiogenic_signalling_louvain_8,Morphogenic Signalling,26
EMP2,Angiogenesis,Angiogenic Signalling,angiogenic_signalling_louvain_8,Morphogenic Signalling,26
FGF8,Angiogenesis,Angiogenic Signalling,angiogenic_signalling_louvain_8,Morphogenic Signalling,26
FZD4,Angiogenesis,Angiogenic Signalling,angiogenic_signalling_louvain_8,Morphogenic Signalling,26
GBX2,Angiogenesis,Angiogenic Signalling,angiogenic_signalling_louvain_8,Morphogenic Signalling,26
GREM1,Angiogenesis,Angiogenic Signalling,angiogenic_signalling_louvain_8,Morphogenic Signalling,26
HHIP,Angiogenesis,Angiogenic Signalling,angiogenic_signalling_louvain_8,Morphogenic Signalling,26
HOXA13,Angiogenesis,Angiogenic Signalling,angiogenic_signalling_louvain_8,Morphogenic Signalling,26
IFT20,Angiogenesis,Angiogenic Signalling,angiogenic_signalling_louvain_8,Morphogenic Signalling,26
IFT80,Angiogenesis,Angiogenic Signalling,angiogenic_signalling_louvain_8,Morphogenic Signalling,26
IHH,Angiogenesis,Angiogenic Signalling,angiogenic_signalling_louvain_8,Morphogenic Signalling,26
KANK2,Angiogenesis,Angiogenic Signalling,angiogenic_signalling_louvain_8,Morphogenic Signalling,26
LRIT3,Angiogenesis,Angiogenic Signalling,angiogenic_signalling_louvain_8,Morphogenic Signalling,26
NOG,Angiogenesis,Angiogenic Signalling,angiogenic_signalling_louvain_8,Morphogenic Signalling,26
OFD1,Angiogenesis,Angiogenic Signalling,angiogenic_signalling_louvain_8,Morphogenic Signalling,26
OTX2,Angiogenesis,Angiogenic Signalling,angiogenic_signalling_louvain_8,Morphogenic Signalling,26
SFRP2,Angiogenesis,Angiogenic Signalling,angiogenic_signalling_louvain_8,Morphogenic Signalling,26
SHH,Angiogenesis,Angiogenic Signalling,angiogenic_signalling_louvain_8,Morphogenic Signalling,26
SMO,Angiogenesis,Angiogenic Signalling,angiogenic_signalling_louvain_8,Morphogenic Signalling,26
WNT4,Angiogenesis,Angiogenic Signalling,angiogenic_signalling_louvain_8,Morphogenic Signalling,26
WNT5A,Angiogenesis,Angiogenic Signalling,angiogenic_signalling_louvain_8,Morphogenic Signalling,26
WNT7A,Angiogenesis,Angiogenic Signalling,angiogenic_signalling_louvain_8,Morphogenic Signalling,26
WNT7B,Angiogenesis,Angiogenic Signalling,angiogenic_signalling_louvain_8,Morphogenic Signalling,26
AKT1,Angiogenesis,Angiogenic Signalling,angiogenic_signalling_louvain_6,PI3K/Akt/MAPK Signalling,58
AKT2,Angiogenesis,Angiogenic Signalling,angiogenic_signalling_louvain_6,PI3K/Akt/MAPK Signalling,58
AKT3,Angiogenesis,Angiogenic Signalling,angiogenic_signalling_louvain_6,PI3K/Akt/MAPK Signalling,58
CASP9,Angiogenesis,Angiogenic Signalling,angiogenic_signalling_louvain_6,PI3K/Akt/MAPK Signalling,58
CLIC3,Angiogenesis,Angiogenic Signalling,angiogenic_signalling_louvain_6,PI3K/Akt/MAPK Signalling,58
CORO1B,Angiogenesis,Angiogenic Signalling,angiogenic_signalling_louvain_6,PI3K/Akt/MAPK Signalling,58
CRKL,Angiogenesis,Angiogenic Signalling,angiogenic_signalling_louvain_6,PI3K/Akt/MAPK Signalling,58
CYBA,Angiogenesis,Angiogenic Signalling,angiogenic_signalling_louvain_6,PI3K/Akt/MAPK Signalling,58
DLG1,Angiogenesis,Angiogenic Signalling,angiogenic_signalling_louvain_6,PI3K/Akt/MAPK Signalling,58
EGFL8,Angiogenesis,Angiogenic Signalling,angiogenic_signalling_louvain_6,PI3K/Akt/MAPK Signalling,58
EHD4,Angiogenesis,Angiogenic Signalling,angiogenic_signalling_louvain_6,PI3K/Akt/MAPK Signalling,58
EZR,Angiogenesis,Angiogenic Signalling,angiogenic_signalling_louvain_6,PI3K/Akt/MAPK Signalling,58
FKBPL,Angiogenesis,Angiogenic Signalling,angiogenic_signalling_louvain_6,PI3K/Akt/MAPK Signalling,58
GRB2,Angiogenesis,Angiogenic Signalling,angiogenic_signalling_louvain_6,PI3K/Akt/MAPK Signalling,58
HSPB1,Angiogenesis,Angiogenic Signalling,angiogenic_signalling_louvain_6,PI3K/Akt/MAPK Signalling,58
JAK1,Angiogenesis,Angiogenic Signalling,angiogenic_signalling_louvain_6,PI3K/Akt/MAPK Signalling,58
JAK2,Angiogenesis,Angiogenic Signalling,angiogenic_signalling_louvain_6,PI3K/Akt/MAPK Signalling,58
KIF16B,Angiogenesis,Angiogenic Signalling,angiogenic_signalling_louvain_6,PI3K/Akt/MAPK Signalling,58
MAP2K3,Angiogenesis,Angiogenic Signalling,angiogenic_signalling_louvain_6,PI3K/Akt/MAPK Signalling,58
MAP2K5,Angiogenesis,Angiogenic Signalling,angiogenic_signalling_louvain_6,PI3K/Akt/MAPK Signalling,58
MAPK1,Angiogenesis,Angiogenic Signalling,angiogenic_signalling_louvain_6,PI3K/Akt/MAPK Signalling,58
MAPK11,Angiogenesis,Angiogenic Signalling,angiogenic_signalling_louvain_6,PI3K/Akt/MAPK Signalling,58
MAPK12,Angiogenesis,Angiogenic Signalling,angiogenic_signalling_louvain_6,PI3K/Akt/MAPK Signalling,58
MAPK13,Angiogenesis,Angiogenic Signalling,angiogenic_signalling_louvain_6,PI3K/Akt/MAPK Signalling,58
MAPK14,Angiogenesis,Angiogenic Signalling,angiogenic_signalling_louvain_6,PI3K/Akt/MAPK Signalling,58
MAPK3,Angiogenesis,Angiogenic Signalling,angiogenic_signalling_louvain_6,PI3K/Akt/MAPK Signalling,58
MAPKAPK2,Angiogenesis,Angiogenic Signalling,angiogenic_signalling_louvain_6,PI3K/Akt/MAPK Signalling,58
MAPKAPK3,Angiogenesis,Angiogenic Signalling,angiogenic_signalling_louvain_6,PI3K/Akt/MAPK Signalling,58
MICALL1,Angiogenesis,Angiogenic Signalling,angiogenic_signalling_louvain_6,PI3K/Akt/MAPK Signalling,58
MIR126,Angiogenesis,Angiogenic Signalling,angiogenic_signalling_louvain_6,PI3K/Akt/MAPK Signalling,58
MIR17,Angiogenesis,Angiogenic Signalling,angiogenic_signalling_louvain_6,PI3K/Akt/MAPK Signalling,58
MIR23A,Angiogenesis,Angiogenic Signalling,angiogenic_signalling_louvain_6,PI3K/Akt/MAPK Signalling,58
MSN,Angiogenesis,Angiogenic Signalling,angiogenic_signalling_louvain_6,PI3K/Akt/MAPK Signalling,58
P3R3URF-PIK3R3,Angiogenesis,Angiogenic Signalling,angiogenic_signalling_louvain_6,PI3K/Akt/MAPK Signalling,58
PACSIN2,Angiogenesis,Angiogenic Signalling,angiogenic_signalling_louvain_6,PI3K/Akt/MAPK Signalling,58
PDPK1,Angiogenesis,Angiogenic Signalling,angiogenic_signalling_louvain_6,PI3K/Akt/MAPK Signalling,58
PIK3C2A,Angiogenesis,Angiogenic Signalling,angiogenic_signalling_louvain_6,PI3K/Akt/MAPK Signalling,58
PIK3CA,Angiogenesis,Angiogenic Signalling,angiogenic_signalling_louvain_6,PI3K/Akt/MAPK Signalling,58
PIK3CB,Angiogenesis,Angiogenic Signalling,angiogenic_signalling_louvain_6,PI3K/Akt/MAPK Signalling,58
PIK3CD,Angiogenesis,Angiogenic Signalling,angiogenic_signalling_louvain_6,PI3K/Akt/MAPK Signalling,58
PIK3CG,Angiogenesis,Angiogenic Signalling,angiogenic_signalling_louvain_6,PI3K/Akt/MAPK Signalling,58
PIK3R1,Angiogenesis,Angiogenic Signalling,angiogenic_signalling_louvain_6,PI3K/Akt/MAPK Signalling,58
PIK3R2,Angiogenesis,Angiogenic Signalling,angiogenic_signalling_louvain_6,PI3K/Akt/MAPK Signalling,58
PIK3R3,Angiogenesis,Angiogenic Signalling,angiogenic_signalling_louvain_6,PI3K/Akt/MAPK Signalling,58
PPP1R16B,Angiogenesis,Angiogenic Signalling,angiogenic_signalling_louvain_6,PI3K/Akt/MAPK Signalling,58
PTPN1,Angiogenesis,Angiogenic Signalling,angiogenic_signalling_louvain_6,PI3K/Akt/MAPK Signalling,58
PTPN11,Angiogenesis,Angiogenic Signalling,angiogenic_signalling_louvain_6,PI3K/Akt/MAPK Signalling,58
PTPN2,Angiogenesis,Angiogenic Signalling,angiogenic_signalling_louvain_6,PI3K/Akt/MAPK Signalling,58
PTPRJ,Angiogenesis,Angiogenic Signalling,angiogenic_signalling_louvain_6,PI3K/Akt/MAPK Signalling,58
RAB13,Angiogenesis,Angiogenic Signalling,angiogenic_signalling_louvain_6,PI3K/Akt/MAPK Signalling,58
RAB14,Angiogenesis,Angiogenic Signalling,angiogenic_signalling_louvain_6,PI3K/Akt/MAPK Signalling,58
RGCC,Angiogenesis,Angiogenic Signalling,angiogenic_signalling_louvain_6,PI3K/Akt/MAPK Signalling,58
RICTOR,Angiogenesis,Angiogenic Signalling,angiogenic_signalling_louvain_6,PI3K/Akt/MAPK Signalling,58
RPTOR,Angiogenesis,Angiogenic Signalling,angiogenic_signalling_louvain_6,PI3K/Akt/MAPK Signalling,58
SH2D2A,Angiogenesis,Angiogenic Signalling,angiogenic_signalling_louvain_6,PI3K/Akt/MAPK Signalling,58
STMN1,Angiogenesis,Angiogenic Signalling,angiogenic_signalling_louvain_6,PI3K/Akt/MAPK Signalling,58
VIM,Angiogenesis,Angiogenic Signalling,angiogenic_signalling_louvain_6,PI3K/Akt/MAPK Signalling,58
ZFP36L1,Angiogenesis,Angiogenic Signalling,angiogenic_signalling_louvain_6,PI3K/Akt/MAPK Signalling,58
ALOX5,Angiogenesis,Angiogenic Signalling,angiogenic_signalling_louvain_5,Phospholipid Signalling,44
ATOH8,Angiogenesis,Angiogenic Signalling,angiogenic_signalling_louvain_5,Phospholipid Signalling,44
ATP2B4,Angiogenesis,Angiogenic Signalling,angiogenic_signalling_louvain_5,Phospholipid Signalling,44
BAD,Angiogenesis,Angiogenic Signalling,angiogenic_signalling_louvain_5,Phospholipid Signalling,44
CARD10,Angiogenesis,Angiogenic Signalling,angiogenic_signalling_louvain_5,Phospholipid Signalling,44
CREB3L1,Angiogenesis,Angiogenic Signalling,angiogenic_signalling_louvain_5,Phospholipid Signalling,44
FUT1,Angiogenesis,Angiogenic Signalling,angiogenic_signalling_louvain_5,Phospholipid Signalling,44
FUT2,Angiogenesis,Angiogenic Signalling,angiogenic_signalling_louvain_5,Phospholipid Signalling,44
GNA13,Angiogenesis,Angiogenic Signalling,angiogenic_signalling_louvain_5,Phospholipid Signalling,44
GPLD1,Angiogenesis,Angiogenic Signalling,angiogenic_signalling_louvain_5,Phospholipid Signalling,44
JMJD7-PLA2G4B,Angiogenesis,Angiogenic Signalling,angiogenic_signalling_louvain_5,Phospholipid Signalling,44
MIR101-1,Angiogenesis,Angiogenic Signalling,angiogenic_signalling_louvain_5,Phospholipid Signalling,44
MIR10A,Angiogenesis,Angiogenic Signalling,angiogenic_signalling_louvain_5,Phospholipid Signalling,44
MIR10B,Angiogenesis,Angiogenic Signalling,angiogenic_signalling_louvain_5,Phospholipid Signalling,44
MIR129-1,Angiogenesis,Angiogenic Signalling,angiogenic_signalling_louvain_5,Phospholipid Signalling,44
MIR143,Angiogenesis,Angiogenic Signalling,angiogenic_signalling_louvain_5,Phospholipid Signalling,44
MIR30A,Angiogenesis,Angiogenic Signalling,angiogenic_signalling_louvain_5,Phospholipid Signalling,44
MIR30B,Angiogenesis,Angiogenic Signalling,angiogenic_signalling_louvain_5,Phospholipid Signalling,44
MIR30C1,Angiogenesis,Angiogenic Signalling,angiogenic_signalling_louvain_5,Phospholipid Signalling,44
MIR30E,Angiogenesis,Angiogenic Signalling,angiogenic_signalling_louvain_5,Phospholipid Signalling,44
NHERF1,Angiogenesis,Angiogenic Signalling,angiogenic_signalling_louvain_5,Phospholipid Signalling,44
PLA2G4A,Angiogenesis,Angiogenic Signalling,angiogenic_signalling_louvain_5,Phospholipid Signalling,44
PLA2G4B,Angiogenesis,Angiogenic Signalling,angiogenic_signalling_louvain_5,Phospholipid Signalling,44
PLA2G4C,Angiogenesis,Angiogenic Signalling,angiogenic_signalling_louvain_5,Phospholipid Signalling,44
PLA2G4D,Angiogenesis,Angiogenic Signalling,angiogenic_signalling_louvain_5,Phospholipid Signalling,44
PLA2G4E,Angiogenesis,Angiogenic Signalling,angiogenic_signalling_louvain_5,Phospholipid Signalling,44
PLA2G4F,Angiogenesis,Angiogenic Signalling,angiogenic_signalling_louvain_5,Phospholipid Signalling,44
PLCG1,Angiogenesis,Angiogenic Signalling,angiogenic_signalling_louvain_5,Phospholipid Signalling,44
PLCG2,Angiogenesis,Angiogenic Signalling,angiogenic_signalling_louvain_5,Phospholipid Signalling,44
PLPP3,Angiogenesis,Angiogenic Signalling,angiogenic_signalling_louvain_5,Phospholipid Signalling,44
PPP3CA,Angiogenesis,Angiogenic Signalling,angiogenic_signalling_louvain_5,Phospholipid Signalling,44
PPP3CB,Angiogenesis,Angiogenic Signalling,angiogenic_signalling_louvain_5,Phospholipid Signalling,44
PPP3CC,Angiogenesis,Angiogenic Signalling,angiogenic_signalling_louvain_5,Phospholipid Signalling,44
PPP3R1,Angiogenesis,Angiogenic Signalling,angiogenic_signalling_louvain_5,Phospholipid Signalling,44
PPP3R2,Angiogenesis,Angiogenic Signalling,angiogenic_signalling_louvain_5,Phospholipid Signalling,44
PRKCA,Angiogenesis,Angiogenic Signalling,angiogenic_signalling_louvain_5,Phospholipid Signalling,44
PRKCB,Angiogenesis,Angiogenic Signalling,angiogenic_signalling_louvain_5,Phospholipid Signalling,44
PRKCG,Angiogenesis,Angiogenic Signalling,angiogenic_signalling_louvain_5,Phospholipid Signalling,44
PRKD1,Angiogenesis,Angiogenic Signalling,angiogenic_signalling_louvain_5,Phospholipid Signalling,44
PRKD2,Angiogenesis,Angiogenic Signalling,angiogenic_signalling_louvain_5,Phospholipid Signalling,44
SGPL1,Angiogenesis,Angiogenic Signalling,angiogenic_signalling_louvain_5,Phospholipid Signalling,44
SMPD3,Angiogenesis,Angiogenic Signalling,angiogenic_signalling_louvain_5,Phospholipid Signalling,44
SPHK1,Angiogenesis,Angiogenic Signalling,angiogenic_signalling_louvain_5,Phospholipid Signalling,44
SPHK2,Angiogenesis,Angiogenic Signalling,angiogenic_signalling_louvain_5,Phospholipid Signalling,44
AGGF1,Angiogenesis,Angiogenic Signalling,angiogenic_signalling_louvain_4,Ras/MAPK Signalling,29
DAB2IP,Angiogenesis,Angiogenic Signalling,angiogenic_signalling_louvain_4,Ras/MAPK Signalling,29
HRAS,Angiogenesis,Angiogenic Signalling,angiogenic_signalling_louvain_4,Ras/MAPK Signalling,29
KRAS,Angiogenesis,Angiogenic Signalling,angiogenic_signalling_louvain_4,Ras/MAPK Signalling,29
MAP2K1,Angiogenesis,Angiogenic Signalling,angiogenic_signalling_louvain_4,Ras/MAPK Signalling,29
MAP2K2,Angiogenesis,Angiogenic Signalling,angiogenic_signalling_louvain_4,Ras/MAPK Signalling,29
MIR107,Angiogenesis,Angiogenic Signalling,angiogenic_signalling_louvain_4,Ras/MAPK Signalling,29
MIR18A,Angiogenesis,Angiogenic Signalling,angiogenic_signalling_louvain_4,Ras/MAPK Signalling,29
MIR195,Angiogenesis,Angiogenic Signalling,angiogenic_signalling_louvain_4,Ras/MAPK Signalling,29
MIR98,Angiogenesis,Angiogenic Signalling,angiogenic_signalling_louvain_4,Ras/MAPK Signalling,29
MIRLET7A1,Angiogenesis,Angiogenic Signalling,angiogenic_signalling_louvain_4,Ras/MAPK Signalling,29
MIRLET7B,Angiogenesis,Angiogenic Signalling,angiogenic_signalling_louvain_4,Ras/MAPK Signalling,29
MIRLET7F1,Angiogenesis,Angiogenic Signalling,angiogenic_signalling_louvain_4,Ras/MAPK Signalling,29
MUC20,Angiogenesis,Angiogenic Signalling,angiogenic_signalling_louvain_4,Ras/MAPK Signalling,29
NDRG4,Angiogenesis,Angiogenic Signalling,angiogenic_signalling_louvain_4,Ras/MAPK Signalling,29
NF1,Angiogenesis,Angiogenic Signalling,angiogenic_signalling_louvain_4,Ras/MAPK Signalling,29
NRAS,Angiogenesis,Angiogenic Signalling,angiogenic_signalling_louvain_4,Ras/MAPK Signalling,29
QKI,Angiogenesis,Angiogenic Signalling,angiogenic_signalling_louvain_4,Ras/MAPK Signalling,29
RAF1,Angiogenesis,Angiogenic Signalling,angiogenic_signalling_louvain_4,Ras/MAPK Signalling,29
RAP1A,Angiogenesis,Angiogenic Signalling,angiogenic_signalling_louvain_4,Ras/MAPK Signalling,29
RAPGEF2,Angiogenesis,Angiogenic Signalling,angiogenic_signalling_louvain_4,Ras/MAPK Signalling,29
RASA1,Angiogenesis,Angiogenic Signalling,angiogenic_signalling_louvain_4,Ras/MAPK Signalling,29
RGS14,Angiogenesis,Angiogenic Signalling,angiogenic_signalling_louvain_4,Ras/MAPK Signalling,29
RIN2,Angiogenesis,Angiogenic Signalling,angiogenic_signalling_louvain_4,Ras/MAPK Signalling,29
RRAS,Angiogenesis,Angiogenic Signalling,angiogenic_signalling_louvain_4,Ras/MAPK Signalling,29
SHOC2,Angiogenesis,Angiogenic Signalling,angiogenic_signalling_louvain_4,Ras/MAPK Signalling,29
SOS1,Angiogenesis,Angiogenic Signalling,angiogenic_signalling_louvain_4,Ras/MAPK Signalling,29
SPRED1,Angiogenesis,Angiogenic Signalling,angiogenic_signalling_louvain_4,Ras/MAPK Signalling,29
TRIM71,Angiogenesis,Angiogenic Signalling,angiogenic_signalling_louvain_4,Ras/MAPK Signalling,29
CBL,Angiogenesis,Angiogenic Signalling,angiogenic_signalling_louvain_10,Ubiquitin-Mediated Receptor Turnover,21
CBLB,Angiogenesis,Angiogenic Signalling,angiogenic_signalling_louvain_10,Ubiquitin-Mediated Receptor Turnover,21
EPN1,Angiogenesis,Angiogenic Signalling,angiogenic_signalling_louvain_10,Ubiquitin-Mediated Receptor Turnover,21
EPN2,Angiogenesis,Angiogenic Signalling,angiogenic_signalling_louvain_10,Ubiquitin-Mediated Receptor Turnover,21
GFUS,Angiogenesis,Angiogenic Signalling,angiogenic_signalling_louvain_10,Ubiquitin-Mediated Receptor Turnover,21
HGS,Angiogenesis,Angiogenic Signalling,angiogenic_signalling_louvain_10,Ubiquitin-Mediated Receptor Turnover,21
HIP1,Angiogenesis,Angiogenic Signalling,angiogenic_signalling_louvain_10,Ubiquitin-Mediated Receptor Turnover,21
HIP1R,Angiogenesis,Angiogenic Signalling,angiogenic_signalling_louvain_10,Ubiquitin-Mediated Receptor Turnover,21
JCAD,Angiogenesis,Angiogenic Signalling,angiogenic_signalling_louvain_10,Ubiquitin-Mediated Receptor Turnover,21
OTULIN,Angiogenesis,Angiogenic Signalling,angiogenic_signalling_louvain_10,Ubiquitin-Mediated Receptor Turnover,21
POLD4,Angiogenesis,Angiogenic Signalling,angiogenic_signalling_louvain_10,Ubiquitin-Mediated Receptor Turnover,21
RPS27A,Angiogenesis,Angiogenic Signalling,angiogenic_signalling_louvain_10,Ubiquitin-Mediated Receptor Turnover,21
RSPO3,Angiogenesis,Angiogenic Signalling,angiogenic_signalling_louvain_10,Ubiquitin-Mediated Receptor Turnover,21
SPRY1,Angiogenesis,Angiogenic Signalling,angiogenic_signalling_louvain_10,Ubiquitin-Mediated Receptor Turnover,21
SPRY2,Angiogenesis,Angiogenic Signalling,angiogenic_signalling_louvain_10,Ubiquitin-Mediated Receptor Turnover,21
SPRY4,Angiogenesis,Angiogenic Signalling,angiogenic_signalling_louvain_10,Ubiquitin-Mediated Receptor Turnover,21
UBA52,Angiogenesis,Angiogenic Signalling,angiogenic_signalling_louvain_10,Ubiquitin-Mediated Receptor Turnover,21
UBB,Angiogenesis,Angiogenic Signalling,angiogenic_signalling_louvain_10,Ubiquitin-Mediated Receptor Turnover,21
UBC,Angiogenesis,Angiogenic Signalling,angiogenic_signalling_louvain_10,Ubiquitin-Mediated Receptor Turnover,21
UBE2L3,Angiogenesis,Angiogenic Signalling,angiogenic_signalling_louvain_10,Ubiquitin-Mediated Receptor Turnover,21
ZFAND5,Angiogenesis,Angiogenic Signalling,angiogenic_signalling_louvain_10,Ubiquitin-Mediated Receptor Turnover,21
ADAMTS3,Angiogenesis,Angiogenic Signalling,angiogenic_signalling_louvain_11,Vascular Matrix Remodelling,49
ADAMTS9,Angiogenesis,Angiogenic Signalling,angiogenic_signalling_louvain_11,Vascular Matrix Remodelling,49
BCAR1,Angiogenesis,Angiogenic Signalling,angiogenic_signalling_louvain_11,Vascular Matrix Remodelling,49
CAV2,Angiogenesis,Angiogenic Signalling,angiogenic_signalling_louvain_11,Vascular Matrix Remodelling,49
CCN2,Angiogenesis,Angiogenic Signalling,angiogenic_signalling_louvain_11,Vascular Matrix Remodelling,49
CCN3,Angiogenesis,Angiogenic Signalling,angiogenic_signalling_louvain_11,Vascular Matrix Remodelling,49
CEACAM1,Angiogenesis,Angiogenic Signalling,angiogenic_signalling_louvain_11,Vascular Matrix Remodelling,49
CNMD,Angiogenesis,Angiogenic Signalling,angiogenic_signalling_louvain_11,Vascular Matrix Remodelling,49
COL4A1,Angiogenesis,Angiogenic Signalling,angiogenic_signalling_louvain_11,Vascular Matrix Remodelling,49
COL4A3,Angiogenesis,Angiogenic Signalling,angiogenic_signalling_louvain_11,Vascular Matrix Remodelling,49
COL8A1,Angiogenesis,Angiogenic Signalling,angiogenic_signalling_louvain_11,Vascular Matrix Remodelling,49
COL8A2,Angiogenesis,Angiogenic Signalling,angiogenic_signalling_louvain_11,Vascular Matrix Remodelling,49
ECM1,Angiogenesis,Angiogenic Signalling,angiogenic_signalling_louvain_11,Vascular Matrix Remodelling,49
FAP,Angiogenesis,Angiogenic Signalling,angiogenic_signalling_louvain_11,Vascular Matrix Remodelling,49
FN1,Angiogenesis,Angiogenic Signalling,angiogenic_signalling_louvain_11,Vascular Matrix Remodelling,49
FSTL1,Angiogenesis,Angiogenic Signalling,angiogenic_signalling_louvain_11,Vascular Matrix Remodelling,49
ITGA4,Angiogenesis,Angiogenic Signalling,angiogenic_signalling_louvain_11,Vascular Matrix Remodelling,49
ITGA5,Angiogenesis,Angiogenic Signalling,angiogenic_signalling_louvain_11,Vascular Matrix Remodelling,49
ITGAV,Angiogenesis,Angiogenic Signalling,angiogenic_signalling_louvain_11,Vascular Matrix Remodelling,49
ITGB1,Angiogenesis,Angiogenic Signalling,angiogenic_signalling_louvain_11,Vascular Matrix Remodelling,49
ITGB2,Angiogenesis,Angiogenic Signalling,angiogenic_signalling_louvain_11,Vascular Matrix Remodelling,49
ITGB3,Angiogenesis,Angiogenic Signalling,angiogenic_signalling_louvain_11,Vascular Matrix Remodelling,49
ITGB8,Angiogenesis,Angiogenic Signalling,angiogenic_signalling_louvain_11,Vascular Matrix Remodelling,49
LGALS8,Angiogenesis,Angiogenic Signalling,angiogenic_signalling_louvain_11,Vascular Matrix Remodelling,49
LOX,Angiogenesis,Angiogenic Signalling,angiogenic_signalling_louvain_11,Vascular Matrix Remodelling,49
LOXL2,Angiogenesis,Angiogenic Signalling,angiogenic_signalling_louvain_11,Vascular Matrix Remodelling,49
LPXN,Angiogenesis,Angiogenic Signalling,angiogenic_signalling_louvain_11,Vascular Matrix Remodelling,49
MIR19A,Angiogenesis,Angiogenic Signalling,angiogenic_signalling_louvain_11,Vascular Matrix Remodelling,49
MIR19B1,Angiogenesis,Angiogenic Signalling,angiogenic_signalling_louvain_11,Vascular Matrix Remodelling,49
MIR31,Angiogenesis,Angiogenic Signalling,angiogenic_signalling_louvain_11,Vascular Matrix Remodelling,49
MMP14,Angiogenesis,Angiogenic Signalling,angiogenic_signalling_louvain_11,Vascular Matrix Remodelling,49
MMRN1,Angiogenesis,Angiogenic Signalling,angiogenic_signalling_louvain_11,Vascular Matrix Remodelling,49
PARVA,Angiogenesis,Angiogenic Signalling,angiogenic_signalling_louvain_11,Vascular Matrix Remodelling,49
PTK2,Angiogenesis,Angiogenic Signalling,angiogenic_signalling_louvain_11,Vascular Matrix Remodelling,49
PTK2B,Angiogenesis,Angiogenic Signalling,angiogenic_signalling_louvain_11,Vascular Matrix Remodelling,49
PTP4A3,Angiogenesis,Angiogenic Signalling,angiogenic_signalling_louvain_11,Vascular Matrix Remodelling,49
PTPN12,Angiogenesis,Angiogenic Signalling,angiogenic_signalling_louvain_11,Vascular Matrix Remodelling,49
PXN,Angiogenesis,Angiogenic Signalling,angiogenic_signalling_louvain_11,Vascular Matrix Remodelling,49
RECK,Angiogenesis,Angiogenic Signalling,angiogenic_signalling_louvain_11,Vascular Matrix Remodelling,49
SMOC2,Angiogenesis,Angiogenic Signalling,angiogenic_signalling_louvain_11,Vascular Matrix Remodelling,49
SPARC,Angiogenesis,Angiogenic Signalling,angiogenic_signalling_louvain_11,Vascular Matrix Remodelling,49
SPP1,Angiogenesis,Angiogenic Signalling,angiogenic_signalling_louvain_11,Vascular Matrix Remodelling,49
SRPX2,Angiogenesis,Angiogenic Signalling,angiogenic_signalling_louvain_11,Vascular Matrix Remodelling,49
TGM2,Angiogenesis,Angiogenic Signalling,angiogenic_signalling_louvain_11,Vascular Matrix Remodelling,49
THBS1,Angiogenesis,Angiogenic Signalling,angiogenic_signalling_louvain_11,Vascular Matrix Remodelling,49
THBS4,Angiogenesis,Angiogenic Signalling,angiogenic_signalling_louvain_11,Vascular Matrix Remodelling,49
TNMD,Angiogenesis,Angiogenic Signalling,angiogenic_signalling_louvain_11,Vascular Matrix Remodelling,49
TNN,Angiogenesis,Angiogenic Signalling,angiogenic_signalling_louvain_11,Vascular Matrix Remodelling,49
VTN,Angiogenesis,Angiogenic Signalling,angiogenic_signalling_louvain_11,Vascular Matrix Remodelling,49
AAMP,Angiogenesis,Angiogenic Signalling,angiogenic_signalling_louvain_0,Vasoactive GPCR Signalling,34
ADGRG6,Angiogenesis,Angiogenic Signalling,angiogenic_signalling_louvain_0,Vasoactive GPCR Signalling,34
ADM,Angiogenesis,Angiogenic Signalling,angiogenic_signalling_louvain_0,Vasoactive GPCR Signalling,34
ADORA2B,Angiogenesis,Angiogenic Signalling,angiogenic_signalling_louvain_0,Vasoactive GPCR Signalling,34
AGT,Angiogenesis,Angiogenic Signalling,angiogenic_signalling_louvain_0,Vasoactive GPCR Signalling,34
AGTR1,Angiogenesis,Angiogenic Signalling,angiogenic_signalling_louvain_0,Vasoactive GPCR Signalling,34
AGTR2,Angiogenesis,Angiogenic Signalling,angiogenic_signalling_louvain_0,Vasoactive GPCR Signalling,34
APELA,Angiogenesis,Angiogenic Signalling,angiogenic_signalling_louvain_0,Vasoactive GPCR Signalling,34
APLN,Angiogenesis,Angiogenic Signalling,angiogenic_signalling_louvain_0,Vasoactive GPCR Signalling,34
APLNR,Angiogenesis,Angiogenic Signalling,angiogenic_signalling_louvain_0,Vasoactive GPCR Signalling,34
CALCA,Angiogenesis,Angiogenic Signalling,angiogenic_signalling_louvain_0,Vasoactive GPCR Signalling,34
DAB2,Angiogenesis,Angiogenic Signalling,angiogenic_signalling_louvain_0,Vasoactive GPCR Signalling,34
DBH,Angiogenesis,Angiogenic Signalling,angiogenic_signalling_louvain_0,Vasoactive GPCR Signalling,34
EDN1,Angiogenesis,Angiogenic Signalling,angiogenic_signalling_louvain_0,Vasoactive GPCR Signalling,34
EDN2,Angiogenesis,Angiogenic Signalling,angiogenic_signalling_louvain_0,Vasoactive GPCR Signalling,34
EDNRA,Angiogenesis,Angiogenic Signalling,angiogenic_signalling_louvain_0,Vasoactive GPCR Signalling,34
EGFR,Angiogenesis,Angiogenic Signalling,angiogenic_signalling_louvain_0,Vasoactive GPCR Signalling,34
FSHR,Angiogenesis,Angiogenic Signalling,angiogenic_signalling_louvain_0,Vasoactive GPCR Signalling,34
GHRL,Angiogenesis,Angiogenic Signalling,angiogenic_signalling_louvain_0,Vasoactive GPCR Signalling,34
GHSR,Angiogenesis,Angiogenic Signalling,angiogenic_signalling_louvain_0,Vasoactive GPCR Signalling,34
HTR2B,Angiogenesis,Angiogenic Signalling,angiogenic_signalling_louvain_0,Vasoactive GPCR Signalling,34
LEP,Angiogenesis,Angiogenic Signalling,angiogenic_signalling_louvain_0,Vasoactive GPCR Signalling,34
LRIG2,Angiogenesis,Angiogenic Signalling,angiogenic_signalling_louvain_0,Vasoactive GPCR Signalling,34
PRKG1,Angiogenesis,Angiogenic Signalling,angiogenic_signalling_louvain_0,Vasoactive GPCR Signalling,34
PRKX,Angiogenesis,Angiogenic Signalling,angiogenic_signalling_louvain_0,Vasoactive GPCR Signalling,34
PRL,Angiogenesis,Angiogenic Signalling,angiogenic_signalling_louvain_0,Vasoactive GPCR Signalling,34
PROK1,Angiogenesis,Angiogenic Signalling,angiogenic_signalling_louvain_0,Vasoactive GPCR Signalling,34
PROK2,Angiogenesis,Angiogenic Signalling,angiogenic_signalling_louvain_0,Vasoactive GPCR Signalling,34
PTGIR,Angiogenesis,Angiogenic Signalling,angiogenic_signalling_louvain_0,Vasoactive GPCR Signalling,34
RAMP2,Angiogenesis,Angiogenic Signalling,angiogenic_signalling_louvain_0,Vasoactive GPCR Signalling,34
SCG2,Angiogenesis,Angiogenic Signalling,angiogenic_signalling_louvain_0,Vasoactive GPCR Signalling,34
SST,Angiogenesis,Angiogenic Signalling,angiogenic_signalling_louvain_0,Vasoactive GPCR Signalling,34
STON1,Angiogenesis,Angiogenic Signalling,angiogenic_signalling_louvain_0,Vasoactive GPCR Signalling,34
TBXA2R,Angiogenesis,Angiogenic Signalling,angiogenic_signalling_louvain_0,Vasoactive GPCR Signalling,34
ACVR1,Angiogenesis,Endothelial Cell Signature,endothelial_cell_signature_louvain_10,BMP/ALK1 Signalling,55
ACVR2B,Angiogenesis,Endothelial Cell Signature,endothelial_cell_signature_louvain_10,BMP/ALK1 Signalling,55
ACVRL1,Angiogenesis,Endothelial Cell Signature,endothelial_cell_signature_louvain_10,BMP/ALK1 Signalling,55
ADGRL2,Angiogenesis,Endothelial Cell Signature,endothelial_cell_signature_louvain_10,BMP/ALK1 Signalling,55
AMOTL1,Angiogenesis,Endothelial Cell Signature,endothelial_cell_signature_louvain_10,BMP/ALK1 Signalling,55
AMOTL2,Angiogenesis,Endothelial Cell Signature,endothelial_cell_signature_louvain_10,BMP/ALK1 Signalling,55
BARX1,Angiogenesis,Endothelial Cell Signature,endothelial_cell_signature_louvain_10,BMP/ALK1 Signalling,55
BLOC1S6,Angiogenesis,Endothelial Cell Signature,endothelial_cell_signature_louvain_10,BMP/ALK1 Signalling,55
BMP4,Angiogenesis,Endothelial Cell Signature,endothelial_cell_signature_louvain_10,BMP/ALK1 Signalling,55
BMP6,Angiogenesis,Endothelial Cell Signature,endothelial_cell_signature_louvain_10,BMP/ALK1 Signalling,55
BMPR2,Angiogenesis,Endothelial Cell Signature,endothelial_cell_signature_louvain_10,BMP/ALK1 Signalling,55
CCDC69,Angiogenesis,Endothelial Cell Signature,endothelial_cell_signature_louvain_10,BMP/ALK1 Signalling,55
CDKN2B,Angiogenesis,Endothelial Cell Signature,endothelial_cell_signature_louvain_10,BMP/ALK1 Signalling,55
CTSO,Angiogenesis,Endothelial Cell Signature,endothelial_cell_signature_louvain_10,BMP/ALK1 Signalling,55
EBF1,Angiogenesis,Endothelial Cell Signature,endothelial_cell_signature_louvain_10,BMP/ALK1 Signalling,55
ELK3,Angiogenesis,Endothelial Cell Signature,endothelial_cell_signature_louvain_10,BMP/ALK1 Signalling,55
FGF1,Angiogenesis,Endothelial Cell Signature,endothelial_cell_signature_louvain_10,BMP/ALK1 Signalling,55
FGFR3,Angiogenesis,Endothelial Cell Signature,endothelial_cell_signature_louvain_10,BMP/ALK1 Signalling,55
FOXJ2,Angiogenesis,Endothelial Cell Signature,endothelial_cell_signature_louvain_10,BMP/ALK1 Signalling,55
FOXP1,Angiogenesis,Endothelial Cell Signature,endothelial_cell_signature_louvain_10,BMP/ALK1 Signalling,55
FRMD6,Angiogenesis,Endothelial Cell Signature,endothelial_cell_signature_louvain_10,BMP/ALK1 Signalling,55
GDF2,Angiogenesis,Endothelial Cell Signature,endothelial_cell_signature_louvain_10,BMP/ALK1 Signalling,55
GJC1,Angiogenesis,Endothelial Cell Signature,endothelial_cell_signature_louvain_10,BMP/ALK1 Signalling,55
HECW2,Angiogenesis,Endothelial Cell Signature,endothelial_cell_signature_louvain_10,BMP/ALK1 Signalling,55
ID1,Angiogenesis,Endothelial Cell Signature,endothelial_cell_signature_louvain_10,BMP/ALK1 Signalling,55
ID3,Angiogenesis,Endothelial Cell Signature,endothelial_cell_signature_louvain_10,BMP/ALK1 Signalling,55
IER2,Angiogenesis,Endothelial Cell Signature,endothelial_cell_signature_louvain_10,BMP/ALK1 Signalling,55
KLF11,Angiogenesis,Endothelial Cell Signature,endothelial_cell_signature_louvain_10,BMP/ALK1 Signalling,55
KLHDC1,Angiogenesis,Endothelial Cell Signature,endothelial_cell_signature_louvain_10,BMP/ALK1 Signalling,55
LATS2,Angiogenesis,Endothelial Cell Signature,endothelial_cell_signature_louvain_10,BMP/ALK1 Signalling,55
LHFPL6,Angiogenesis,Endothelial Cell Signature,endothelial_cell_signature_louvain_10,BMP/ALK1 Signalling,55
LRRC17,Angiogenesis,Endothelial Cell Signature,endothelial_cell_signature_louvain_10,BMP/ALK1 Signalling,55
LRRC8C,Angiogenesis,Endothelial Cell Signature,endothelial_cell_signature_louvain_10,BMP/ALK1 Signalling,55
MIR1-1,Angiogenesis,Endothelial Cell Signature,endothelial_cell_signature_louvain_10,BMP/ALK1 Signalling,55
MIR99B,Angiogenesis,Endothelial Cell Signature,endothelial_cell_signature_louvain_10,BMP/ALK1 Signalling,55
MSX1,Angiogenesis,Endothelial Cell Signature,endothelial_cell_signature_louvain_10,BMP/ALK1 Signalling,55
NEDD4,Angiogenesis,Endothelial Cell Signature,endothelial_cell_signature_louvain_10,BMP/ALK1 Signalling,55
NEGR1,Angiogenesis,Endothelial Cell Signature,endothelial_cell_signature_louvain_10,BMP/ALK1 Signalling,55
NRXN1,Angiogenesis,Endothelial Cell Signature,endothelial_cell_signature_louvain_10,BMP/ALK1 Signalling,55
P2RY8,Angiogenesis,Endothelial Cell Signature,endothelial_cell_signature_louvain_10,BMP/ALK1 Signalling,55
PALMD,Angiogenesis,Endothelial Cell Signature,endothelial_cell_signature_louvain_10,BMP/ALK1 Signalling,55
PIK3R1,Angiogenesis,Endothelial Cell Signature,endothelial_cell_signature_louvain_10,BMP/ALK1 Signalling,55
PITX2,Angiogenesis,Endothelial Cell Signature,endothelial_cell_signature_louvain_10,BMP/ALK1 Signalling,55
RBX1,Angiogenesis,Endothelial Cell Signature,endothelial_cell_signature_louvain_10,BMP/ALK1 Signalling,55
RCSD1,Angiogenesis,Endothelial Cell Signature,endothelial_cell_signature_louvain_10,BMP/ALK1 Signalling,55
SHE,Angiogenesis,Endothelial Cell Signature,endothelial_cell_signature_louvain_10,BMP/ALK1 Signalling,55
SMAD4,Angiogenesis,Endothelial Cell Signature,endothelial_cell_signature_louvain_10,BMP/ALK1 Signalling,55
SMAD7,Angiogenesis,Endothelial Cell Signature,endothelial_cell_signature_louvain_10,BMP/ALK1 Signalling,55
SOCS5,Angiogenesis,Endothelial Cell Signature,endothelial_cell_signature_louvain_10,BMP/ALK1 Signalling,55
SUSD6,Angiogenesis,Endothelial Cell Signature,endothelial_cell_signature_louvain_10,BMP/ALK1 Signalling,55
TACC1,Angiogenesis,Endothelial Cell Signature,endothelial_cell_signature_louvain_10,BMP/ALK1 Signalling,55
TMEM100,Angiogenesis,Endothelial Cell Signature,endothelial_cell_signature_louvain_10,BMP/ALK1 Signalling,55
TMEM47,Angiogenesis,Endothelial Cell Signature,endothelial_cell_signature_louvain_10,BMP/ALK1 Signalling,55
ZNF423,Angiogenesis,Endothelial Cell Signature,endothelial_cell_signature_louvain_10,BMP/ALK1 Signalling,55
ZNF521,Angiogenesis,Endothelial Cell Signature,endothelial_cell_signature_louvain_10,BMP/ALK1 Signalling,55
ABI3BP,Angiogenesis,Endothelial Cell Signature,endothelial_cell_signature_louvain_2,Elastic Fibre Assembly,26
ANKH,Angiogenesis,Endothelial Cell Signature,endothelial_cell_signature_louvain_2,Elastic Fibre Assembly,26
ASPN,Angiogenesis,Endothelial Cell Signature,endothelial_cell_signature_louvain_2,Elastic Fibre Assembly,26
ATOH8,Angiogenesis,Endothelial Cell Signature,endothelial_cell_signature_louvain_2,Elastic Fibre Assembly,26
CCDC3,Angiogenesis,Endothelial Cell Signature,endothelial_cell_signature_louvain_2,Elastic Fibre Assembly,26
CYGB,Angiogenesis,Endothelial Cell Signature,endothelial_cell_signature_louvain_2,Elastic Fibre Assembly,26
DDR2,Angiogenesis,Endothelial Cell Signature,endothelial_cell_signature_louvain_2,Elastic Fibre Assembly,26
ECM2,Angiogenesis,Endothelial Cell Signature,endothelial_cell_signature_louvain_2,Elastic Fibre Assembly,26
ELN,Angiogenesis,Endothelial Cell Signature,endothelial_cell_signature_louvain_2,Elastic Fibre Assembly,26
FBLN2,Angiogenesis,Endothelial Cell Signature,endothelial_cell_signature_louvain_2,Elastic Fibre Assembly,26
FBLN5,Angiogenesis,Endothelial Cell Signature,endothelial_cell_signature_louvain_2,Elastic Fibre Assembly,26
FBN1,Angiogenesis,Endothelial Cell Signature,endothelial_cell_signature_louvain_2,Elastic Fibre Assembly,26
GLT8D2,Angiogenesis,Endothelial Cell Signature,endothelial_cell_signature_louvain_2,Elastic Fibre Assembly,26
ITIH5,Angiogenesis,Endothelial Cell Signature,endothelial_cell_signature_louvain_2,Elastic Fibre Assembly,26
LUM,Angiogenesis,Endothelial Cell Signature,endothelial_cell_signature_louvain_2,Elastic Fibre Assembly,26
MFAP3,Angiogenesis,Endothelial Cell Signature,endothelial_cell_signature_louvain_2,Elastic Fibre Assembly,26
MFAP4,Angiogenesis,Endothelial Cell Signature,endothelial_cell_signature_louvain_2,Elastic Fibre Assembly,26
MGP,Angiogenesis,Endothelial Cell Signature,endothelial_cell_signature_louvain_2,Elastic Fibre Assembly,26
OLFML1,Angiogenesis,Endothelial Cell Signature,endothelial_cell_signature_louvain_2,Elastic Fibre Assembly,26
POSTN,Angiogenesis,Endothelial Cell Signature,endothelial_cell_signature_louvain_2,Elastic Fibre Assembly,26
PRELP,Angiogenesis,Endothelial Cell Signature,endothelial_cell_signature_louvain_2,Elastic Fibre Assembly,26
PRRX1,Angiogenesis,Endothelial Cell Signature,endothelial_cell_signature_louvain_2,Elastic Fibre Assembly,26
PRSS23,Angiogenesis,Endothelial Cell Signature,endothelial_cell_signature_louvain_2,Elastic Fibre Assembly,26
SMOC2,Angiogenesis,Endothelial Cell Signature,endothelial_cell_signature_louvain_2,Elastic Fibre Assembly,26
ZCCHC24,Angiogenesis,Endothelial Cell Signature,endothelial_cell_signature_louvain_2,Elastic Fibre Assembly,26
ZNF532,Angiogenesis,Endothelial Cell Signature,endothelial_cell_signature_louvain_2,Elastic Fibre Assembly,26
ADD1,Angiogenesis,Endothelial Cell Signature,endothelial_cell_signature_louvain_7,Endothelial Apical-Basal Polarity & Barrier Regulation,35
AGTR1,Angiogenesis,Endothelial Cell Signature,endothelial_cell_signature_louvain_7,Endothelial Apical-Basal Polarity & Barrier Regulation,35
CD2AP,Angiogenesis,Endothelial Cell Signature,endothelial_cell_signature_louvain_7,Endothelial Apical-Basal Polarity & Barrier Regulation,35
CFTR,Angiogenesis,Endothelial Cell Signature,endothelial_cell_signature_louvain_7,Endothelial Apical-Basal Polarity & Barrier Regulation,35
CLIC2,Angiogenesis,Endothelial Cell Signature,endothelial_cell_signature_louvain_7,Endothelial Apical-Basal Polarity & Barrier Regulation,35
CLIC4,Angiogenesis,Endothelial Cell Signature,endothelial_cell_signature_louvain_7,Endothelial Apical-Basal Polarity & Barrier Regulation,35
CLIC5,Angiogenesis,Endothelial Cell Signature,endothelial_cell_signature_louvain_7,Endothelial Apical-Basal Polarity & Barrier Regulation,35
CNRIP1,Angiogenesis,Endothelial Cell Signature,endothelial_cell_signature_louvain_7,Endothelial Apical-Basal Polarity & Barrier Regulation,35
CREBL2,Angiogenesis,Endothelial Cell Signature,endothelial_cell_signature_louvain_7,Endothelial Apical-Basal Polarity & Barrier Regulation,35
DAB2,Angiogenesis,Endothelial Cell Signature,endothelial_cell_signature_louvain_7,Endothelial Apical-Basal Polarity & Barrier Regulation,35
DSG2,Angiogenesis,Endothelial Cell Signature,endothelial_cell_signature_louvain_7,Endothelial Apical-Basal Polarity & Barrier Regulation,35
EZR,Angiogenesis,Endothelial Cell Signature,endothelial_cell_signature_louvain_7,Endothelial Apical-Basal Polarity & Barrier Regulation,35
FERMT2,Angiogenesis,Endothelial Cell Signature,endothelial_cell_signature_louvain_7,Endothelial Apical-Basal Polarity & Barrier Regulation,35
FOSL2,Angiogenesis,Endothelial Cell Signature,endothelial_cell_signature_louvain_7,Endothelial Apical-Basal Polarity & Barrier Regulation,35
GARRE1,Angiogenesis,Endothelial Cell Signature,endothelial_cell_signature_louvain_7,Endothelial Apical-Basal Polarity & Barrier Regulation,35
GSN,Angiogenesis,Endothelial Cell Signature,endothelial_cell_signature_louvain_7,Endothelial Apical-Basal Polarity & Barrier Regulation,35
HYAL2,Angiogenesis,Endothelial Cell Signature,endothelial_cell_signature_louvain_7,Endothelial Apical-Basal Polarity & Barrier Regulation,35
IQGAP2,Angiogenesis,Endothelial Cell Signature,endothelial_cell_signature_louvain_7,Endothelial Apical-Basal Polarity & Barrier Regulation,35
LAYN,Angiogenesis,Endothelial Cell Signature,endothelial_cell_signature_louvain_7,Endothelial Apical-Basal Polarity & Barrier Regulation,35
MCAM,Angiogenesis,Endothelial Cell Signature,endothelial_cell_signature_louvain_7,Endothelial Apical-Basal Polarity & Barrier Regulation,35
MSN,Angiogenesis,Endothelial Cell Signature,endothelial_cell_signature_louvain_7,Endothelial Apical-Basal Polarity & Barrier Regulation,35
NOS3,Angiogenesis,Endothelial Cell Signature,endothelial_cell_signature_louvain_7,Endothelial Apical-Basal Polarity & Barrier Regulation,35
PODXL,Angiogenesis,Endothelial Cell Signature,endothelial_cell_signature_louvain_7,Endothelial Apical-Basal Polarity & Barrier Regulation,35
PPM1F,Angiogenesis,Endothelial Cell Signature,endothelial_cell_signature_louvain_7,Endothelial Apical-Basal Polarity & Barrier Regulation,35
PPP1R16B,Angiogenesis,Endothelial Cell Signature,endothelial_cell_signature_louvain_7,Endothelial Apical-Basal Polarity & Barrier Regulation,35
RCBTB2,Angiogenesis,Endothelial Cell Signature,endothelial_cell_signature_louvain_7,Endothelial Apical-Basal Polarity & Barrier Regulation,35
RDX,Angiogenesis,Endothelial Cell Signature,endothelial_cell_signature_louvain_7,Endothelial Apical-Basal Polarity & Barrier Regulation,35
RFLNB,Angiogenesis,Endothelial Cell Signature,endothelial_cell_signature_louvain_7,Endothelial Apical-Basal Polarity & Barrier Regulation,35
RNASE1,Angiogenesis,Endothelial Cell Signature,endothelial_cell_signature_louvain_7,Endothelial Apical-Basal Polarity & Barrier Regulation,35
SGIP1,Angiogenesis,Endothelial Cell Signature,endothelial_cell_signature_louvain_7,Endothelial Apical-Basal Polarity & Barrier Regulation,35
SNED1,Angiogenesis,Endothelial Cell Signature,endothelial_cell_signature_louvain_7,Endothelial Apical-Basal Polarity & Barrier Regulation,35
SST,Angiogenesis,Endothelial Cell Signature,endothelial_cell_signature_louvain_7,Endothelial Apical-Basal Polarity & Barrier Regulation,35
SWAP70,Angiogenesis,Endothelial Cell Signature,endothelial_cell_signature_louvain_7,Endothelial Apical-Basal Polarity & Barrier Regulation,35
WIPF1,Angiogenesis,Endothelial Cell Signature,endothelial_cell_signature_louvain_7,Endothelial Apical-Basal Polarity & Barrier Regulation,35
ZDHHC21,Angiogenesis,Endothelial Cell Signature,endothelial_cell_signature_louvain_7,Endothelial Apical-Basal Polarity & Barrier Regulation,35
ACKR1,Angiogenesis,Endothelial Cell Signature,endothelial_cell_signature_louvain_4,Endothelial Haemostasis & Coagulation,52
BTNL9,Angiogenesis,Endothelial Cell Signature,endothelial_cell_signature_louvain_4,Endothelial Haemostasis & Coagulation,52
C1orf162,Angiogenesis,Endothelial Cell Signature,endothelial_cell_signature_louvain_4,Endothelial Haemostasis & Coagulation,52
CARD6,Angiogenesis,Endothelial Cell Signature,endothelial_cell_signature_louvain_4,Endothelial Haemostasis & Coagulation,52
CD163,Angiogenesis,Endothelial Cell Signature,endothelial_cell_signature_louvain_4,Endothelial Haemostasis & Coagulation,52
CD36,Angiogenesis,Endothelial Cell Signature,endothelial_cell_signature_louvain_4,Endothelial Haemostasis & Coagulation,52
CD93,Angiogenesis,Endothelial Cell Signature,endothelial_cell_signature_louvain_4,Endothelial Haemostasis & Coagulation,52
CEACAM1,Angiogenesis,Endothelial Cell Signature,endothelial_cell_signature_louvain_4,Endothelial Haemostasis & Coagulation,52
CYBRD1,Angiogenesis,Endothelial Cell Signature,endothelial_cell_signature_louvain_4,Endothelial Haemostasis & Coagulation,52
EDIL3,Angiogenesis,Endothelial Cell Signature,endothelial_cell_signature_louvain_4,Endothelial Haemostasis & Coagulation,52
EMP1,Angiogenesis,Endothelial Cell Signature,endothelial_cell_signature_louvain_4,Endothelial Haemostasis & Coagulation,52
ERBB2,Angiogenesis,Endothelial Cell Signature,endothelial_cell_signature_louvain_4,Endothelial Haemostasis & Coagulation,52
F13A1,Angiogenesis,Endothelial Cell Signature,endothelial_cell_signature_louvain_4,Endothelial Haemostasis & Coagulation,52
F2R,Angiogenesis,Endothelial Cell Signature,endothelial_cell_signature_louvain_4,Endothelial Haemostasis & Coagulation,52
FASN,Angiogenesis,Endothelial Cell Signature,endothelial_cell_signature_louvain_4,Endothelial Haemostasis & Coagulation,52
FGL2,Angiogenesis,Endothelial Cell Signature,endothelial_cell_signature_louvain_4,Endothelial Haemostasis & Coagulation,52
FLI1,Angiogenesis,Endothelial Cell Signature,endothelial_cell_signature_louvain_4,Endothelial Haemostasis & Coagulation,52
FOLR2,Angiogenesis,Endothelial Cell Signature,endothelial_cell_signature_louvain_4,Endothelial Haemostasis & Coagulation,52
GIMAP1,Angiogenesis,Endothelial Cell Signature,endothelial_cell_signature_louvain_4,Endothelial Haemostasis & Coagulation,52
GIMAP4,Angiogenesis,Endothelial Cell Signature,endothelial_cell_signature_louvain_4,Endothelial Haemostasis & Coagulation,52
GIMAP5,Angiogenesis,Endothelial Cell Signature,endothelial_cell_signature_louvain_4,Endothelial Haemostasis & Coagulation,52
GIMAP6,Angiogenesis,Endothelial Cell Signature,endothelial_cell_signature_louvain_4,Endothelial Haemostasis & Coagulation,52
GIMAP7,Angiogenesis,Endothelial Cell Signature,endothelial_cell_signature_louvain_4,Endothelial Haemostasis & Coagulation,52
GIMAP8,Angiogenesis,Endothelial Cell Signature,endothelial_cell_signature_louvain_4,Endothelial Haemostasis & Coagulation,52
GPR34,Angiogenesis,Endothelial Cell Signature,endothelial_cell_signature_louvain_4,Endothelial Haemostasis & Coagulation,52
HEPH,Angiogenesis,Endothelial Cell Signature,endothelial_cell_signature_louvain_4,Endothelial Haemostasis & Coagulation,52
HPSE,Angiogenesis,Endothelial Cell Signature,endothelial_cell_signature_louvain_4,Endothelial Haemostasis & Coagulation,52
HSD17B11,Angiogenesis,Endothelial Cell Signature,endothelial_cell_signature_louvain_4,Endothelial Haemostasis & Coagulation,52
ICAM1,Angiogenesis,Endothelial Cell Signature,endothelial_cell_signature_louvain_4,Endothelial Haemostasis & Coagulation,52
ICAM2,Angiogenesis,Endothelial Cell Signature,endothelial_cell_signature_louvain_4,Endothelial Haemostasis & Coagulation,52
IFNG,Angiogenesis,Endothelial Cell Signature,endothelial_cell_signature_louvain_4,Endothelial Haemostasis & Coagulation,52
LIPA,Angiogenesis,Endothelial Cell Signature,endothelial_cell_signature_louvain_4,Endothelial Haemostasis & Coagulation,52
LPL,Angiogenesis,Endothelial Cell Signature,endothelial_cell_signature_louvain_4,Endothelial Haemostasis & Coagulation,52
MFGE8,Angiogenesis,Endothelial Cell Signature,endothelial_cell_signature_louvain_4,Endothelial Haemostasis & Coagulation,52
MS4A6A,Angiogenesis,Endothelial Cell Signature,endothelial_cell_signature_louvain_4,Endothelial Haemostasis & Coagulation,52
OLFML3,Angiogenesis,Endothelial Cell Signature,endothelial_cell_signature_louvain_4,Endothelial Haemostasis & Coagulation,52
OLR1,Angiogenesis,Endothelial Cell Signature,endothelial_cell_signature_louvain_4,Endothelial Haemostasis & Coagulation,52
PDK4,Angiogenesis,Endothelial Cell Signature,endothelial_cell_signature_louvain_4,Endothelial Haemostasis & Coagulation,52
PECAM1,Angiogenesis,Endothelial Cell Signature,endothelial_cell_signature_louvain_4,Endothelial Haemostasis & Coagulation,52
PER2,Angiogenesis,Endothelial Cell Signature,endothelial_cell_signature_louvain_4,Endothelial Haemostasis & Coagulation,52
PMP22,Angiogenesis,Endothelial Cell Signature,endothelial_cell_signature_louvain_4,Endothelial Haemostasis & Coagulation,52
PROC,Angiogenesis,Endothelial Cell Signature,endothelial_cell_signature_louvain_4,Endothelial Haemostasis & Coagulation,52
RCAN2,Angiogenesis,Endothelial Cell Signature,endothelial_cell_signature_louvain_4,Endothelial Haemostasis & Coagulation,52
SELP,Angiogenesis,Endothelial Cell Signature,endothelial_cell_signature_louvain_4,Endothelial Haemostasis & Coagulation,52
SH2D3C,Angiogenesis,Endothelial Cell Signature,endothelial_cell_signature_louvain_4,Endothelial Haemostasis & Coagulation,52
SLC39A1,Angiogenesis,Endothelial Cell Signature,endothelial_cell_signature_louvain_4,Endothelial Haemostasis & Coagulation,52
SLC40A1,Angiogenesis,Endothelial Cell Signature,endothelial_cell_signature_louvain_4,Endothelial Haemostasis & Coagulation,52
SLCO2B1,Angiogenesis,Endothelial Cell Signature,endothelial_cell_signature_louvain_4,Endothelial Haemostasis & Coagulation,52
STAB1,Angiogenesis,Endothelial Cell Signature,endothelial_cell_signature_louvain_4,Endothelial Haemostasis & Coagulation,52
SVEP1,Angiogenesis,Endothelial Cell Signature,endothelial_cell_signature_louvain_4,Endothelial Haemostasis & Coagulation,52
THBD,Angiogenesis,Endothelial Cell Signature,endothelial_cell_signature_louvain_4,Endothelial Haemostasis & Coagulation,52
VWF,Angiogenesis,Endothelial Cell Signature,endothelial_cell_signature_louvain_4,Endothelial Haemostasis & Coagulation,52
ADGRF5,Angiogenesis,Endothelial Cell Signature,endothelial_cell_signature_louvain_12,Endothelial Identity & Vascular Bed Specification,54
ADGRL4,Angiogenesis,Endothelial Cell Signature,endothelial_cell_signature_louvain_12,Endothelial Identity & Vascular Bed Specification,54
ANGPTL2,Angiogenesis,Endothelial Cell Signature,endothelial_cell_signature_louvain_12,Endothelial Identity & Vascular Bed Specification,54
CDH5,Angiogenesis,Endothelial Cell Signature,endothelial_cell_signature_louvain_12,Endothelial Identity & Vascular Bed Specification,54
CLDN1,Angiogenesis,Endothelial Cell Signature,endothelial_cell_signature_louvain_12,Endothelial Identity & Vascular Bed Specification,54
CLDN3,Angiogenesis,Endothelial Cell Signature,endothelial_cell_signature_louvain_12,Endothelial Identity & Vascular Bed Specification,54
CLDN5,Angiogenesis,Endothelial Cell Signature,endothelial_cell_signature_louvain_12,Endothelial Identity & Vascular Bed Specification,54
CYYR1,Angiogenesis,Endothelial Cell Signature,endothelial_cell_signature_louvain_12,Endothelial Identity & Vascular Bed Specification,54
ECSCR,Angiogenesis,Endothelial Cell Signature,endothelial_cell_signature_louvain_12,Endothelial Identity & Vascular Bed Specification,54
EMCN,Angiogenesis,Endothelial Cell Signature,endothelial_cell_signature_louvain_12,Endothelial Identity & Vascular Bed Specification,54
ENPEP,Angiogenesis,Endothelial Cell Signature,endothelial_cell_signature_louvain_12,Endothelial Identity & Vascular Bed Specification,54
EPHA3,Angiogenesis,Endothelial Cell Signature,endothelial_cell_signature_louvain_12,Endothelial Identity & Vascular Bed Specification,54
ERG,Angiogenesis,Endothelial Cell Signature,endothelial_cell_signature_louvain_12,Endothelial Identity & Vascular Bed Specification,54
ESAM,Angiogenesis,Endothelial Cell Signature,endothelial_cell_signature_louvain_12,Endothelial Identity & Vascular Bed Specification,54
ETV2,Angiogenesis,Endothelial Cell Signature,endothelial_cell_signature_louvain_12,Endothelial Identity & Vascular Bed Specification,54
F11R,Angiogenesis,Endothelial Cell Signature,endothelial_cell_signature_louvain_12,Endothelial Identity & Vascular Bed Specification,54
FAM107A,Angiogenesis,Endothelial Cell Signature,endothelial_cell_signature_louvain_12,Endothelial Identity & Vascular Bed Specification,54
FGD5,Angiogenesis,Endothelial Cell Signature,endothelial_cell_signature_louvain_12,Endothelial Identity & Vascular Bed Specification,54
FOXC2,Angiogenesis,Endothelial Cell Signature,endothelial_cell_signature_louvain_12,Endothelial Identity & Vascular Bed Specification,54
GJA4,Angiogenesis,Endothelial Cell Signature,endothelial_cell_signature_louvain_12,Endothelial Identity & Vascular Bed Specification,54
GJA5,Angiogenesis,Endothelial Cell Signature,endothelial_cell_signature_louvain_12,Endothelial Identity & Vascular Bed Specification,54
HOXA13,Angiogenesis,Endothelial Cell Signature,endothelial_cell_signature_louvain_12,Endothelial Identity & Vascular Bed Specification,54
HOXB5,Angiogenesis,Endothelial Cell Signature,endothelial_cell_signature_louvain_12,Endothelial Identity & Vascular Bed Specification,54
JAM2,Angiogenesis,Endothelial Cell Signature,endothelial_cell_signature_louvain_12,Endothelial Identity & Vascular Bed Specification,54
JAM3,Angiogenesis,Endothelial Cell Signature,endothelial_cell_signature_louvain_12,Endothelial Identity & Vascular Bed Specification,54
KDR,Angiogenesis,Endothelial Cell Signature,endothelial_cell_signature_louvain_12,Endothelial Identity & Vascular Bed Specification,54
LDB2,Angiogenesis,Endothelial Cell Signature,endothelial_cell_signature_louvain_12,Endothelial Identity & Vascular Bed Specification,54
LMO2,Angiogenesis,Endothelial Cell Signature,endothelial_cell_signature_louvain_12,Endothelial Identity & Vascular Bed Specification,54
MARVELD2,Angiogenesis,Endothelial Cell Signature,endothelial_cell_signature_louvain_12,Endothelial Identity & Vascular Bed Specification,54
MESP1,Angiogenesis,Endothelial Cell Signature,endothelial_cell_signature_louvain_12,Endothelial Identity & Vascular Bed Specification,54
MN1,Angiogenesis,Endothelial Cell Signature,endothelial_cell_signature_louvain_12,Endothelial Identity & Vascular Bed Specification,54
MYCT1,Angiogenesis,Endothelial Cell Signature,endothelial_cell_signature_louvain_12,Endothelial Identity & Vascular Bed Specification,54
NR2F2,Angiogenesis,Endothelial Cell Signature,endothelial_cell_signature_louvain_12,Endothelial Identity & Vascular Bed Specification,54
PALM2AKAP2,Angiogenesis,Endothelial Cell Signature,endothelial_cell_signature_louvain_12,Endothelial Identity & Vascular Bed Specification,54
PCDH12,Angiogenesis,Endothelial Cell Signature,endothelial_cell_signature_louvain_12,Endothelial Identity & Vascular Bed Specification,54
PCDH17,Angiogenesis,Endothelial Cell Signature,endothelial_cell_signature_louvain_12,Endothelial Identity & Vascular Bed Specification,54
PDPN,Angiogenesis,Endothelial Cell Signature,endothelial_cell_signature_louvain_12,Endothelial Identity & Vascular Bed Specification,54
PEAK1,Angiogenesis,Endothelial Cell Signature,endothelial_cell_signature_louvain_12,Endothelial Identity & Vascular Bed Specification,54
PLVAP,Angiogenesis,Endothelial Cell Signature,endothelial_cell_signature_louvain_12,Endothelial Identity & Vascular Bed Specification,54
PROX1,Angiogenesis,Endothelial Cell Signature,endothelial_cell_signature_louvain_12,Endothelial Identity & Vascular Bed Specification,54
PTPRB,Angiogenesis,Endothelial Cell Signature,endothelial_cell_signature_louvain_12,Endothelial Identity & Vascular Bed Specification,54
RERE,Angiogenesis,Endothelial Cell Signature,endothelial_cell_signature_louvain_12,Endothelial Identity & Vascular Bed Specification,54
ROBO4,Angiogenesis,Endothelial Cell Signature,endothelial_cell_signature_louvain_12,Endothelial Identity & Vascular Bed Specification,54
SLC30A5,Angiogenesis,Endothelial Cell Signature,endothelial_cell_signature_louvain_12,Endothelial Identity & Vascular Bed Specification,54
SLIT3,Angiogenesis,Endothelial Cell Signature,endothelial_cell_signature_louvain_12,Endothelial Identity & Vascular Bed Specification,54
SOX17,Angiogenesis,Endothelial Cell Signature,endothelial_cell_signature_louvain_12,Endothelial Identity & Vascular Bed Specification,54
SOX18,Angiogenesis,Endothelial Cell Signature,endothelial_cell_signature_louvain_12,Endothelial Identity & Vascular Bed Specification,54
SPARCL1,Angiogenesis,Endothelial Cell Signature,endothelial_cell_signature_louvain_12,Endothelial Identity & Vascular Bed Specification,54
TIE1,Angiogenesis,Endothelial Cell Signature,endothelial_cell_signature_louvain_12,Endothelial Identity & Vascular Bed Specification,54
TJP1,Angiogenesis,Endothelial Cell Signature,endothelial_cell_signature_louvain_12,Endothelial Identity & Vascular Bed Specification,54
TJP2,Angiogenesis,Endothelial Cell Signature,endothelial_cell_signature_louvain_12,Endothelial Identity & Vascular Bed Specification,54
TJP3,Angiogenesis,Endothelial Cell Signature,endothelial_cell_signature_louvain_12,Endothelial Identity & Vascular Bed Specification,54
TMEM204,Angiogenesis,Endothelial Cell Signature,endothelial_cell_signature_louvain_12,Endothelial Identity & Vascular Bed Specification,54
UNC5B,Angiogenesis,Endothelial Cell Signature,endothelial_cell_signature_louvain_12,Endothelial Identity & Vascular Bed Specification,54
A2M,Angiogenesis,Endothelial Cell Signature,endothelial_cell_signature_louvain_3,Endothelial Stress Adaptation,20
ADAMTS12,Angiogenesis,Endothelial Cell Signature,endothelial_cell_signature_louvain_3,Endothelial Stress Adaptation,20
ANG,Angiogenesis,Endothelial Cell Signature,endothelial_cell_signature_louvain_3,Endothelial Stress Adaptation,20
APOE,Angiogenesis,Endothelial Cell Signature,endothelial_cell_signature_louvain_3,Endothelial Stress Adaptation,20
C3,Angiogenesis,Endothelial Cell Signature,endothelial_cell_signature_louvain_3,Endothelial Stress Adaptation,20
CALCA,Angiogenesis,Endothelial Cell Signature,endothelial_cell_signature_louvain_3,Endothelial Stress Adaptation,20
CALR,Angiogenesis,Endothelial Cell Signature,endothelial_cell_signature_louvain_3,Endothelial Stress Adaptation,20
CLEC3B,Angiogenesis,Endothelial Cell Signature,endothelial_cell_signature_louvain_3,Endothelial Stress Adaptation,20
DICER1,Angiogenesis,Endothelial Cell Signature,endothelial_cell_signature_louvain_3,Endothelial Stress Adaptation,20
FKBP7,Angiogenesis,Endothelial Cell Signature,endothelial_cell_signature_louvain_3,Endothelial Stress Adaptation,20
HSPA5,Angiogenesis,Endothelial Cell Signature,endothelial_cell_signature_louvain_3,Endothelial Stress Adaptation,20
NAGLU,Angiogenesis,Endothelial Cell Signature,endothelial_cell_signature_louvain_3,Endothelial Stress Adaptation,20
NCOA7,Angiogenesis,Endothelial Cell Signature,endothelial_cell_signature_louvain_3,Endothelial Stress Adaptation,20
PIEZO2,Angiogenesis,Endothelial Cell Signature,endothelial_cell_signature_louvain_3,Endothelial Stress Adaptation,20
PPARG,Angiogenesis,Endothelial Cell Signature,endothelial_cell_signature_louvain_3,Endothelial Stress Adaptation,20
RBMS1,Angiogenesis,Endothelial Cell Signature,endothelial_cell_signature_louvain_3,Endothelial Stress Adaptation,20
RNASE4,Angiogenesis,Endothelial Cell Signature,endothelial_cell_signature_louvain_3,Endothelial Stress Adaptation,20
THSD7A,Angiogenesis,Endothelial Cell Signature,endothelial_cell_signature_louvain_3,Endothelial Stress Adaptation,20
TRIM71,Angiogenesis,Endothelial Cell Signature,endothelial_cell_signature_louvain_3,Endothelial Stress Adaptation,20
ZNF362,Angiogenesis,Endothelial Cell Signature,endothelial_cell_signature_louvain_3,Endothelial Stress Adaptation,20
ARNT,Angiogenesis,Endothelial Cell Signature,endothelial_cell_signature_louvain_9,Endothelial-to-Mesenchymal Transition,30
BHMT2,Angiogenesis,Endothelial Cell Signature,endothelial_cell_signature_louvain_9,Endothelial-to-Mesenchymal Transition,30
BOC,Angiogenesis,Endothelial Cell Signature,endothelial_cell_signature_louvain_9,Endothelial-to-Mesenchymal Transition,30
CALHM2,Angiogenesis,Endothelial Cell Signature,endothelial_cell_signature_louvain_9,Endothelial-to-Mesenchymal Transition,30
CSNK2B,Angiogenesis,Endothelial Cell Signature,endothelial_cell_signature_louvain_9,Endothelial-to-Mesenchymal Transition,30
CTNNB1,Angiogenesis,Endothelial Cell Signature,endothelial_cell_signature_louvain_9,Endothelial-to-Mesenchymal Transition,30
DCHS1,Angiogenesis,Endothelial Cell Signature,endothelial_cell_signature_louvain_9,Endothelial-to-Mesenchymal Transition,30
DUSP6,Angiogenesis,Endothelial Cell Signature,endothelial_cell_signature_louvain_9,Endothelial-to-Mesenchymal Transition,30
FRZB,Angiogenesis,Endothelial Cell Signature,endothelial_cell_signature_louvain_9,Endothelial-to-Mesenchymal Transition,30
GEM,Angiogenesis,Endothelial Cell Signature,endothelial_cell_signature_louvain_9,Endothelial-to-Mesenchymal Transition,30
HNMT,Angiogenesis,Endothelial Cell Signature,endothelial_cell_signature_louvain_9,Endothelial-to-Mesenchymal Transition,30
IFFO1,Angiogenesis,Endothelial Cell Signature,endothelial_cell_signature_louvain_9,Endothelial-to-Mesenchymal Transition,30
IPO11,Angiogenesis,Endothelial Cell Signature,endothelial_cell_signature_louvain_9,Endothelial-to-Mesenchymal Transition,30
JDP2,Angiogenesis,Endothelial Cell Signature,endothelial_cell_signature_louvain_9,Endothelial-to-Mesenchymal Transition,30
KDM6B,Angiogenesis,Endothelial Cell Signature,endothelial_cell_signature_louvain_9,Endothelial-to-Mesenchymal Transition,30
LIX1L,Angiogenesis,Endothelial Cell Signature,endothelial_cell_signature_louvain_9,Endothelial-to-Mesenchymal Transition,30
MET,Angiogenesis,Endothelial Cell Signature,endothelial_cell_signature_louvain_9,Endothelial-to-Mesenchymal Transition,30
MIR200C,Angiogenesis,Endothelial Cell Signature,endothelial_cell_signature_louvain_9,Endothelial-to-Mesenchymal Transition,30
NES,Angiogenesis,Endothelial Cell Signature,endothelial_cell_signature_louvain_9,Endothelial-to-Mesenchymal Transition,30
NRG1,Angiogenesis,Endothelial Cell Signature,endothelial_cell_signature_louvain_9,Endothelial-to-Mesenchymal Transition,30
NXF1,Angiogenesis,Endothelial Cell Signature,endothelial_cell_signature_louvain_9,Endothelial-to-Mesenchymal Transition,30
PRKDC,Angiogenesis,Endothelial Cell Signature,endothelial_cell_signature_louvain_9,Endothelial-to-Mesenchymal Transition,30
PROM1,Angiogenesis,Endothelial Cell Signature,endothelial_cell_signature_louvain_9,Endothelial-to-Mesenchymal Transition,30
PTPRS,Angiogenesis,Endothelial Cell Signature,endothelial_cell_signature_louvain_9,Endothelial-to-Mesenchymal Transition,30
RASSF2,Angiogenesis,Endothelial Cell Signature,endothelial_cell_signature_louvain_9,Endothelial-to-Mesenchymal Transition,30
RNF144A,Angiogenesis,Endothelial Cell Signature,endothelial_cell_signature_louvain_9,Endothelial-to-Mesenchymal Transition,30
RPS6KA2,Angiogenesis,Endothelial Cell Signature,endothelial_cell_signature_louvain_9,Endothelial-to-Mesenchymal Transition,30
TCF4,Angiogenesis,Endothelial Cell Signature,endothelial_cell_signature_louvain_9,Endothelial-to-Mesenchymal Transition,30
VEGFA,Angiogenesis,Endothelial Cell Signature,endothelial_cell_signature_louvain_9,Endothelial-to-Mesenchymal Transition,30
ZEB1,Angiogenesis,Endothelial Cell Signature,endothelial_cell_signature_louvain_9,Endothelial-to-Mesenchymal Transition,30
ADA2,Angiogenesis,Endothelial Cell Signature,endothelial_cell_signature_louvain_5,Inflammatory Endothelial Activation,69
AOC3,Angiogenesis,Endothelial Cell Signature,endothelial_cell_signature_louvain_5,Inflammatory Endothelial Activation,69
ARHGAP15,Angiogenesis,Endothelial Cell Signature,endothelial_cell_signature_louvain_5,Inflammatory Endothelial Activation,69
ARHGAP25,Angiogenesis,Endothelial Cell Signature,endothelial_cell_signature_louvain_5,Inflammatory Endothelial Activation,69
BSG,Angiogenesis,Endothelial Cell Signature,endothelial_cell_signature_louvain_5,Inflammatory Endothelial Activation,69
CD200,Angiogenesis,Endothelial Cell Signature,endothelial_cell_signature_louvain_5,Inflammatory Endothelial Activation,69
CD302,Angiogenesis,Endothelial Cell Signature,endothelial_cell_signature_louvain_5,Inflammatory Endothelial Activation,69
CD34,Angiogenesis,Endothelial Cell Signature,endothelial_cell_signature_louvain_5,Inflammatory Endothelial Activation,69
CD37,Angiogenesis,Endothelial Cell Signature,endothelial_cell_signature_louvain_5,Inflammatory Endothelial Activation,69
CD4,Angiogenesis,Endothelial Cell Signature,endothelial_cell_signature_louvain_5,Inflammatory Endothelial Activation,69
CD48,Angiogenesis,Endothelial Cell Signature,endothelial_cell_signature_louvain_5,Inflammatory Endothelial Activation,69
CD52,Angiogenesis,Endothelial Cell Signature,endothelial_cell_signature_louvain_5,Inflammatory Endothelial Activation,69
CD81,Angiogenesis,Endothelial Cell Signature,endothelial_cell_signature_louvain_5,Inflammatory Endothelial Activation,69
CSF2RB,Angiogenesis,Endothelial Cell Signature,endothelial_cell_signature_louvain_5,Inflammatory Endothelial Activation,69
CXCL10,Angiogenesis,Endothelial Cell Signature,endothelial_cell_signature_louvain_5,Inflammatory Endothelial Activation,69
CYB5R3,Angiogenesis,Endothelial Cell Signature,endothelial_cell_signature_louvain_5,Inflammatory Endothelial Activation,69
DPYSL2,Angiogenesis,Endothelial Cell Signature,endothelial_cell_signature_louvain_5,Inflammatory Endothelial Activation,69
ENTPD1,Angiogenesis,Endothelial Cell Signature,endothelial_cell_signature_louvain_5,Inflammatory Endothelial Activation,69
EVI2A,Angiogenesis,Endothelial Cell Signature,endothelial_cell_signature_louvain_5,Inflammatory Endothelial Activation,69
EVI2B,Angiogenesis,Endothelial Cell Signature,endothelial_cell_signature_louvain_5,Inflammatory Endothelial Activation,69
FILIP1L,Angiogenesis,Endothelial Cell Signature,endothelial_cell_signature_louvain_5,Inflammatory Endothelial Activation,69
FOXP3,Angiogenesis,Endothelial Cell Signature,endothelial_cell_signature_louvain_5,Inflammatory Endothelial Activation,69
FYN,Angiogenesis,Endothelial Cell Signature,endothelial_cell_signature_louvain_5,Inflammatory Endothelial Activation,69
GIN1,Angiogenesis,Endothelial Cell Signature,endothelial_cell_signature_louvain_5,Inflammatory Endothelial Activation,69
GMFG,Angiogenesis,Endothelial Cell Signature,endothelial_cell_signature_louvain_5,Inflammatory Endothelial Activation,69
GPR183,Angiogenesis,Endothelial Cell Signature,endothelial_cell_signature_louvain_5,Inflammatory Endothelial Activation,69
GZMK,Angiogenesis,Endothelial Cell Signature,endothelial_cell_signature_louvain_5,Inflammatory Endothelial Activation,69
HMCN1,Angiogenesis,Endothelial Cell Signature,endothelial_cell_signature_louvain_5,Inflammatory Endothelial Activation,69
IKBKB,Angiogenesis,Endothelial Cell Signature,endothelial_cell_signature_louvain_5,Inflammatory Endothelial Activation,69
IL10RA,Angiogenesis,Endothelial Cell Signature,endothelial_cell_signature_louvain_5,Inflammatory Endothelial Activation,69
IL16,Angiogenesis,Endothelial Cell Signature,endothelial_cell_signature_louvain_5,Inflammatory Endothelial Activation,69
IL1B,Angiogenesis,Endothelial Cell Signature,endothelial_cell_signature_louvain_5,Inflammatory Endothelial Activation,69
IRAG2,Angiogenesis,Endothelial Cell Signature,endothelial_cell_signature_louvain_5,Inflammatory Endothelial Activation,69
IRAK3,Angiogenesis,Endothelial Cell Signature,endothelial_cell_signature_louvain_5,Inflammatory Endothelial Activation,69
IRF8,Angiogenesis,Endothelial Cell Signature,endothelial_cell_signature_louvain_5,Inflammatory Endothelial Activation,69
ITGAX,Angiogenesis,Endothelial Cell Signature,endothelial_cell_signature_louvain_5,Inflammatory Endothelial Activation,69
ITK,Angiogenesis,Endothelial Cell Signature,endothelial_cell_signature_louvain_5,Inflammatory Endothelial Activation,69
ITM2A,Angiogenesis,Endothelial Cell Signature,endothelial_cell_signature_louvain_5,Inflammatory Endothelial Activation,69
KIT,Angiogenesis,Endothelial Cell Signature,endothelial_cell_signature_louvain_5,Inflammatory Endothelial Activation,69
LCN2,Angiogenesis,Endothelial Cell Signature,endothelial_cell_signature_louvain_5,Inflammatory Endothelial Activation,69
LRRC32,Angiogenesis,Endothelial Cell Signature,endothelial_cell_signature_louvain_5,Inflammatory Endothelial Activation,69
LY75-CD302,Angiogenesis,Endothelial Cell Signature,endothelial_cell_signature_louvain_5,Inflammatory Endothelial Activation,69
MIR199B,Angiogenesis,Endothelial Cell Signature,endothelial_cell_signature_louvain_5,Inflammatory Endothelial Activation,69
MPEG1,Angiogenesis,Endothelial Cell Signature,endothelial_cell_signature_louvain_5,Inflammatory Endothelial Activation,69
MYADM,Angiogenesis,Endothelial Cell Signature,endothelial_cell_signature_louvain_5,Inflammatory Endothelial Activation,69
MYD88,Angiogenesis,Endothelial Cell Signature,endothelial_cell_signature_louvain_5,Inflammatory Endothelial Activation,69
NCF4,Angiogenesis,Endothelial Cell Signature,endothelial_cell_signature_louvain_5,Inflammatory Endothelial Activation,69
NLRC3,Angiogenesis,Endothelial Cell Signature,endothelial_cell_signature_louvain_5,Inflammatory Endothelial Activation,69
NRP1,Angiogenesis,Endothelial Cell Signature,endothelial_cell_signature_louvain_5,Inflammatory Endothelial Activation,69
PGLYRP1,Angiogenesis,Endothelial Cell Signature,endothelial_cell_signature_louvain_5,Inflammatory Endothelial Activation,69
PLSCR4,Angiogenesis,Endothelial Cell Signature,endothelial_cell_signature_louvain_5,Inflammatory Endothelial Activation,69
PLXNA2,Angiogenesis,Endothelial Cell Signature,endothelial_cell_signature_louvain_5,Inflammatory Endothelial Activation,69
RARRES2,Angiogenesis,Endothelial Cell Signature,endothelial_cell_signature_louvain_5,Inflammatory Endothelial Activation,69
RNASE6,Angiogenesis,Endothelial Cell Signature,endothelial_cell_signature_louvain_5,Inflammatory Endothelial Activation,69
SELL,Angiogenesis,Endothelial Cell Signature,endothelial_cell_signature_louvain_5,Inflammatory Endothelial Activation,69
SEMA3G,Angiogenesis,Endothelial Cell Signature,endothelial_cell_signature_louvain_5,Inflammatory Endothelial Activation,69
SEMA6D,Angiogenesis,Endothelial Cell Signature,endothelial_cell_signature_louvain_5,Inflammatory Endothelial Activation,69
SH2B3,Angiogenesis,Endothelial Cell Signature,endothelial_cell_signature_louvain_5,Inflammatory Endothelial Activation,69
SPRED2,Angiogenesis,Endothelial Cell Signature,endothelial_cell_signature_louvain_5,Inflammatory Endothelial Activation,69
STC1,Angiogenesis,Endothelial Cell Signature,endothelial_cell_signature_louvain_5,Inflammatory Endothelial Activation,69
SYNE1,Angiogenesis,Endothelial Cell Signature,endothelial_cell_signature_louvain_5,Inflammatory Endothelial Activation,69
SYNE3,Angiogenesis,Endothelial Cell Signature,endothelial_cell_signature_louvain_5,Inflammatory Endothelial Activation,69
THEMIS2,Angiogenesis,Endothelial Cell Signature,endothelial_cell_signature_louvain_5,Inflammatory Endothelial Activation,69
THY1,Angiogenesis,Endothelial Cell Signature,endothelial_cell_signature_louvain_5,Inflammatory Endothelial Activation,69
TNF,Angiogenesis,Endothelial Cell Signature,endothelial_cell_signature_louvain_5,Inflammatory Endothelial Activation,69
TNFRSF1A,Angiogenesis,Endothelial Cell Signature,endothelial_cell_signature_louvain_5,Inflammatory Endothelial Activation,69
TNFRSF21,Angiogenesis,Endothelial Cell Signature,endothelial_cell_signature_louvain_5,Inflammatory Endothelial Activation,69
TSPAN4,Angiogenesis,Endothelial Cell Signature,endothelial_cell_signature_louvain_5,Inflammatory Endothelial Activation,69
TSPAN7,Angiogenesis,Endothelial Cell Signature,endothelial_cell_signature_louvain_5,Inflammatory Endothelial Activation,69
ATP1A2,Angiogenesis,Endothelial Cell Signature,endothelial_cell_signature_louvain_13,NO/cGMP Signalling,56
ATP1B1,Angiogenesis,Endothelial Cell Signature,endothelial_cell_signature_louvain_13,NO/cGMP Signalling,56
ATP5F1A,Angiogenesis,Endothelial Cell Signature,endothelial_cell_signature_louvain_13,NO/cGMP Signalling,56
CALCRL,Angiogenesis,Endothelial Cell Signature,endothelial_cell_signature_louvain_13,NO/cGMP Signalling,56
CAVIN2,Angiogenesis,Endothelial Cell Signature,endothelial_cell_signature_louvain_13,NO/cGMP Signalling,56
COX4I2,Angiogenesis,Endothelial Cell Signature,endothelial_cell_signature_louvain_13,NO/cGMP Signalling,56
COX7A1,Angiogenesis,Endothelial Cell Signature,endothelial_cell_signature_louvain_13,NO/cGMP Signalling,56
CPXM2,Angiogenesis,Endothelial Cell Signature,endothelial_cell_signature_louvain_13,NO/cGMP Signalling,56
DDX46,Angiogenesis,Endothelial Cell Signature,endothelial_cell_signature_louvain_13,NO/cGMP Signalling,56
DKK3,Angiogenesis,Endothelial Cell Signature,endothelial_cell_signature_louvain_13,NO/cGMP Signalling,56
EDN1,Angiogenesis,Endothelial Cell Signature,endothelial_cell_signature_louvain_13,NO/cGMP Signalling,56
EDNRA,Angiogenesis,Endothelial Cell Signature,endothelial_cell_signature_louvain_13,NO/cGMP Signalling,56
EDNRB,Angiogenesis,Endothelial Cell Signature,endothelial_cell_signature_louvain_13,NO/cGMP Signalling,56
F2RL1,Angiogenesis,Endothelial Cell Signature,endothelial_cell_signature_louvain_13,NO/cGMP Signalling,56
FAM13C,Angiogenesis,Endothelial Cell Signature,endothelial_cell_signature_louvain_13,NO/cGMP Signalling,56
FMO2,Angiogenesis,Endothelial Cell Signature,endothelial_cell_signature_louvain_13,NO/cGMP Signalling,56
FNDC1,Angiogenesis,Endothelial Cell Signature,endothelial_cell_signature_louvain_13,NO/cGMP Signalling,56
FXYD5,Angiogenesis,Endothelial Cell Signature,endothelial_cell_signature_louvain_13,NO/cGMP Signalling,56
FXYD6,Angiogenesis,Endothelial Cell Signature,endothelial_cell_signature_louvain_13,NO/cGMP Signalling,56
FZD1,Angiogenesis,Endothelial Cell Signature,endothelial_cell_signature_louvain_13,NO/cGMP Signalling,56
FZD2,Angiogenesis,Endothelial Cell Signature,endothelial_cell_signature_louvain_13,NO/cGMP Signalling,56
FZD4,Angiogenesis,Endothelial Cell Signature,endothelial_cell_signature_louvain_13,NO/cGMP Signalling,56
GGT5,Angiogenesis,Endothelial Cell Signature,endothelial_cell_signature_louvain_13,NO/cGMP Signalling,56
GNG11,Angiogenesis,Endothelial Cell Signature,endothelial_cell_signature_louvain_13,NO/cGMP Signalling,56
GNG2,Angiogenesis,Endothelial Cell Signature,endothelial_cell_signature_louvain_13,NO/cGMP Signalling,56
GPX1,Angiogenesis,Endothelial Cell Signature,endothelial_cell_signature_louvain_13,NO/cGMP Signalling,56
GRK5,Angiogenesis,Endothelial Cell Signature,endothelial_cell_signature_louvain_13,NO/cGMP Signalling,56
GSTM3,Angiogenesis,Endothelial Cell Signature,endothelial_cell_signature_louvain_13,NO/cGMP Signalling,56
GUCY1B1,Angiogenesis,Endothelial Cell Signature,endothelial_cell_signature_louvain_13,NO/cGMP Signalling,56
IRAG1,Angiogenesis,Endothelial Cell Signature,endothelial_cell_signature_louvain_13,NO/cGMP Signalling,56
KCNJ8,Angiogenesis,Endothelial Cell Signature,endothelial_cell_signature_louvain_13,NO/cGMP Signalling,56
KCTD12,Angiogenesis,Endothelial Cell Signature,endothelial_cell_signature_louvain_13,NO/cGMP Signalling,56
NDP,Angiogenesis,Endothelial Cell Signature,endothelial_cell_signature_louvain_13,NO/cGMP Signalling,56
P2RY14,Angiogenesis,Endothelial Cell Signature,endothelial_cell_signature_louvain_13,NO/cGMP Signalling,56
PDE5A,Angiogenesis,Endothelial Cell Signature,endothelial_cell_signature_louvain_13,NO/cGMP Signalling,56
PEAR1,Angiogenesis,Endothelial Cell Signature,endothelial_cell_signature_louvain_13,NO/cGMP Signalling,56
PLAC9,Angiogenesis,Endothelial Cell Signature,endothelial_cell_signature_louvain_13,NO/cGMP Signalling,56
PLCB1,Angiogenesis,Endothelial Cell Signature,endothelial_cell_signature_louvain_13,NO/cGMP Signalling,56
PLN,Angiogenesis,Endothelial Cell Signature,endothelial_cell_signature_louvain_13,NO/cGMP Signalling,56
PPARGC1A,Angiogenesis,Endothelial Cell Signature,endothelial_cell_signature_louvain_13,NO/cGMP Signalling,56
PREX1,Angiogenesis,Endothelial Cell Signature,endothelial_cell_signature_louvain_13,NO/cGMP Signalling,56
PRKCH,Angiogenesis,Endothelial Cell Signature,endothelial_cell_signature_louvain_13,NO/cGMP Signalling,56
PRKG1,Angiogenesis,Endothelial Cell Signature,endothelial_cell_signature_louvain_13,NO/cGMP Signalling,56
PTGER3,Angiogenesis,Endothelial Cell Signature,endothelial_cell_signature_louvain_13,NO/cGMP Signalling,56
PTGIS,Angiogenesis,Endothelial Cell Signature,endothelial_cell_signature_louvain_13,NO/cGMP Signalling,56
RAMP3,Angiogenesis,Endothelial Cell Signature,endothelial_cell_signature_louvain_13,NO/cGMP Signalling,56
RGS18,Angiogenesis,Endothelial Cell Signature,endothelial_cell_signature_louvain_13,NO/cGMP Signalling,56
RGS5,Angiogenesis,Endothelial Cell Signature,endothelial_cell_signature_louvain_13,NO/cGMP Signalling,56
S1PR1,Angiogenesis,Endothelial Cell Signature,endothelial_cell_signature_louvain_13,NO/cGMP Signalling,56
S1PR2,Angiogenesis,Endothelial Cell Signature,endothelial_cell_signature_louvain_13,NO/cGMP Signalling,56
S1PR3,Angiogenesis,Endothelial Cell Signature,endothelial_cell_signature_louvain_13,NO/cGMP Signalling,56
SEPTIN8,Angiogenesis,Endothelial Cell Signature,endothelial_cell_signature_louvain_13,NO/cGMP Signalling,56
SFRP4,Angiogenesis,Endothelial Cell Signature,endothelial_cell_signature_louvain_13,NO/cGMP Signalling,56
SLCO2A1,Angiogenesis,Endothelial Cell Signature,endothelial_cell_signature_louvain_13,NO/cGMP Signalling,56
SNRK,Angiogenesis,Endothelial Cell Signature,endothelial_cell_signature_louvain_13,NO/cGMP Signalling,56
ST8SIA4,Angiogenesis,Endothelial Cell Signature,endothelial_cell_signature_louvain_13,NO/cGMP Signalling,56
ADAM10,Angiogenesis,Endothelial Cell Signature,endothelial_cell_signature_louvain_8,Notch Signalling,23
BCL6B,Angiogenesis,Endothelial Cell Signature,endothelial_cell_signature_louvain_8,Notch Signalling,23
DLL1,Angiogenesis,Endothelial Cell Signature,endothelial_cell_signature_louvain_8,Notch Signalling,23
DLL4,Angiogenesis,Endothelial Cell Signature,endothelial_cell_signature_louvain_8,Notch Signalling,23
EDF1,Angiogenesis,Endothelial Cell Signature,endothelial_cell_signature_louvain_8,Notch Signalling,23
GRB2,Angiogenesis,Endothelial Cell Signature,endothelial_cell_signature_louvain_8,Notch Signalling,23
HEY1,Angiogenesis,Endothelial Cell Signature,endothelial_cell_signature_louvain_8,Notch Signalling,23
HEY2,Angiogenesis,Endothelial Cell Signature,endothelial_cell_signature_louvain_8,Notch Signalling,23
HEYL,Angiogenesis,Endothelial Cell Signature,endothelial_cell_signature_louvain_8,Notch Signalling,23
JAG1,Angiogenesis,Endothelial Cell Signature,endothelial_cell_signature_louvain_8,Notch Signalling,23
JAG2,Angiogenesis,Endothelial Cell Signature,endothelial_cell_signature_louvain_8,Notch Signalling,23
MAML2,Angiogenesis,Endothelial Cell Signature,endothelial_cell_signature_louvain_8,Notch Signalling,23
MAP4K3,Angiogenesis,Endothelial Cell Signature,endothelial_cell_signature_louvain_8,Notch Signalling,23
MIR10A,Angiogenesis,Endothelial Cell Signature,endothelial_cell_signature_louvain_8,Notch Signalling,23
MIR34A,Angiogenesis,Endothelial Cell Signature,endothelial_cell_signature_louvain_8,Notch Signalling,23
NOTCH1,Angiogenesis,Endothelial Cell Signature,endothelial_cell_signature_louvain_8,Notch Signalling,23
NOTCH3,Angiogenesis,Endothelial Cell Signature,endothelial_cell_signature_louvain_8,Notch Signalling,23
NOTCH4,Angiogenesis,Endothelial Cell Signature,endothelial_cell_signature_louvain_8,Notch Signalling,23
PELO,Angiogenesis,Endothelial Cell Signature,endothelial_cell_signature_louvain_8,Notch Signalling,23
RBPJ,Angiogenesis,Endothelial Cell Signature,endothelial_cell_signature_louvain_8,Notch Signalling,23
RNF38,Angiogenesis,Endothelial Cell Signature,endothelial_cell_signature_louvain_8,Notch Signalling,23
RPS27A,Angiogenesis,Endothelial Cell Signature,endothelial_cell_signature_louvain_8,Notch Signalling,23
STAMBPL1,Angiogenesis,Endothelial Cell Signature,endothelial_cell_signature_louvain_8,Notch Signalling,23
ACTA2,Angiogenesis,Endothelial Cell Signature,endothelial_cell_signature_louvain_6,Pericyte Contractile Cytoskeleton,48
ARHGAP31,Angiogenesis,Endothelial Cell Signature,endothelial_cell_signature_louvain_6,Pericyte Contractile Cytoskeleton,48
ARHGAP42,Angiogenesis,Endothelial Cell Signature,endothelial_cell_signature_louvain_6,Pericyte Contractile Cytoskeleton,48
ARHGAP6,Angiogenesis,Endothelial Cell Signature,endothelial_cell_signature_louvain_6,Pericyte Contractile Cytoskeleton,48
ARHGDIB,Angiogenesis,Endothelial Cell Signature,endothelial_cell_signature_louvain_6,Pericyte Contractile Cytoskeleton,48
ARHGEF17,Angiogenesis,Endothelial Cell Signature,endothelial_cell_signature_louvain_6,Pericyte Contractile Cytoskeleton,48
ARHGEF26,Angiogenesis,Endothelial Cell Signature,endothelial_cell_signature_louvain_6,Pericyte Contractile Cytoskeleton,48
BTG1,Angiogenesis,Endothelial Cell Signature,endothelial_cell_signature_louvain_6,Pericyte Contractile Cytoskeleton,48
CALD1,Angiogenesis,Endothelial Cell Signature,endothelial_cell_signature_louvain_6,Pericyte Contractile Cytoskeleton,48
CNN1,Angiogenesis,Endothelial Cell Signature,endothelial_cell_signature_louvain_6,Pericyte Contractile Cytoskeleton,48
DLC1,Angiogenesis,Endothelial Cell Signature,endothelial_cell_signature_louvain_6,Pericyte Contractile Cytoskeleton,48
DMD,Angiogenesis,Endothelial Cell Signature,endothelial_cell_signature_louvain_6,Pericyte Contractile Cytoskeleton,48
DYSF,Angiogenesis,Endothelial Cell Signature,endothelial_cell_signature_louvain_6,Pericyte Contractile Cytoskeleton,48
ELMO1,Angiogenesis,Endothelial Cell Signature,endothelial_cell_signature_louvain_6,Pericyte Contractile Cytoskeleton,48
FOXO3,Angiogenesis,Endothelial Cell Signature,endothelial_cell_signature_louvain_6,Pericyte Contractile Cytoskeleton,48
KANK2,Angiogenesis,Endothelial Cell Signature,endothelial_cell_signature_louvain_6,Pericyte Contractile Cytoskeleton,48
KANK3,Angiogenesis,Endothelial Cell Signature,endothelial_cell_signature_louvain_6,Pericyte Contractile Cytoskeleton,48
MECOM,Angiogenesis,Endothelial Cell Signature,endothelial_cell_signature_louvain_6,Pericyte Contractile Cytoskeleton,48
MPRIP,Angiogenesis,Endothelial Cell Signature,endothelial_cell_signature_louvain_6,Pericyte Contractile Cytoskeleton,48
MYH11,Angiogenesis,Endothelial Cell Signature,endothelial_cell_signature_louvain_6,Pericyte Contractile Cytoskeleton,48
MYL9,Angiogenesis,Endothelial Cell Signature,endothelial_cell_signature_louvain_6,Pericyte Contractile Cytoskeleton,48
NNMT,Angiogenesis,Endothelial Cell Signature,endothelial_cell_signature_louvain_6,Pericyte Contractile Cytoskeleton,48
NUAK1,Angiogenesis,Endothelial Cell Signature,endothelial_cell_signature_louvain_6,Pericyte Contractile Cytoskeleton,48
PCDH18,Angiogenesis,Endothelial Cell Signature,endothelial_cell_signature_louvain_6,Pericyte Contractile Cytoskeleton,48
PDLIM2,Angiogenesis,Endothelial Cell Signature,endothelial_cell_signature_louvain_6,Pericyte Contractile Cytoskeleton,48
PGM5,Angiogenesis,Endothelial Cell Signature,endothelial_cell_signature_louvain_6,Pericyte Contractile Cytoskeleton,48
PLXDC1,Angiogenesis,Endothelial Cell Signature,endothelial_cell_signature_louvain_6,Pericyte Contractile Cytoskeleton,48
PPP1R12A,Angiogenesis,Endothelial Cell Signature,endothelial_cell_signature_louvain_6,Pericyte Contractile Cytoskeleton,48
RHOA,Angiogenesis,Endothelial Cell Signature,endothelial_cell_signature_louvain_6,Pericyte Contractile Cytoskeleton,48
RHOB,Angiogenesis,Endothelial Cell Signature,endothelial_cell_signature_louvain_6,Pericyte Contractile Cytoskeleton,48
ROCK1,Angiogenesis,Endothelial Cell Signature,endothelial_cell_signature_louvain_6,Pericyte Contractile Cytoskeleton,48
ROCK2,Angiogenesis,Endothelial Cell Signature,endothelial_cell_signature_louvain_6,Pericyte Contractile Cytoskeleton,48
RUNX1T1,Angiogenesis,Endothelial Cell Signature,endothelial_cell_signature_louvain_6,Pericyte Contractile Cytoskeleton,48
SMTN,Angiogenesis,Endothelial Cell Signature,endothelial_cell_signature_louvain_6,Pericyte Contractile Cytoskeleton,48
SORBS1,Angiogenesis,Endothelial Cell Signature,endothelial_cell_signature_louvain_6,Pericyte Contractile Cytoskeleton,48
SORBS3,Angiogenesis,Endothelial Cell Signature,endothelial_cell_signature_louvain_6,Pericyte Contractile Cytoskeleton,48
STARD13,Angiogenesis,Endothelial Cell Signature,endothelial_cell_signature_louvain_6,Pericyte Contractile Cytoskeleton,48
SYNPO2,Angiogenesis,Endothelial Cell Signature,endothelial_cell_signature_louvain_6,Pericyte Contractile Cytoskeleton,48
TAGLN,Angiogenesis,Endothelial Cell Signature,endothelial_cell_signature_louvain_6,Pericyte Contractile Cytoskeleton,48
TGFB1I1,Angiogenesis,Endothelial Cell Signature,endothelial_cell_signature_louvain_6,Pericyte Contractile Cytoskeleton,48
TGFBR2,Angiogenesis,Endothelial Cell Signature,endothelial_cell_signature_louvain_6,Pericyte Contractile Cytoskeleton,48
TLN1,Angiogenesis,Endothelial Cell Signature,endothelial_cell_signature_louvain_6,Pericyte Contractile Cytoskeleton,48
TNS1,Angiogenesis,Endothelial Cell Signature,endothelial_cell_signature_louvain_6,Pericyte Contractile Cytoskeleton,48
TNS2,Angiogenesis,Endothelial Cell Signature,endothelial_cell_signature_louvain_6,Pericyte Contractile Cytoskeleton,48
TNS3,Angiogenesis,Endothelial Cell Signature,endothelial_cell_signature_louvain_6,Pericyte Contractile Cytoskeleton,48
UTRN,Angiogenesis,Endothelial Cell Signature,endothelial_cell_signature_louvain_6,Pericyte Contractile Cytoskeleton,48
VCL,Angiogenesis,Endothelial Cell Signature,endothelial_cell_signature_louvain_6,Pericyte Contractile Cytoskeleton,48
VIM,Angiogenesis,Endothelial Cell Signature,endothelial_cell_signature_louvain_6,Pericyte Contractile Cytoskeleton,48
APOLD1,Angiogenesis,Endothelial Cell Signature,endothelial_cell_signature_louvain_0,Periendothelial Matrix Assembly,27
CD248,Angiogenesis,Endothelial Cell Signature,endothelial_cell_signature_louvain_0,Periendothelial Matrix Assembly,27
COL14A1,Angiogenesis,Endothelial Cell Signature,endothelial_cell_signature_louvain_0,Periendothelial Matrix Assembly,27
COL15A1,Angiogenesis,Endothelial Cell Signature,endothelial_cell_signature_louvain_0,Periendothelial Matrix Assembly,27
COL18A1,Angiogenesis,Endothelial Cell Signature,endothelial_cell_signature_louvain_0,Periendothelial Matrix Assembly,27
COL21A1,Angiogenesis,Endothelial Cell Signature,endothelial_cell_signature_louvain_0,Periendothelial Matrix Assembly,27
COL3A1,Angiogenesis,Endothelial Cell Signature,endothelial_cell_signature_louvain_0,Periendothelial Matrix Assembly,27
COL4A2,Angiogenesis,Endothelial Cell Signature,endothelial_cell_signature_louvain_0,Periendothelial Matrix Assembly,27
COL5A2,Angiogenesis,Endothelial Cell Signature,endothelial_cell_signature_louvain_0,Periendothelial Matrix Assembly,27
COL5A3,Angiogenesis,Endothelial Cell Signature,endothelial_cell_signature_louvain_0,Periendothelial Matrix Assembly,27
COL6A3,Angiogenesis,Endothelial Cell Signature,endothelial_cell_signature_louvain_0,Periendothelial Matrix Assembly,27
FSTL1,Angiogenesis,Endothelial Cell Signature,endothelial_cell_signature_louvain_0,Periendothelial Matrix Assembly,27
IGBP1,Angiogenesis,Endothelial Cell Signature,endothelial_cell_signature_louvain_0,Periendothelial Matrix Assembly,27
ITGA7,Angiogenesis,Endothelial Cell Signature,endothelial_cell_signature_louvain_0,Periendothelial Matrix Assembly,27
ITGA9,Angiogenesis,Endothelial Cell Signature,endothelial_cell_signature_louvain_0,Periendothelial Matrix Assembly,27
ITGB5,Angiogenesis,Endothelial Cell Signature,endothelial_cell_signature_louvain_0,Periendothelial Matrix Assembly,27
LAMA4,Angiogenesis,Endothelial Cell Signature,endothelial_cell_signature_louvain_0,Periendothelial Matrix Assembly,27
LAMB2,Angiogenesis,Endothelial Cell Signature,endothelial_cell_signature_louvain_0,Periendothelial Matrix Assembly,27
MUSTN1,Angiogenesis,Endothelial Cell Signature,endothelial_cell_signature_louvain_0,Periendothelial Matrix Assembly,27
NID1,Angiogenesis,Endothelial Cell Signature,endothelial_cell_signature_louvain_0,Periendothelial Matrix Assembly,27
NID2,Angiogenesis,Endothelial Cell Signature,endothelial_cell_signature_louvain_0,Periendothelial Matrix Assembly,27
NPDC1,Angiogenesis,Endothelial Cell Signature,endothelial_cell_signature_louvain_0,Periendothelial Matrix Assembly,27
OLFML2B,Angiogenesis,Endothelial Cell Signature,endothelial_cell_signature_louvain_0,Periendothelial Matrix Assembly,27
PCOLCE,Angiogenesis,Endothelial Cell Signature,endothelial_cell_signature_louvain_0,Periendothelial Matrix Assembly,27
PILRA,Angiogenesis,Endothelial Cell Signature,endothelial_cell_signature_louvain_0,Periendothelial Matrix Assembly,27
PLOD3,Angiogenesis,Endothelial Cell Signature,endothelial_cell_signature_louvain_0,Periendothelial Matrix Assembly,27
TNMD,Angiogenesis,Endothelial Cell Signature,endothelial_cell_signature_louvain_0,Periendothelial Matrix Assembly,27
ADAMTS1,Angiogenesis,Endothelial Cell Signature,endothelial_cell_signature_louvain_1,Proteoglycan Synthesis & ECM Remodelling,20
ADAMTS5,Angiogenesis,Endothelial Cell Signature,endothelial_cell_signature_louvain_1,Proteoglycan Synthesis & ECM Remodelling,20
CHSY3,Angiogenesis,Endothelial Cell Signature,endothelial_cell_signature_louvain_1,Proteoglycan Synthesis & ECM Remodelling,20
CPED1,Angiogenesis,Endothelial Cell Signature,endothelial_cell_signature_louvain_1,Proteoglycan Synthesis & ECM Remodelling,20
CSGALNACT1,Angiogenesis,Endothelial Cell Signature,endothelial_cell_signature_louvain_1,Proteoglycan Synthesis & ECM Remodelling,20
GALNT15,Angiogenesis,Endothelial Cell Signature,endothelial_cell_signature_louvain_1,Proteoglycan Synthesis & ECM Remodelling,20
GALNT3,Angiogenesis,Endothelial Cell Signature,endothelial_cell_signature_louvain_1,Proteoglycan Synthesis & ECM Remodelling,20
HAPLN2,Angiogenesis,Endothelial Cell Signature,endothelial_cell_signature_louvain_1,Proteoglycan Synthesis & ECM Remodelling,20
HAS2,Angiogenesis,Endothelial Cell Signature,endothelial_cell_signature_louvain_1,Proteoglycan Synthesis & ECM Remodelling,20
HTRA1,Angiogenesis,Endothelial Cell Signature,endothelial_cell_signature_louvain_1,Proteoglycan Synthesis & ECM Remodelling,20
IGFBP4,Angiogenesis,Endothelial Cell Signature,endothelial_cell_signature_louvain_1,Proteoglycan Synthesis & ECM Remodelling,20
IGFBP7,Angiogenesis,Endothelial Cell Signature,endothelial_cell_signature_louvain_1,Proteoglycan Synthesis & ECM Remodelling,20
MIR21,Angiogenesis,Endothelial Cell Signature,endothelial_cell_signature_louvain_1,Proteoglycan Synthesis & ECM Remodelling,20
MMP2,Angiogenesis,Endothelial Cell Signature,endothelial_cell_signature_louvain_1,Proteoglycan Synthesis & ECM Remodelling,20
MUC20,Angiogenesis,Endothelial Cell Signature,endothelial_cell_signature_louvain_1,Proteoglycan Synthesis & ECM Remodelling,20
SCUBE1,Angiogenesis,Endothelial Cell Signature,endothelial_cell_signature_louvain_1,Proteoglycan Synthesis & ECM Remodelling,20
SCUBE3,Angiogenesis,Endothelial Cell Signature,endothelial_cell_signature_louvain_1,Proteoglycan Synthesis & ECM Remodelling,20
TIMP3,Angiogenesis,Endothelial Cell Signature,endothelial_cell_signature_louvain_1,Proteoglycan Synthesis & ECM Remodelling,20
TTC28,Angiogenesis,Endothelial Cell Signature,endothelial_cell_signature_louvain_1,Proteoglycan Synthesis & ECM Remodelling,20
VCAN,Angiogenesis,Endothelial Cell Signature,endothelial_cell_signature_louvain_1,Proteoglycan Synthesis & ECM Remodelling,20
ADCY4,Angiogenesis,Endothelial Cell Signature,endothelial_cell_signature_louvain_11,Rap1/CCM Signalling,50
AFDN,Angiogenesis,Endothelial Cell Signature,endothelial_cell_signature_louvain_11,Rap1/CCM Signalling,50
ARAP3,Angiogenesis,Endothelial Cell Signature,endothelial_cell_signature_louvain_11,Rap1/CCM Signalling,50
CCM2,Angiogenesis,Endothelial Cell Signature,endothelial_cell_signature_louvain_11,Rap1/CCM Signalling,50
CDC42,Angiogenesis,Endothelial Cell Signature,endothelial_cell_signature_louvain_11,Rap1/CCM Signalling,50
CDK17,Angiogenesis,Endothelial Cell Signature,endothelial_cell_signature_louvain_11,Rap1/CCM Signalling,50
ENPP2,Angiogenesis,Endothelial Cell Signature,endothelial_cell_signature_louvain_11,Rap1/CCM Signalling,50
FILIP1,Angiogenesis,Endothelial Cell Signature,endothelial_cell_signature_louvain_11,Rap1/CCM Signalling,50
GABRA4,Angiogenesis,Endothelial Cell Signature,endothelial_cell_signature_louvain_11,Rap1/CCM Signalling,50
GABRB3,Angiogenesis,Endothelial Cell Signature,endothelial_cell_signature_louvain_11,Rap1/CCM Signalling,50
HEG1,Angiogenesis,Endothelial Cell Signature,endothelial_cell_signature_louvain_11,Rap1/CCM Signalling,50
KRAS,Angiogenesis,Endothelial Cell Signature,endothelial_cell_signature_louvain_11,Rap1/CCM Signalling,50
KRIT1,Angiogenesis,Endothelial Cell Signature,endothelial_cell_signature_louvain_11,Rap1/CCM Signalling,50
KSR1,Angiogenesis,Endothelial Cell Signature,endothelial_cell_signature_louvain_11,Rap1/CCM Signalling,50
LGALS8,Angiogenesis,Endothelial Cell Signature,endothelial_cell_signature_louvain_11,Rap1/CCM Signalling,50
LRPAP1,Angiogenesis,Endothelial Cell Signature,endothelial_cell_signature_louvain_11,Rap1/CCM Signalling,50
MAGI1,Angiogenesis,Endothelial Cell Signature,endothelial_cell_signature_louvain_11,Rap1/CCM Signalling,50
MSRB3,Angiogenesis,Endothelial Cell Signature,endothelial_cell_signature_louvain_11,Rap1/CCM Signalling,50
PDCD10,Angiogenesis,Endothelial Cell Signature,endothelial_cell_signature_louvain_11,Rap1/CCM Signalling,50
PDE2A,Angiogenesis,Endothelial Cell Signature,endothelial_cell_signature_louvain_11,Rap1/CCM Signalling,50
PDE4D,Angiogenesis,Endothelial Cell Signature,endothelial_cell_signature_louvain_11,Rap1/CCM Signalling,50
PDE7B,Angiogenesis,Endothelial Cell Signature,endothelial_cell_signature_louvain_11,Rap1/CCM Signalling,50
PJA2,Angiogenesis,Endothelial Cell Signature,endothelial_cell_signature_louvain_11,Rap1/CCM Signalling,50
PKM,Angiogenesis,Endothelial Cell Signature,endothelial_cell_signature_louvain_11,Rap1/CCM Signalling,50
PLCL1,Angiogenesis,Endothelial Cell Signature,endothelial_cell_signature_louvain_11,Rap1/CCM Signalling,50
PLEKHG1,Angiogenesis,Endothelial Cell Signature,endothelial_cell_signature_louvain_11,Rap1/CCM Signalling,50
PLPP1,Angiogenesis,Endothelial Cell Signature,endothelial_cell_signature_louvain_11,Rap1/CCM Signalling,50
PRKD2,Angiogenesis,Endothelial Cell Signature,endothelial_cell_signature_louvain_11,Rap1/CCM Signalling,50
PTPRE,Angiogenesis,Endothelial Cell Signature,endothelial_cell_signature_louvain_11,Rap1/CCM Signalling,50
PTPRG,Angiogenesis,Endothelial Cell Signature,endothelial_cell_signature_louvain_11,Rap1/CCM Signalling,50
RAB1A,Angiogenesis,Endothelial Cell Signature,endothelial_cell_signature_louvain_11,Rap1/CCM Signalling,50
RAB1B,Angiogenesis,Endothelial Cell Signature,endothelial_cell_signature_louvain_11,Rap1/CCM Signalling,50
RAP1A,Angiogenesis,Endothelial Cell Signature,endothelial_cell_signature_louvain_11,Rap1/CCM Signalling,50
RAP1B,Angiogenesis,Endothelial Cell Signature,endothelial_cell_signature_louvain_11,Rap1/CCM Signalling,50
RAP2B,Angiogenesis,Endothelial Cell Signature,endothelial_cell_signature_louvain_11,Rap1/CCM Signalling,50
RAP2C,Angiogenesis,Endothelial Cell Signature,endothelial_cell_signature_louvain_11,Rap1/CCM Signalling,50
RAPGEF1,Angiogenesis,Endothelial Cell Signature,endothelial_cell_signature_louvain_11,Rap1/CCM Signalling,50
RAPGEF2,Angiogenesis,Endothelial Cell Signature,endothelial_cell_signature_louvain_11,Rap1/CCM Signalling,50
RAPGEF3,Angiogenesis,Endothelial Cell Signature,endothelial_cell_signature_louvain_11,Rap1/CCM Signalling,50
RAPGEF4,Angiogenesis,Endothelial Cell Signature,endothelial_cell_signature_louvain_11,Rap1/CCM Signalling,50
RAPGEF6,Angiogenesis,Endothelial Cell Signature,endothelial_cell_signature_louvain_11,Rap1/CCM Signalling,50
RASGRP3,Angiogenesis,Endothelial Cell Signature,endothelial_cell_signature_louvain_11,Rap1/CCM Signalling,50
RGL1,Angiogenesis,Endothelial Cell Signature,endothelial_cell_signature_louvain_11,Rap1/CCM Signalling,50
SERINC1,Angiogenesis,Endothelial Cell Signature,endothelial_cell_signature_louvain_11,Rap1/CCM Signalling,50
SERPINI1,Angiogenesis,Endothelial Cell Signature,endothelial_cell_signature_louvain_11,Rap1/CCM Signalling,50
SH3BP5,Angiogenesis,Endothelial Cell Signature,endothelial_cell_signature_louvain_11,Rap1/CCM Signalling,50
SHANK3,Angiogenesis,Endothelial Cell Signature,endothelial_cell_signature_louvain_11,Rap1/CCM Signalling,50
STXBP1,Angiogenesis,Endothelial Cell Signature,endothelial_cell_signature_louvain_11,Rap1/CCM Signalling,50
SYT11,Angiogenesis,Endothelial Cell Signature,endothelial_cell_signature_louvain_11,Rap1/CCM Signalling,50
TECPR1,Angiogenesis,Endothelial Cell Signature,endothelial_cell_signature_louvain_11,Rap1/CCM Signalling,50
ANKZF1,Angiogenesis,Hypoxia Signalling,hypoxia_signalling_louvain_3,ER Stress Transcriptional Response,21
ATF3,Angiogenesis,Hypoxia Signalling,hypoxia_signalling_louvain_3,ER Stress Transcriptional Response,21
BHLHE40,Angiogenesis,Hypoxia Signalling,hypoxia_signalling_louvain_3,ER Stress Transcriptional Response,21
DDIT3,Angiogenesis,Hypoxia Signalling,hypoxia_signalling_louvain_3,ER Stress Transcriptional Response,21
DUSP1,Angiogenesis,Hypoxia Signalling,hypoxia_signalling_louvain_3,ER Stress Transcriptional Response,21
ERO1A,Angiogenesis,Hypoxia Signalling,hypoxia_signalling_louvain_3,ER Stress Transcriptional Response,21
FOS,Angiogenesis,Hypoxia Signalling,hypoxia_signalling_louvain_3,ER Stress Transcriptional Response,21
FOSL2,Angiogenesis,Hypoxia Signalling,hypoxia_signalling_louvain_3,ER Stress Transcriptional Response,21
HSPA5,Angiogenesis,Hypoxia Signalling,hypoxia_signalling_louvain_3,ER Stress Transcriptional Response,21
IER3,Angiogenesis,Hypoxia Signalling,hypoxia_signalling_louvain_3,ER Stress Transcriptional Response,21
JUN,Angiogenesis,Hypoxia Signalling,hypoxia_signalling_louvain_3,ER Stress Transcriptional Response,21
KLF6,Angiogenesis,Hypoxia Signalling,hypoxia_signalling_louvain_3,ER Stress Transcriptional Response,21
MAFF,Angiogenesis,Hypoxia Signalling,hypoxia_signalling_louvain_3,ER Stress Transcriptional Response,21
NFIL3,Angiogenesis,Hypoxia Signalling,hypoxia_signalling_louvain_3,ER Stress Transcriptional Response,21
NOCT,Angiogenesis,Hypoxia Signalling,hypoxia_signalling_louvain_3,ER Stress Transcriptional Response,21
PELO,Angiogenesis,Hypoxia Signalling,hypoxia_signalling_louvain_3,ER Stress Transcriptional Response,21
PPP1R15A,Angiogenesis,Hypoxia Signalling,hypoxia_signalling_louvain_3,ER Stress Transcriptional Response,21
RORA,Angiogenesis,Hypoxia Signalling,hypoxia_signalling_louvain_3,ER Stress Transcriptional Response,21
TIPARP,Angiogenesis,Hypoxia Signalling,hypoxia_signalling_louvain_3,ER Stress Transcriptional Response,21
TNFAIP3,Angiogenesis,Hypoxia Signalling,hypoxia_signalling_louvain_3,ER Stress Transcriptional Response,21
ZFP36,Angiogenesis,Hypoxia Signalling,hypoxia_signalling_louvain_3,ER Stress Transcriptional Response,21
ACKR3,Angiogenesis,Hypoxia Signalling,hypoxia_signalling_louvain_0,HIF-Driven Hypoxic Response,82
ADM,Angiogenesis,Hypoxia Signalling,hypoxia_signalling_louvain_0,HIF-Driven Hypoxic Response,82
AKAP12,Angiogenesis,Hypoxia Signalling,hypoxia_signalling_louvain_0,HIF-Driven Hypoxic Response,82
ANGPT1,Angiogenesis,Hypoxia Signalling,hypoxia_signalling_louvain_0,HIF-Driven Hypoxic Response,82
ANGPT2,Angiogenesis,Hypoxia Signalling,hypoxia_signalling_louvain_0,HIF-Driven Hypoxic Response,82
ANGPT4,Angiogenesis,Hypoxia Signalling,hypoxia_signalling_louvain_0,HIF-Driven Hypoxic Response,82
ANGPTL4,Angiogenesis,Hypoxia Signalling,hypoxia_signalling_louvain_0,HIF-Driven Hypoxic Response,82
ANXA2,Angiogenesis,Hypoxia Signalling,hypoxia_signalling_louvain_0,HIF-Driven Hypoxic Response,82
ATP7A,Angiogenesis,Hypoxia Signalling,hypoxia_signalling_louvain_0,HIF-Driven Hypoxic Response,82
B4GALNT2,Angiogenesis,Hypoxia Signalling,hypoxia_signalling_louvain_0,HIF-Driven Hypoxic Response,82
BLOC1S6,Angiogenesis,Hypoxia Signalling,hypoxia_signalling_louvain_0,HIF-Driven Hypoxic Response,82
BRS3,Angiogenesis,Hypoxia Signalling,hypoxia_signalling_louvain_0,HIF-Driven Hypoxic Response,82
CAV1,Angiogenesis,Hypoxia Signalling,hypoxia_signalling_louvain_0,HIF-Driven Hypoxic Response,82
CAVIN1,Angiogenesis,Hypoxia Signalling,hypoxia_signalling_louvain_0,HIF-Driven Hypoxic Response,82
CAVIN3,Angiogenesis,Hypoxia Signalling,hypoxia_signalling_louvain_0,HIF-Driven Hypoxic Response,82
CCN1,Angiogenesis,Hypoxia Signalling,hypoxia_signalling_louvain_0,HIF-Driven Hypoxic Response,82
CCN2,Angiogenesis,Hypoxia Signalling,hypoxia_signalling_louvain_0,HIF-Driven Hypoxic Response,82
CCN5,Angiogenesis,Hypoxia Signalling,hypoxia_signalling_louvain_0,HIF-Driven Hypoxic Response,82
COL5A1,Angiogenesis,Hypoxia Signalling,hypoxia_signalling_louvain_0,HIF-Driven Hypoxic Response,82
CP,Angiogenesis,Hypoxia Signalling,hypoxia_signalling_louvain_0,HIF-Driven Hypoxic Response,82
CXCR4,Angiogenesis,Hypoxia Signalling,hypoxia_signalling_louvain_0,HIF-Driven Hypoxic Response,82
CYBB,Angiogenesis,Hypoxia Signalling,hypoxia_signalling_louvain_0,HIF-Driven Hypoxic Response,82
EDN1,Angiogenesis,Hypoxia Signalling,hypoxia_signalling_louvain_0,HIF-Driven Hypoxic Response,82
EDN2,Angiogenesis,Hypoxia Signalling,hypoxia_signalling_louvain_0,HIF-Driven Hypoxic Response,82
EFNA1,Angiogenesis,Hypoxia Signalling,hypoxia_signalling_louvain_0,HIF-Driven Hypoxic Response,82
EFNA3,Angiogenesis,Hypoxia Signalling,hypoxia_signalling_louvain_0,HIF-Driven Hypoxic Response,82
EGF,Angiogenesis,Hypoxia Signalling,hypoxia_signalling_louvain_0,HIF-Driven Hypoxic Response,82
EGFR,Angiogenesis,Hypoxia Signalling,hypoxia_signalling_louvain_0,HIF-Driven Hypoxic Response,82
EPO,Angiogenesis,Hypoxia Signalling,hypoxia_signalling_louvain_0,HIF-Driven Hypoxic Response,82
F3,Angiogenesis,Hypoxia Signalling,hypoxia_signalling_louvain_0,HIF-Driven Hypoxic Response,82
FLT1,Angiogenesis,Hypoxia Signalling,hypoxia_signalling_louvain_0,HIF-Driven Hypoxic Response,82
GLRX,Angiogenesis,Hypoxia Signalling,hypoxia_signalling_louvain_0,HIF-Driven Hypoxic Response,82
GNG2,Angiogenesis,Hypoxia Signalling,hypoxia_signalling_louvain_0,HIF-Driven Hypoxic Response,82
HDLBP,Angiogenesis,Hypoxia Signalling,hypoxia_signalling_louvain_0,HIF-Driven Hypoxic Response,82
HMOX1,Angiogenesis,Hypoxia Signalling,hypoxia_signalling_louvain_0,HIF-Driven Hypoxic Response,82
HOXB9,Angiogenesis,Hypoxia Signalling,hypoxia_signalling_louvain_0,HIF-Driven Hypoxic Response,82
IDS,Angiogenesis,Hypoxia Signalling,hypoxia_signalling_louvain_0,HIF-Driven Hypoxic Response,82
IFNG,Angiogenesis,Hypoxia Signalling,hypoxia_signalling_louvain_0,HIF-Driven Hypoxic Response,82
IFNGR1,Angiogenesis,Hypoxia Signalling,hypoxia_signalling_louvain_0,HIF-Driven Hypoxic Response,82
IFNGR2,Angiogenesis,Hypoxia Signalling,hypoxia_signalling_louvain_0,HIF-Driven Hypoxic Response,82
IGF1,Angiogenesis,Hypoxia Signalling,hypoxia_signalling_louvain_0,HIF-Driven Hypoxic Response,82
IGFBP1,Angiogenesis,Hypoxia Signalling,hypoxia_signalling_louvain_0,HIF-Driven Hypoxic Response,82
IGFBP3,Angiogenesis,Hypoxia Signalling,hypoxia_signalling_louvain_0,HIF-Driven Hypoxic Response,82
IL6,Angiogenesis,Hypoxia Signalling,hypoxia_signalling_louvain_0,HIF-Driven Hypoxic Response,82
IL6R,Angiogenesis,Hypoxia Signalling,hypoxia_signalling_louvain_0,HIF-Driven Hypoxic Response,82
INS,Angiogenesis,Hypoxia Signalling,hypoxia_signalling_louvain_0,HIF-Driven Hypoxic Response,82
KIF5A,Angiogenesis,Hypoxia Signalling,hypoxia_signalling_louvain_0,HIF-Driven Hypoxic Response,82
KLF7,Angiogenesis,Hypoxia Signalling,hypoxia_signalling_louvain_0,HIF-Driven Hypoxic Response,82
LALBA,Angiogenesis,Hypoxia Signalling,hypoxia_signalling_louvain_0,HIF-Driven Hypoxic Response,82
LOX,Angiogenesis,Hypoxia Signalling,hypoxia_signalling_louvain_0,HIF-Driven Hypoxic Response,82
LXN,Angiogenesis,Hypoxia Signalling,hypoxia_signalling_louvain_0,HIF-Driven Hypoxic Response,82
MIF,Angiogenesis,Hypoxia Signalling,hypoxia_signalling_louvain_0,HIF-Driven Hypoxic Response,82
MT1E,Angiogenesis,Hypoxia Signalling,hypoxia_signalling_louvain_0,HIF-Driven Hypoxic Response,82
MT2A,Angiogenesis,Hypoxia Signalling,hypoxia_signalling_louvain_0,HIF-Driven Hypoxic Response,82
MYH9,Angiogenesis,Hypoxia Signalling,hypoxia_signalling_louvain_0,HIF-Driven Hypoxic Response,82
NOS2,Angiogenesis,Hypoxia Signalling,hypoxia_signalling_louvain_0,HIF-Driven Hypoxic Response,82
NOS3,Angiogenesis,Hypoxia Signalling,hypoxia_signalling_louvain_0,HIF-Driven Hypoxic Response,82
NPPA,Angiogenesis,Hypoxia Signalling,hypoxia_signalling_louvain_0,HIF-Driven Hypoxic Response,82
PAM,Angiogenesis,Hypoxia Signalling,hypoxia_signalling_louvain_0,HIF-Driven Hypoxic Response,82
PDGFB,Angiogenesis,Hypoxia Signalling,hypoxia_signalling_louvain_0,HIF-Driven Hypoxic Response,82
PGF,Angiogenesis,Hypoxia Signalling,hypoxia_signalling_louvain_0,HIF-Driven Hypoxic Response,82
PLAUR,Angiogenesis,Hypoxia Signalling,hypoxia_signalling_louvain_0,HIF-Driven Hypoxic Response,82
PLIN2,Angiogenesis,Hypoxia Signalling,hypoxia_signalling_louvain_0,HIF-Driven Hypoxic Response,82
S100A4,Angiogenesis,Hypoxia Signalling,hypoxia_signalling_louvain_0,HIF-Driven Hypoxic Response,82
SCARB1,Angiogenesis,Hypoxia Signalling,hypoxia_signalling_louvain_0,HIF-Driven Hypoxic Response,82
SERPINE1,Angiogenesis,Hypoxia Signalling,hypoxia_signalling_louvain_0,HIF-Driven Hypoxic Response,82
SLC30A4,Angiogenesis,Hypoxia Signalling,hypoxia_signalling_louvain_0,HIF-Driven Hypoxic Response,82
SLC39A14,Angiogenesis,Hypoxia Signalling,hypoxia_signalling_louvain_0,HIF-Driven Hypoxic Response,82
SRPX,Angiogenesis,Hypoxia Signalling,hypoxia_signalling_louvain_0,HIF-Driven Hypoxic Response,82
SULT2B1,Angiogenesis,Hypoxia Signalling,hypoxia_signalling_louvain_0,HIF-Driven Hypoxic Response,82
TEK,Angiogenesis,Hypoxia Signalling,hypoxia_signalling_louvain_0,HIF-Driven Hypoxic Response,82
TF,Angiogenesis,Hypoxia Signalling,hypoxia_signalling_louvain_0,HIF-Driven Hypoxic Response,82
TFRC,Angiogenesis,Hypoxia Signalling,hypoxia_signalling_louvain_0,HIF-Driven Hypoxic Response,82
TGFB3,Angiogenesis,Hypoxia Signalling,hypoxia_signalling_louvain_0,HIF-Driven Hypoxic Response,82
TGFBI,Angiogenesis,Hypoxia Signalling,hypoxia_signalling_louvain_0,HIF-Driven Hypoxic Response,82
TGM2,Angiogenesis,Hypoxia Signalling,hypoxia_signalling_louvain_0,HIF-Driven Hypoxic Response,82
TIMP1,Angiogenesis,Hypoxia Signalling,hypoxia_signalling_louvain_0,HIF-Driven Hypoxic Response,82
TLR4,Angiogenesis,Hypoxia Signalling,hypoxia_signalling_louvain_0,HIF-Driven Hypoxic Response,82
TMEM45A,Angiogenesis,Hypoxia Signalling,hypoxia_signalling_louvain_0,HIF-Driven Hypoxic Response,82
TPD52,Angiogenesis,Hypoxia Signalling,hypoxia_signalling_louvain_0,HIF-Driven Hypoxic Response,82
VLDLR,Angiogenesis,Hypoxia Signalling,hypoxia_signalling_louvain_0,HIF-Driven Hypoxic Response,82
ZNF292,Angiogenesis,Hypoxia Signalling,hypoxia_signalling_louvain_0,HIF-Driven Hypoxic Response,82
AK4,Angiogenesis,Hypoxia Signalling,hypoxia_signalling_louvain_4,Metabolic Reprogramming,61
ALDOA,Angiogenesis,Hypoxia Signalling,hypoxia_signalling_louvain_4,Metabolic Reprogramming,61
ALDOB,Angiogenesis,Hypoxia Signalling,hypoxia_signalling_louvain_4,Metabolic Reprogramming,61
ALDOC,Angiogenesis,Hypoxia Signalling,hypoxia_signalling_louvain_4,Metabolic Reprogramming,61
AMPD3,Angiogenesis,Hypoxia Signalling,hypoxia_signalling_louvain_4,Metabolic Reprogramming,61
ENO1,Angiogenesis,Hypoxia Signalling,hypoxia_signalling_louvain_4,Metabolic Reprogramming,61
ENO2,Angiogenesis,Hypoxia Signalling,hypoxia_signalling_louvain_4,Metabolic Reprogramming,61
ENO3,Angiogenesis,Hypoxia Signalling,hypoxia_signalling_louvain_4,Metabolic Reprogramming,61
FBP1,Angiogenesis,Hypoxia Signalling,hypoxia_signalling_louvain_4,Metabolic Reprogramming,61
GAA,Angiogenesis,Hypoxia Signalling,hypoxia_signalling_louvain_4,Metabolic Reprogramming,61
GALK1,Angiogenesis,Hypoxia Signalling,hypoxia_signalling_louvain_4,Metabolic Reprogramming,61
GAPDH,Angiogenesis,Hypoxia Signalling,hypoxia_signalling_louvain_4,Metabolic Reprogramming,61
GAPDHS,Angiogenesis,Hypoxia Signalling,hypoxia_signalling_louvain_4,Metabolic Reprogramming,61
GBE1,Angiogenesis,Hypoxia Signalling,hypoxia_signalling_louvain_4,Metabolic Reprogramming,61
GCK,Angiogenesis,Hypoxia Signalling,hypoxia_signalling_louvain_4,Metabolic Reprogramming,61
GCNT2,Angiogenesis,Hypoxia Signalling,hypoxia_signalling_louvain_4,Metabolic Reprogramming,61
GNE,Angiogenesis,Hypoxia Signalling,hypoxia_signalling_louvain_4,Metabolic Reprogramming,61
GPI,Angiogenesis,Hypoxia Signalling,hypoxia_signalling_louvain_4,Metabolic Reprogramming,61
GRHPR,Angiogenesis,Hypoxia Signalling,hypoxia_signalling_louvain_4,Metabolic Reprogramming,61
GYS1,Angiogenesis,Hypoxia Signalling,hypoxia_signalling_louvain_4,Metabolic Reprogramming,61
HEXA,Angiogenesis,Hypoxia Signalling,hypoxia_signalling_louvain_4,Metabolic Reprogramming,61
HK1,Angiogenesis,Hypoxia Signalling,hypoxia_signalling_louvain_4,Metabolic Reprogramming,61
HK2,Angiogenesis,Hypoxia Signalling,hypoxia_signalling_louvain_4,Metabolic Reprogramming,61
HK3,Angiogenesis,Hypoxia Signalling,hypoxia_signalling_louvain_4,Metabolic Reprogramming,61
HKDC1,Angiogenesis,Hypoxia Signalling,hypoxia_signalling_louvain_4,Metabolic Reprogramming,61
ILVBL,Angiogenesis,Hypoxia Signalling,hypoxia_signalling_louvain_4,Metabolic Reprogramming,61
LDHA,Angiogenesis,Hypoxia Signalling,hypoxia_signalling_louvain_4,Metabolic Reprogramming,61
LDHAL6A,Angiogenesis,Hypoxia Signalling,hypoxia_signalling_louvain_4,Metabolic Reprogramming,61
LDHAL6B,Angiogenesis,Hypoxia Signalling,hypoxia_signalling_louvain_4,Metabolic Reprogramming,61
LDHC,Angiogenesis,Hypoxia Signalling,hypoxia_signalling_louvain_4,Metabolic Reprogramming,61
NAGK,Angiogenesis,Hypoxia Signalling,hypoxia_signalling_louvain_4,Metabolic Reprogramming,61
PCK1,Angiogenesis,Hypoxia Signalling,hypoxia_signalling_louvain_4,Metabolic Reprogramming,61
PDHA1,Angiogenesis,Hypoxia Signalling,hypoxia_signalling_louvain_4,Metabolic Reprogramming,61
PDHA2,Angiogenesis,Hypoxia Signalling,hypoxia_signalling_louvain_4,Metabolic Reprogramming,61
PDHB,Angiogenesis,Hypoxia Signalling,hypoxia_signalling_louvain_4,Metabolic Reprogramming,61
PDK1,Angiogenesis,Hypoxia Signalling,hypoxia_signalling_louvain_4,Metabolic Reprogramming,61
PDK3,Angiogenesis,Hypoxia Signalling,hypoxia_signalling_louvain_4,Metabolic Reprogramming,61
PFKFB3,Angiogenesis,Hypoxia Signalling,hypoxia_signalling_louvain_4,Metabolic Reprogramming,61
PFKL,Angiogenesis,Hypoxia Signalling,hypoxia_signalling_louvain_4,Metabolic Reprogramming,61
PFKM,Angiogenesis,Hypoxia Signalling,hypoxia_signalling_louvain_4,Metabolic Reprogramming,61
PFKP,Angiogenesis,Hypoxia Signalling,hypoxia_signalling_louvain_4,Metabolic Reprogramming,61
PGAM2,Angiogenesis,Hypoxia Signalling,hypoxia_signalling_louvain_4,Metabolic Reprogramming,61
PGK1,Angiogenesis,Hypoxia Signalling,hypoxia_signalling_louvain_4,Metabolic Reprogramming,61
PGK2,Angiogenesis,Hypoxia Signalling,hypoxia_signalling_louvain_4,Metabolic Reprogramming,61
PGM1,Angiogenesis,Hypoxia Signalling,hypoxia_signalling_louvain_4,Metabolic Reprogramming,61
PGM2,Angiogenesis,Hypoxia Signalling,hypoxia_signalling_louvain_4,Metabolic Reprogramming,61
PHKG1,Angiogenesis,Hypoxia Signalling,hypoxia_signalling_louvain_4,Metabolic Reprogramming,61
PKLR,Angiogenesis,Hypoxia Signalling,hypoxia_signalling_louvain_4,Metabolic Reprogramming,61
PKP1,Angiogenesis,Hypoxia Signalling,hypoxia_signalling_louvain_4,Metabolic Reprogramming,61
PPP1R3C,Angiogenesis,Hypoxia Signalling,hypoxia_signalling_louvain_4,Metabolic Reprogramming,61
PRDX5,Angiogenesis,Hypoxia Signalling,hypoxia_signalling_louvain_4,Metabolic Reprogramming,61
PYGM,Angiogenesis,Hypoxia Signalling,hypoxia_signalling_louvain_4,Metabolic Reprogramming,61
SLC25A1,Angiogenesis,Hypoxia Signalling,hypoxia_signalling_louvain_4,Metabolic Reprogramming,61
SLC2A1,Angiogenesis,Hypoxia Signalling,hypoxia_signalling_louvain_4,Metabolic Reprogramming,61
SLC2A3,Angiogenesis,Hypoxia Signalling,hypoxia_signalling_louvain_4,Metabolic Reprogramming,61
SLC2A5,Angiogenesis,Hypoxia Signalling,hypoxia_signalling_louvain_4,Metabolic Reprogramming,61
SLC37A4,Angiogenesis,Hypoxia Signalling,hypoxia_signalling_louvain_4,Metabolic Reprogramming,61
STBD1,Angiogenesis,Hypoxia Signalling,hypoxia_signalling_louvain_4,Metabolic Reprogramming,61
TKTL1,Angiogenesis,Hypoxia Signalling,hypoxia_signalling_louvain_4,Metabolic Reprogramming,61
TPI1,Angiogenesis,Hypoxia Signalling,hypoxia_signalling_louvain_4,Metabolic Reprogramming,61
UGP2,Angiogenesis,Hypoxia Signalling,hypoxia_signalling_louvain_4,Metabolic Reprogramming,61
ARNT,Angiogenesis,Hypoxia Signalling,hypoxia_signalling_louvain_5,Oxygen Sensing Machinery,28
CA12,Angiogenesis,Hypoxia Signalling,hypoxia_signalling_louvain_5,Oxygen Sensing Machinery,28
CITED2,Angiogenesis,Hypoxia Signalling,hypoxia_signalling_louvain_5,Oxygen Sensing Machinery,28
CUL2,Angiogenesis,Hypoxia Signalling,hypoxia_signalling_louvain_5,Oxygen Sensing Machinery,28
EGLN1,Angiogenesis,Hypoxia Signalling,hypoxia_signalling_louvain_5,Oxygen Sensing Machinery,28
EGLN2,Angiogenesis,Hypoxia Signalling,hypoxia_signalling_louvain_5,Oxygen Sensing Machinery,28
EGLN3,Angiogenesis,Hypoxia Signalling,hypoxia_signalling_louvain_5,Oxygen Sensing Machinery,28
ELOB,Angiogenesis,Hypoxia Signalling,hypoxia_signalling_louvain_5,Oxygen Sensing Machinery,28
ELOC,Angiogenesis,Hypoxia Signalling,hypoxia_signalling_louvain_5,Oxygen Sensing Machinery,28
EPAS1,Angiogenesis,Hypoxia Signalling,hypoxia_signalling_louvain_5,Oxygen Sensing Machinery,28
HIF1A,Angiogenesis,Hypoxia Signalling,hypoxia_signalling_louvain_5,Oxygen Sensing Machinery,28
JMJD6,Angiogenesis,Hypoxia Signalling,hypoxia_signalling_louvain_5,Oxygen Sensing Machinery,28
KDELR3,Angiogenesis,Hypoxia Signalling,hypoxia_signalling_louvain_5,Oxygen Sensing Machinery,28
KDM3A,Angiogenesis,Hypoxia Signalling,hypoxia_signalling_louvain_5,Oxygen Sensing Machinery,28
KLHL24,Angiogenesis,Hypoxia Signalling,hypoxia_signalling_louvain_5,Oxygen Sensing Machinery,28
LDHB,Angiogenesis,Hypoxia Signalling,hypoxia_signalling_louvain_5,Oxygen Sensing Machinery,28
NDRG1,Angiogenesis,Hypoxia Signalling,hypoxia_signalling_louvain_5,Oxygen Sensing Machinery,28
P4HA1,Angiogenesis,Hypoxia Signalling,hypoxia_signalling_louvain_5,Oxygen Sensing Machinery,28
P4HA2,Angiogenesis,Hypoxia Signalling,hypoxia_signalling_louvain_5,Oxygen Sensing Machinery,28
PNRC1,Angiogenesis,Hypoxia Signalling,hypoxia_signalling_louvain_5,Oxygen Sensing Machinery,28
RBX1,Angiogenesis,Hypoxia Signalling,hypoxia_signalling_louvain_5,Oxygen Sensing Machinery,28
SELENBP1,Angiogenesis,Hypoxia Signalling,hypoxia_signalling_louvain_5,Oxygen Sensing Machinery,28
SIAH2,Angiogenesis,Hypoxia Signalling,hypoxia_signalling_louvain_5,Oxygen Sensing Machinery,28
STC1,Angiogenesis,Hypoxia Signalling,hypoxia_signalling_louvain_5,Oxygen Sensing Machinery,28
STC2,Angiogenesis,Hypoxia Signalling,hypoxia_signalling_louvain_5,Oxygen Sensing Machinery,28
TPBG,Angiogenesis,Hypoxia Signalling,hypoxia_signalling_louvain_5,Oxygen Sensing Machinery,28
VHL,Angiogenesis,Hypoxia Signalling,hypoxia_signalling_louvain_5,Oxygen Sensing Machinery,28
WSB1,Angiogenesis,Hypoxia Signalling,hypoxia_signalling_louvain_5,Oxygen Sensing Machinery,28
ADORA2B,Angiogenesis,Hypoxia Signalling,hypoxia_signalling_louvain_1,PI3K/Akt/CaMKII Signalling,66
AGO1,Angiogenesis,Hypoxia Signalling,hypoxia_signalling_louvain_1,PI3K/Akt/CaMKII Signalling,66
AKT1,Angiogenesis,Hypoxia Signalling,hypoxia_signalling_louvain_1,PI3K/Akt/CaMKII Signalling,66
BCL2,Angiogenesis,Hypoxia Signalling,hypoxia_signalling_louvain_1,PI3K/Akt/CaMKII Signalling,66
BNIP3L,Angiogenesis,Hypoxia Signalling,hypoxia_signalling_louvain_1,PI3K/Akt/CaMKII Signalling,66
BTG1,Angiogenesis,Hypoxia Signalling,hypoxia_signalling_louvain_1,PI3K/Akt/CaMKII Signalling,66
CAMK2A,Angiogenesis,Hypoxia Signalling,hypoxia_signalling_louvain_1,PI3K/Akt/CaMKII Signalling,66
CAMK2B,Angiogenesis,Hypoxia Signalling,hypoxia_signalling_louvain_1,PI3K/Akt/CaMKII Signalling,66
CAMK2D,Angiogenesis,Hypoxia Signalling,hypoxia_signalling_louvain_1,PI3K/Akt/CaMKII Signalling,66
CAMK2G,Angiogenesis,Hypoxia Signalling,hypoxia_signalling_louvain_1,PI3K/Akt/CaMKII Signalling,66
CASP6,Angiogenesis,Hypoxia Signalling,hypoxia_signalling_louvain_1,PI3K/Akt/CaMKII Signalling,66
CCND2,Angiogenesis,Hypoxia Signalling,hypoxia_signalling_louvain_1,PI3K/Akt/CaMKII Signalling,66
CCNG2,Angiogenesis,Hypoxia Signalling,hypoxia_signalling_louvain_1,PI3K/Akt/CaMKII Signalling,66
CDKN1A,Angiogenesis,Hypoxia Signalling,hypoxia_signalling_louvain_1,PI3K/Akt/CaMKII Signalling,66
CDKN1B,Angiogenesis,Hypoxia Signalling,hypoxia_signalling_louvain_1,PI3K/Akt/CaMKII Signalling,66
CDKN1C,Angiogenesis,Hypoxia Signalling,hypoxia_signalling_louvain_1,PI3K/Akt/CaMKII Signalling,66
CHST2,Angiogenesis,Hypoxia Signalling,hypoxia_signalling_louvain_1,PI3K/Akt/CaMKII Signalling,66
CREBBP,Angiogenesis,Hypoxia Signalling,hypoxia_signalling_louvain_1,PI3K/Akt/CaMKII Signalling,66
CSRP2,Angiogenesis,Hypoxia Signalling,hypoxia_signalling_louvain_1,PI3K/Akt/CaMKII Signalling,66
DICER1,Angiogenesis,Hypoxia Signalling,hypoxia_signalling_louvain_1,PI3K/Akt/CaMKII Signalling,66
DPYSL4,Angiogenesis,Hypoxia Signalling,hypoxia_signalling_louvain_1,PI3K/Akt/CaMKII Signalling,66
DTNA,Angiogenesis,Hypoxia Signalling,hypoxia_signalling_louvain_1,PI3K/Akt/CaMKII Signalling,66
EP300,Angiogenesis,Hypoxia Signalling,hypoxia_signalling_louvain_1,PI3K/Akt/CaMKII Signalling,66
ERBB2,Angiogenesis,Hypoxia Signalling,hypoxia_signalling_louvain_1,PI3K/Akt/CaMKII Signalling,66
ERRFI1,Angiogenesis,Hypoxia Signalling,hypoxia_signalling_louvain_1,PI3K/Akt/CaMKII Signalling,66
ETS1,Angiogenesis,Hypoxia Signalling,hypoxia_signalling_louvain_1,PI3K/Akt/CaMKII Signalling,66
FOXO3,Angiogenesis,Hypoxia Signalling,hypoxia_signalling_louvain_1,PI3K/Akt/CaMKII Signalling,66
FSHR,Angiogenesis,Hypoxia Signalling,hypoxia_signalling_louvain_1,PI3K/Akt/CaMKII Signalling,66
HDAC6,Angiogenesis,Hypoxia Signalling,hypoxia_signalling_louvain_1,PI3K/Akt/CaMKII Signalling,66
HSPB1,Angiogenesis,Hypoxia Signalling,hypoxia_signalling_louvain_1,PI3K/Akt/CaMKII Signalling,66
HSPG2,Angiogenesis,Hypoxia Signalling,hypoxia_signalling_louvain_1,PI3K/Akt/CaMKII Signalling,66
IGF1R,Angiogenesis,Hypoxia Signalling,hypoxia_signalling_louvain_1,PI3K/Akt/CaMKII Signalling,66
INHA,Angiogenesis,Hypoxia Signalling,hypoxia_signalling_louvain_1,PI3K/Akt/CaMKII Signalling,66
INSR,Angiogenesis,Hypoxia Signalling,hypoxia_signalling_louvain_1,PI3K/Akt/CaMKII Signalling,66
IRS2,Angiogenesis,Hypoxia Signalling,hypoxia_signalling_louvain_1,PI3K/Akt/CaMKII Signalling,66
ISG20,Angiogenesis,Hypoxia Signalling,hypoxia_signalling_louvain_1,PI3K/Akt/CaMKII Signalling,66
LARGE1,Angiogenesis,Hypoxia Signalling,hypoxia_signalling_louvain_1,PI3K/Akt/CaMKII Signalling,66
LTBR,Angiogenesis,Hypoxia Signalling,hypoxia_signalling_louvain_1,PI3K/Akt/CaMKII Signalling,66
MAP2K1,Angiogenesis,Hypoxia Signalling,hypoxia_signalling_louvain_1,PI3K/Akt/CaMKII Signalling,66
MAP2K2,Angiogenesis,Hypoxia Signalling,hypoxia_signalling_louvain_1,PI3K/Akt/CaMKII Signalling,66
MAP3K1,Angiogenesis,Hypoxia Signalling,hypoxia_signalling_louvain_1,PI3K/Akt/CaMKII Signalling,66
MXI1,Angiogenesis,Hypoxia Signalling,hypoxia_signalling_louvain_1,PI3K/Akt/CaMKII Signalling,66
NEDD4L,Angiogenesis,Hypoxia Signalling,hypoxia_signalling_louvain_1,PI3K/Akt/CaMKII Signalling,66
NFKB1,Angiogenesis,Hypoxia Signalling,hypoxia_signalling_louvain_1,PI3K/Akt/CaMKII Signalling,66
NR3C1,Angiogenesis,Hypoxia Signalling,hypoxia_signalling_louvain_1,PI3K/Akt/CaMKII Signalling,66
NRP1,Angiogenesis,Hypoxia Signalling,hypoxia_signalling_louvain_1,PI3K/Akt/CaMKII Signalling,66
P3R3URF-PIK3R3,Angiogenesis,Hypoxia Signalling,hypoxia_signalling_louvain_1,PI3K/Akt/CaMKII Signalling,66
PIK3CA,Angiogenesis,Hypoxia Signalling,hypoxia_signalling_louvain_1,PI3K/Akt/CaMKII Signalling,66
PIK3CB,Angiogenesis,Hypoxia Signalling,hypoxia_signalling_louvain_1,PI3K/Akt/CaMKII Signalling,66
PIK3CD,Angiogenesis,Hypoxia Signalling,hypoxia_signalling_louvain_1,PI3K/Akt/CaMKII Signalling,66
PIK3R1,Angiogenesis,Hypoxia Signalling,hypoxia_signalling_louvain_1,PI3K/Akt/CaMKII Signalling,66
PIK3R2,Angiogenesis,Hypoxia Signalling,hypoxia_signalling_louvain_1,PI3K/Akt/CaMKII Signalling,66
PIK3R3,Angiogenesis,Hypoxia Signalling,hypoxia_signalling_louvain_1,PI3K/Akt/CaMKII Signalling,66
PIM1,Angiogenesis,Hypoxia Signalling,hypoxia_signalling_louvain_1,PI3K/Akt/CaMKII Signalling,66
PLCG1,Angiogenesis,Hypoxia Signalling,hypoxia_signalling_louvain_1,PI3K/Akt/CaMKII Signalling,66
PLCG2,Angiogenesis,Hypoxia Signalling,hypoxia_signalling_louvain_1,PI3K/Akt/CaMKII Signalling,66
PPARGC1A,Angiogenesis,Hypoxia Signalling,hypoxia_signalling_louvain_1,PI3K/Akt/CaMKII Signalling,66
PRL,Angiogenesis,Hypoxia Signalling,hypoxia_signalling_louvain_1,PI3K/Akt/CaMKII Signalling,66
RBPJ,Angiogenesis,Hypoxia Signalling,hypoxia_signalling_louvain_1,PI3K/Akt/CaMKII Signalling,66
RELA,Angiogenesis,Hypoxia Signalling,hypoxia_signalling_louvain_1,PI3K/Akt/CaMKII Signalling,66
SAP30,Angiogenesis,Hypoxia Signalling,hypoxia_signalling_louvain_1,PI3K/Akt/CaMKII Signalling,66
SELL,Angiogenesis,Hypoxia Signalling,hypoxia_signalling_louvain_1,PI3K/Akt/CaMKII Signalling,66
STAT3,Angiogenesis,Hypoxia Signalling,hypoxia_signalling_louvain_1,PI3K/Akt/CaMKII Signalling,66
TES,Angiogenesis,Hypoxia Signalling,hypoxia_signalling_louvain_1,PI3K/Akt/CaMKII Signalling,66
VCL,Angiogenesis,Hypoxia Signalling,hypoxia_signalling_louvain_1,PI3K/Akt/CaMKII Signalling,66
VEGFA,Angiogenesis,Hypoxia Signalling,hypoxia_signalling_louvain_1,PI3K/Akt/CaMKII Signalling,66
B3GALT6,Angiogenesis,Hypoxia Signalling,hypoxia_signalling_louvain_6,Proteoglycan/Glycosaminoglycan Biosynthesis,20
BCAN,Angiogenesis,Hypoxia Signalling,hypoxia_signalling_louvain_6,Proteoglycan/Glycosaminoglycan Biosynthesis,20
BGN,Angiogenesis,Hypoxia Signalling,hypoxia_signalling_louvain_6,Proteoglycan/Glycosaminoglycan Biosynthesis,20
CHST3,Angiogenesis,Hypoxia Signalling,hypoxia_signalling_louvain_6,Proteoglycan/Glycosaminoglycan Biosynthesis,20
DCN,Angiogenesis,Hypoxia Signalling,hypoxia_signalling_louvain_6,Proteoglycan/Glycosaminoglycan Biosynthesis,20
EXT1,Angiogenesis,Hypoxia Signalling,hypoxia_signalling_louvain_6,Proteoglycan/Glycosaminoglycan Biosynthesis,20
GPC1,Angiogenesis,Hypoxia Signalling,hypoxia_signalling_louvain_6,Proteoglycan/Glycosaminoglycan Biosynthesis,20
GPC3,Angiogenesis,Hypoxia Signalling,hypoxia_signalling_louvain_6,Proteoglycan/Glycosaminoglycan Biosynthesis,20
GPC4,Angiogenesis,Hypoxia Signalling,hypoxia_signalling_louvain_6,Proteoglycan/Glycosaminoglycan Biosynthesis,20
HAS1,Angiogenesis,Hypoxia Signalling,hypoxia_signalling_louvain_6,Proteoglycan/Glycosaminoglycan Biosynthesis,20
HS3ST1,Angiogenesis,Hypoxia Signalling,hypoxia_signalling_louvain_6,Proteoglycan/Glycosaminoglycan Biosynthesis,20
NCAN,Angiogenesis,Hypoxia Signalling,hypoxia_signalling_louvain_6,Proteoglycan/Glycosaminoglycan Biosynthesis,20
NDST1,Angiogenesis,Hypoxia Signalling,hypoxia_signalling_louvain_6,Proteoglycan/Glycosaminoglycan Biosynthesis,20
NDST2,Angiogenesis,Hypoxia Signalling,hypoxia_signalling_louvain_6,Proteoglycan/Glycosaminoglycan Biosynthesis,20
PPFIA4,Angiogenesis,Hypoxia Signalling,hypoxia_signalling_louvain_6,Proteoglycan/Glycosaminoglycan Biosynthesis,20
SDC2,Angiogenesis,Hypoxia Signalling,hypoxia_signalling_louvain_6,Proteoglycan/Glycosaminoglycan Biosynthesis,20
SDC3,Angiogenesis,Hypoxia Signalling,hypoxia_signalling_louvain_6,Proteoglycan/Glycosaminoglycan Biosynthesis,20
SDC4,Angiogenesis,Hypoxia Signalling,hypoxia_signalling_louvain_6,Proteoglycan/Glycosaminoglycan Biosynthesis,20
TPST2,Angiogenesis,Hypoxia Signalling,hypoxia_signalling_louvain_6,Proteoglycan/Glycosaminoglycan Biosynthesis,20
XPNPEP1,Angiogenesis,Hypoxia Signalling,hypoxia_signalling_louvain_6,Proteoglycan/Glycosaminoglycan Biosynthesis,20
AKT2,Angiogenesis,Hypoxia Signalling,hypoxia_signalling_louvain_2,mTOR Signalling,20
AKT3,Angiogenesis,Hypoxia Signalling,hypoxia_signalling_louvain_2,mTOR Signalling,20
DDIT4,Angiogenesis,Hypoxia Signalling,hypoxia_signalling_louvain_2,mTOR Signalling,20
EIF4E,Angiogenesis,Hypoxia Signalling,hypoxia_signalling_louvain_2,mTOR Signalling,20
EIF4E1B,Angiogenesis,Hypoxia Signalling,hypoxia_signalling_louvain_2,mTOR Signalling,20
EIF4E2,Angiogenesis,Hypoxia Signalling,hypoxia_signalling_louvain_2,mTOR Signalling,20
EIF4EBP1,Angiogenesis,Hypoxia Signalling,hypoxia_signalling_louvain_2,mTOR Signalling,20
MAPK1,Angiogenesis,Hypoxia Signalling,hypoxia_signalling_louvain_2,mTOR Signalling,20
MAPK3,Angiogenesis,Hypoxia Signalling,hypoxia_signalling_louvain_2,mTOR Signalling,20
MKNK1,Angiogenesis,Hypoxia Signalling,hypoxia_signalling_louvain_2,mTOR Signalling,20
MKNK2,Angiogenesis,Hypoxia Signalling,hypoxia_signalling_louvain_2,mTOR Signalling,20
MTOR,Angiogenesis,Hypoxia Signalling,hypoxia_signalling_louvain_2,mTOR Signalling,20
PRKCA,Angiogenesis,Hypoxia Signalling,hypoxia_signalling_louvain_2,mTOR Signalling,20
PRKCB,Angiogenesis,Hypoxia Signalling,hypoxia_signalling_louvain_2,mTOR Signalling,20
PRKCG,Angiogenesis,Hypoxia Signalling,hypoxia_signalling_louvain_2,mTOR Signalling,20
PRKDC,Angiogenesis,Hypoxia Signalling,hypoxia_signalling_louvain_2,mTOR Signalling,20
RPS6,Angiogenesis,Hypoxia Signalling,hypoxia_signalling_louvain_2,mTOR Signalling,20
RPS6KB1,Angiogenesis,Hypoxia Signalling,hypoxia_signalling_louvain_2,mTOR Signalling,20
RPS6KB2,Angiogenesis,Hypoxia Signalling,hypoxia_signalling_louvain_2,mTOR Signalling,20
RRAGD,Angiogenesis,Hypoxia Signalling,hypoxia_signalling_louvain_2,mTOR Signalling,20
ACVR1,EMT,EMT Initiation,emt_initiation_louvain_5,BMP/Activin Signalling,45
ACVR1B,EMT,EMT Initiation,emt_initiation_louvain_5,BMP/Activin Signalling,45
ACVR1C,EMT,EMT Initiation,emt_initiation_louvain_5,BMP/Activin Signalling,45
ACVR2A,EMT,EMT Initiation,emt_initiation_louvain_5,BMP/Activin Signalling,45
ACVR2B,EMT,EMT Initiation,emt_initiation_louvain_5,BMP/Activin Signalling,45
AMH,EMT,EMT Initiation,emt_initiation_louvain_5,BMP/Activin Signalling,45
AMHR2,EMT,EMT Initiation,emt_initiation_louvain_5,BMP/Activin Signalling,45
BAMBI,EMT,EMT Initiation,emt_initiation_louvain_5,BMP/Activin Signalling,45
BMP2,EMT,EMT Initiation,emt_initiation_louvain_5,BMP/Activin Signalling,45
BMP4,EMT,EMT Initiation,emt_initiation_louvain_5,BMP/Activin Signalling,45
BMP5,EMT,EMT Initiation,emt_initiation_louvain_5,BMP/Activin Signalling,45
BMP6,EMT,EMT Initiation,emt_initiation_louvain_5,BMP/Activin Signalling,45
BMP7,EMT,EMT Initiation,emt_initiation_louvain_5,BMP/Activin Signalling,45
BMP8A,EMT,EMT Initiation,emt_initiation_louvain_5,BMP/Activin Signalling,45
BMP8B,EMT,EMT Initiation,emt_initiation_louvain_5,BMP/Activin Signalling,45
BMPR1A,EMT,EMT Initiation,emt_initiation_louvain_5,BMP/Activin Signalling,45
BMPR1B,EMT,EMT Initiation,emt_initiation_louvain_5,BMP/Activin Signalling,45
BMPR2,EMT,EMT Initiation,emt_initiation_louvain_5,BMP/Activin Signalling,45
CHRD,EMT,EMT Initiation,emt_initiation_louvain_5,BMP/Activin Signalling,45
FST,EMT,EMT Initiation,emt_initiation_louvain_5,BMP/Activin Signalling,45
GDF5,EMT,EMT Initiation,emt_initiation_louvain_5,BMP/Activin Signalling,45
GDF6,EMT,EMT Initiation,emt_initiation_louvain_5,BMP/Activin Signalling,45
GDF7,EMT,EMT Initiation,emt_initiation_louvain_5,BMP/Activin Signalling,45
GREM1,EMT,EMT Initiation,emt_initiation_louvain_5,BMP/Activin Signalling,45
GREM2,EMT,EMT Initiation,emt_initiation_louvain_5,BMP/Activin Signalling,45
HAMP,EMT,EMT Initiation,emt_initiation_louvain_5,BMP/Activin Signalling,45
HFE,EMT,EMT Initiation,emt_initiation_louvain_5,BMP/Activin Signalling,45
HJV,EMT,EMT Initiation,emt_initiation_louvain_5,BMP/Activin Signalling,45
IGSF1,EMT,EMT Initiation,emt_initiation_louvain_5,BMP/Activin Signalling,45
INHA,EMT,EMT Initiation,emt_initiation_louvain_5,BMP/Activin Signalling,45
INHBA,EMT,EMT Initiation,emt_initiation_louvain_5,BMP/Activin Signalling,45
INHBB,EMT,EMT Initiation,emt_initiation_louvain_5,BMP/Activin Signalling,45
INHBC,EMT,EMT Initiation,emt_initiation_louvain_5,BMP/Activin Signalling,45
INHBE,EMT,EMT Initiation,emt_initiation_louvain_5,BMP/Activin Signalling,45
LEFTY1,EMT,EMT Initiation,emt_initiation_louvain_5,BMP/Activin Signalling,45
LEFTY2,EMT,EMT Initiation,emt_initiation_louvain_5,BMP/Activin Signalling,45
MICOS10-NBL1,EMT,EMT Initiation,emt_initiation_louvain_5,BMP/Activin Signalling,45
NEO1,EMT,EMT Initiation,emt_initiation_louvain_5,BMP/Activin Signalling,45
NODAL,EMT,EMT Initiation,emt_initiation_louvain_5,BMP/Activin Signalling,45
NOG,EMT,EMT Initiation,emt_initiation_louvain_5,BMP/Activin Signalling,45
PITX2,EMT,EMT Initiation,emt_initiation_louvain_5,BMP/Activin Signalling,45
RGMA,EMT,EMT Initiation,emt_initiation_louvain_5,BMP/Activin Signalling,45
RGMB,EMT,EMT Initiation,emt_initiation_louvain_5,BMP/Activin Signalling,45
TF,EMT,EMT Initiation,emt_initiation_louvain_5,BMP/Activin Signalling,45
TFR2,EMT,EMT Initiation,emt_initiation_louvain_5,BMP/Activin Signalling,45
APC,EMT,EMT Initiation,emt_initiation_louvain_11,Canonical Wnt Signalling,21
APC2,EMT,EMT Initiation,emt_initiation_louvain_11,Canonical Wnt Signalling,21
AXIN1,EMT,EMT Initiation,emt_initiation_louvain_11,Canonical Wnt Signalling,21
AXIN2,EMT,EMT Initiation,emt_initiation_louvain_11,Canonical Wnt Signalling,21
CACYBP,EMT,EMT Initiation,emt_initiation_louvain_11,Canonical Wnt Signalling,21
CBY1,EMT,EMT Initiation,emt_initiation_louvain_11,Canonical Wnt Signalling,21
CSNK1A1,EMT,EMT Initiation,emt_initiation_louvain_11,Canonical Wnt Signalling,21
CTNNB1,EMT,EMT Initiation,emt_initiation_louvain_11,Canonical Wnt Signalling,21
CTNNBIP1,EMT,EMT Initiation,emt_initiation_louvain_11,Canonical Wnt Signalling,21
CTNND2,EMT,EMT Initiation,emt_initiation_louvain_11,Canonical Wnt Signalling,21
DPYSL4,EMT,EMT Initiation,emt_initiation_louvain_11,Canonical Wnt Signalling,21
FRAT1,EMT,EMT Initiation,emt_initiation_louvain_11,Canonical Wnt Signalling,21
FRAT2,EMT,EMT Initiation,emt_initiation_louvain_11,Canonical Wnt Signalling,21
GSK3B,EMT,EMT Initiation,emt_initiation_louvain_11,Canonical Wnt Signalling,21
LARGE1,EMT,EMT Initiation,emt_initiation_louvain_11,Canonical Wnt Signalling,21
LEF1,EMT,EMT Initiation,emt_initiation_louvain_11,Canonical Wnt Signalling,21
NLK,EMT,EMT Initiation,emt_initiation_louvain_11,Canonical Wnt Signalling,21
SOX17,EMT,EMT Initiation,emt_initiation_louvain_11,Canonical Wnt Signalling,21
TCF7,EMT,EMT Initiation,emt_initiation_louvain_11,Canonical Wnt Signalling,21
TCF7L1,EMT,EMT Initiation,emt_initiation_louvain_11,Canonical Wnt Signalling,21
TCF7L2,EMT,EMT Initiation,emt_initiation_louvain_11,Canonical Wnt Signalling,21
ATXN1,EMT,EMT Initiation,emt_initiation_louvain_7,Epigenetic Regulation of Transcription,43
ATXN1L,EMT,EMT Initiation,emt_initiation_louvain_7,Epigenetic Regulation of Transcription,43
CCAR2,EMT,EMT Initiation,emt_initiation_louvain_7,Epigenetic Regulation of Transcription,43
CHD8,EMT,EMT Initiation,emt_initiation_louvain_7,Epigenetic Regulation of Transcription,43
CIRSR,EMT,EMT Initiation,emt_initiation_louvain_7,Epigenetic Regulation of Transcription,43
CITED2,EMT,EMT Initiation,emt_initiation_louvain_7,Epigenetic Regulation of Transcription,43
CREBBP,EMT,EMT Initiation,emt_initiation_louvain_7,Epigenetic Regulation of Transcription,43
CSNK2A1,EMT,EMT Initiation,emt_initiation_louvain_7,Epigenetic Regulation of Transcription,43
CTBP1,EMT,EMT Initiation,emt_initiation_louvain_7,Epigenetic Regulation of Transcription,43
CTBP2,EMT,EMT Initiation,emt_initiation_louvain_7,Epigenetic Regulation of Transcription,43
E2F4,EMT,EMT Initiation,emt_initiation_louvain_7,Epigenetic Regulation of Transcription,43
E2F5,EMT,EMT Initiation,emt_initiation_louvain_7,Epigenetic Regulation of Transcription,43
EP300,EMT,EMT Initiation,emt_initiation_louvain_7,Epigenetic Regulation of Transcription,43
HDAC1,EMT,EMT Initiation,emt_initiation_louvain_7,Epigenetic Regulation of Transcription,43
HDAC2,EMT,EMT Initiation,emt_initiation_louvain_7,Epigenetic Regulation of Transcription,43
ISG20,EMT,EMT Initiation,emt_initiation_louvain_7,Epigenetic Regulation of Transcription,43
KAT2A,EMT,EMT Initiation,emt_initiation_louvain_7,Epigenetic Regulation of Transcription,43
KAT2B,EMT,EMT Initiation,emt_initiation_louvain_7,Epigenetic Regulation of Transcription,43
KLF7,EMT,EMT Initiation,emt_initiation_louvain_7,Epigenetic Regulation of Transcription,43
LDHB,EMT,EMT Initiation,emt_initiation_louvain_7,Epigenetic Regulation of Transcription,43
LZTS2,EMT,EMT Initiation,emt_initiation_louvain_7,Epigenetic Regulation of Transcription,43
MCC,EMT,EMT Initiation,emt_initiation_louvain_7,Epigenetic Regulation of Transcription,43
MXI1,EMT,EMT Initiation,emt_initiation_louvain_7,Epigenetic Regulation of Transcription,43
NCOR1,EMT,EMT Initiation,emt_initiation_louvain_7,Epigenetic Regulation of Transcription,43
NCOR2,EMT,EMT Initiation,emt_initiation_louvain_7,Epigenetic Regulation of Transcription,43
PLAC8,EMT,EMT Initiation,emt_initiation_louvain_7,Epigenetic Regulation of Transcription,43
RBPJ,EMT,EMT Initiation,emt_initiation_louvain_7,Epigenetic Regulation of Transcription,43
RBPJL,EMT,EMT Initiation,emt_initiation_louvain_7,Epigenetic Regulation of Transcription,43
RUVBL1,EMT,EMT Initiation,emt_initiation_louvain_7,Epigenetic Regulation of Transcription,43
SAP30,EMT,EMT Initiation,emt_initiation_louvain_7,Epigenetic Regulation of Transcription,43
SIN3A,EMT,EMT Initiation,emt_initiation_louvain_7,Epigenetic Regulation of Transcription,43
SKP1,EMT,EMT Initiation,emt_initiation_louvain_7,Epigenetic Regulation of Transcription,43
SNW1,EMT,EMT Initiation,emt_initiation_louvain_7,Epigenetic Regulation of Transcription,43
SPEN,EMT,EMT Initiation,emt_initiation_louvain_7,Epigenetic Regulation of Transcription,43
TBL1X,EMT,EMT Initiation,emt_initiation_louvain_7,Epigenetic Regulation of Transcription,43
TBL1XR1,EMT,EMT Initiation,emt_initiation_louvain_7,Epigenetic Regulation of Transcription,43
TBL1Y,EMT,EMT Initiation,emt_initiation_louvain_7,Epigenetic Regulation of Transcription,43
TFDP1,EMT,EMT Initiation,emt_initiation_louvain_7,Epigenetic Regulation of Transcription,43
TLE1,EMT,EMT Initiation,emt_initiation_louvain_7,Epigenetic Regulation of Transcription,43
TLE2,EMT,EMT Initiation,emt_initiation_louvain_7,Epigenetic Regulation of Transcription,43
TLE3,EMT,EMT Initiation,emt_initiation_louvain_7,Epigenetic Regulation of Transcription,43
TLE4,EMT,EMT Initiation,emt_initiation_louvain_7,Epigenetic Regulation of Transcription,43
ZNF292,EMT,EMT Initiation,emt_initiation_louvain_7,Epigenetic Regulation of Transcription,43
FBP1,EMT,EMT Initiation,emt_initiation_louvain_1,Glucose & Glycogen Metabolism,28
GAA,EMT,EMT Initiation,emt_initiation_louvain_1,Glucose & Glycogen Metabolism,28
GALK1,EMT,EMT Initiation,emt_initiation_louvain_1,Glucose & Glycogen Metabolism,28
GBE1,EMT,EMT Initiation,emt_initiation_louvain_1,Glucose & Glycogen Metabolism,28
GCK,EMT,EMT Initiation,emt_initiation_louvain_1,Glucose & Glycogen Metabolism,28
GCNT2,EMT,EMT Initiation,emt_initiation_louvain_1,Glucose & Glycogen Metabolism,28
GPI,EMT,EMT Initiation,emt_initiation_louvain_1,Glucose & Glycogen Metabolism,28
GYS1,EMT,EMT Initiation,emt_initiation_louvain_1,Glucose & Glycogen Metabolism,28
HEXA,EMT,EMT Initiation,emt_initiation_louvain_1,Glucose & Glycogen Metabolism,28
HK1,EMT,EMT Initiation,emt_initiation_louvain_1,Glucose & Glycogen Metabolism,28
HK2,EMT,EMT Initiation,emt_initiation_louvain_1,Glucose & Glycogen Metabolism,28
HK3,EMT,EMT Initiation,emt_initiation_louvain_1,Glucose & Glycogen Metabolism,28
HKDC1,EMT,EMT Initiation,emt_initiation_louvain_1,Glucose & Glycogen Metabolism,28
NAGK,EMT,EMT Initiation,emt_initiation_louvain_1,Glucose & Glycogen Metabolism,28
PFKFB3,EMT,EMT Initiation,emt_initiation_louvain_1,Glucose & Glycogen Metabolism,28
PFKL,EMT,EMT Initiation,emt_initiation_louvain_1,Glucose & Glycogen Metabolism,28
PFKM,EMT,EMT Initiation,emt_initiation_louvain_1,Glucose & Glycogen Metabolism,28
PFKP,EMT,EMT Initiation,emt_initiation_louvain_1,Glucose & Glycogen Metabolism,28
PGM1,EMT,EMT Initiation,emt_initiation_louvain_1,Glucose & Glycogen Metabolism,28
PGM2,EMT,EMT Initiation,emt_initiation_louvain_1,Glucose & Glycogen Metabolism,28
PHKG1,EMT,EMT Initiation,emt_initiation_louvain_1,Glucose & Glycogen Metabolism,28
PKP1,EMT,EMT Initiation,emt_initiation_louvain_1,Glucose & Glycogen Metabolism,28
PPP1R3C,EMT,EMT Initiation,emt_initiation_louvain_1,Glucose & Glycogen Metabolism,28
PYGM,EMT,EMT Initiation,emt_initiation_louvain_1,Glucose & Glycogen Metabolism,28
SLC2A3,EMT,EMT Initiation,emt_initiation_louvain_1,Glucose & Glycogen Metabolism,28
SLC37A4,EMT,EMT Initiation,emt_initiation_louvain_1,Glucose & Glycogen Metabolism,28
STBD1,EMT,EMT Initiation,emt_initiation_louvain_1,Glucose & Glycogen Metabolism,28
UGP2,EMT,EMT Initiation,emt_initiation_louvain_1,Glucose & Glycogen Metabolism,28
AKAP12,EMT,EMT Initiation,emt_initiation_louvain_9,Hedgehog Signalling,60
ARRB1,EMT,EMT Initiation,emt_initiation_louvain_9,Hedgehog Signalling,60
ARRB2,EMT,EMT Initiation,emt_initiation_louvain_9,Hedgehog Signalling,60
BHLHE40,EMT,EMT Initiation,emt_initiation_louvain_9,Hedgehog Signalling,60
BOC,EMT,EMT Initiation,emt_initiation_louvain_9,Hedgehog Signalling,60
BTRC,EMT,EMT Initiation,emt_initiation_louvain_9,Hedgehog Signalling,60
CDON,EMT,EMT Initiation,emt_initiation_louvain_9,Hedgehog Signalling,60
COPS7A,EMT,EMT Initiation,emt_initiation_louvain_9,Hedgehog Signalling,60
CSNK1A1L,EMT,EMT Initiation,emt_initiation_louvain_9,Hedgehog Signalling,60
CSNK1D,EMT,EMT Initiation,emt_initiation_louvain_9,Hedgehog Signalling,60
CSNK1E,EMT,EMT Initiation,emt_initiation_louvain_9,Hedgehog Signalling,60
CSNK1G1,EMT,EMT Initiation,emt_initiation_louvain_9,Hedgehog Signalling,60
CSNK1G2,EMT,EMT Initiation,emt_initiation_louvain_9,Hedgehog Signalling,60
CSNK1G3,EMT,EMT Initiation,emt_initiation_louvain_9,Hedgehog Signalling,60
CUL1,EMT,EMT Initiation,emt_initiation_louvain_9,Hedgehog Signalling,60
CUL3,EMT,EMT Initiation,emt_initiation_louvain_9,Hedgehog Signalling,60
DHH,EMT,EMT Initiation,emt_initiation_louvain_9,Hedgehog Signalling,60
DISP1,EMT,EMT Initiation,emt_initiation_louvain_9,Hedgehog Signalling,60
EFCAB7,EMT,EMT Initiation,emt_initiation_louvain_9,Hedgehog Signalling,60
EVC,EMT,EMT Initiation,emt_initiation_louvain_9,Hedgehog Signalling,60
EVC2,EMT,EMT Initiation,emt_initiation_louvain_9,Hedgehog Signalling,60
FBXW11,EMT,EMT Initiation,emt_initiation_louvain_9,Hedgehog Signalling,60
GAS1,EMT,EMT Initiation,emt_initiation_louvain_9,Hedgehog Signalling,60
GLI1,EMT,EMT Initiation,emt_initiation_louvain_9,Hedgehog Signalling,60
GLI2,EMT,EMT Initiation,emt_initiation_louvain_9,Hedgehog Signalling,60
GLI3,EMT,EMT Initiation,emt_initiation_louvain_9,Hedgehog Signalling,60
GPR161,EMT,EMT Initiation,emt_initiation_louvain_9,Hedgehog Signalling,60
GRK2,EMT,EMT Initiation,emt_initiation_louvain_9,Hedgehog Signalling,60
GRK3,EMT,EMT Initiation,emt_initiation_louvain_9,Hedgehog Signalling,60
HHAT,EMT,EMT Initiation,emt_initiation_louvain_9,Hedgehog Signalling,60
HHIP,EMT,EMT Initiation,emt_initiation_louvain_9,Hedgehog Signalling,60
IHH,EMT,EMT Initiation,emt_initiation_louvain_9,Hedgehog Signalling,60
IQCE,EMT,EMT Initiation,emt_initiation_louvain_9,Hedgehog Signalling,60
ITCH,EMT,EMT Initiation,emt_initiation_louvain_9,Hedgehog Signalling,60
KDM3A,EMT,EMT Initiation,emt_initiation_louvain_9,Hedgehog Signalling,60
KIF3A,EMT,EMT Initiation,emt_initiation_louvain_9,Hedgehog Signalling,60
KIF7,EMT,EMT Initiation,emt_initiation_louvain_9,Hedgehog Signalling,60
KLHL24,EMT,EMT Initiation,emt_initiation_louvain_9,Hedgehog Signalling,60
LRP2,EMT,EMT Initiation,emt_initiation_louvain_9,Hedgehog Signalling,60
MEGF8,EMT,EMT Initiation,emt_initiation_louvain_9,Hedgehog Signalling,60
MGRN1,EMT,EMT Initiation,emt_initiation_louvain_9,Hedgehog Signalling,60
MOSMO,EMT,EMT Initiation,emt_initiation_louvain_9,Hedgehog Signalling,60
NFIL3,EMT,EMT Initiation,emt_initiation_louvain_9,Hedgehog Signalling,60
PNRC1,EMT,EMT Initiation,emt_initiation_louvain_9,Hedgehog Signalling,60
PRKACA,EMT,EMT Initiation,emt_initiation_louvain_9,Hedgehog Signalling,60
PRKACB,EMT,EMT Initiation,emt_initiation_louvain_9,Hedgehog Signalling,60
PRKACG,EMT,EMT Initiation,emt_initiation_louvain_9,Hedgehog Signalling,60
PTCH1,EMT,EMT Initiation,emt_initiation_louvain_9,Hedgehog Signalling,60
PTCH2,EMT,EMT Initiation,emt_initiation_louvain_9,Hedgehog Signalling,60
RBX1,EMT,EMT Initiation,emt_initiation_louvain_9,Hedgehog Signalling,60
SCUBE2,EMT,EMT Initiation,emt_initiation_louvain_9,Hedgehog Signalling,60
SHH,EMT,EMT Initiation,emt_initiation_louvain_9,Hedgehog Signalling,60
SMO,EMT,EMT Initiation,emt_initiation_louvain_9,Hedgehog Signalling,60
SPOP,EMT,EMT Initiation,emt_initiation_louvain_9,Hedgehog Signalling,60
SPOPL,EMT,EMT Initiation,emt_initiation_louvain_9,Hedgehog Signalling,60
SUFU,EMT,EMT Initiation,emt_initiation_louvain_9,Hedgehog Signalling,60
THSD4,EMT,EMT Initiation,emt_initiation_louvain_9,Hedgehog Signalling,60
TMEM45A,EMT,EMT Initiation,emt_initiation_louvain_9,Hedgehog Signalling,60
TPD52,EMT,EMT Initiation,emt_initiation_louvain_9,Hedgehog Signalling,60
TPTEP2-CSNK1E,EMT,EMT Initiation,emt_initiation_louvain_9,Hedgehog Signalling,60
AASDH,EMT,EMT Initiation,emt_initiation_louvain_0,Hypoxia-Induced Glycolytic Programming,59
AK4,EMT,EMT Initiation,emt_initiation_louvain_0,Hypoxia-Induced Glycolytic Programming,59
ALDOA,EMT,EMT Initiation,emt_initiation_louvain_0,Hypoxia-Induced Glycolytic Programming,59
ALDOB,EMT,EMT Initiation,emt_initiation_louvain_0,Hypoxia-Induced Glycolytic Programming,59
ALDOC,EMT,EMT Initiation,emt_initiation_louvain_0,Hypoxia-Induced Glycolytic Programming,59
AMPD3,EMT,EMT Initiation,emt_initiation_louvain_0,Hypoxia-Induced Glycolytic Programming,59
ARNT,EMT,EMT Initiation,emt_initiation_louvain_0,Hypoxia-Induced Glycolytic Programming,59
B4GALNT2,EMT,EMT Initiation,emt_initiation_louvain_0,Hypoxia-Induced Glycolytic Programming,59
CA12,EMT,EMT Initiation,emt_initiation_louvain_0,Hypoxia-Induced Glycolytic Programming,59
CUL2,EMT,EMT Initiation,emt_initiation_louvain_0,Hypoxia-Induced Glycolytic Programming,59
EGLN1,EMT,EMT Initiation,emt_initiation_louvain_0,Hypoxia-Induced Glycolytic Programming,59
EGLN2,EMT,EMT Initiation,emt_initiation_louvain_0,Hypoxia-Induced Glycolytic Programming,59
EGLN3,EMT,EMT Initiation,emt_initiation_louvain_0,Hypoxia-Induced Glycolytic Programming,59
ELOB,EMT,EMT Initiation,emt_initiation_louvain_0,Hypoxia-Induced Glycolytic Programming,59
ELOC,EMT,EMT Initiation,emt_initiation_louvain_0,Hypoxia-Induced Glycolytic Programming,59
ENO1,EMT,EMT Initiation,emt_initiation_louvain_0,Hypoxia-Induced Glycolytic Programming,59
ENO2,EMT,EMT Initiation,emt_initiation_louvain_0,Hypoxia-Induced Glycolytic Programming,59
ENO3,EMT,EMT Initiation,emt_initiation_louvain_0,Hypoxia-Induced Glycolytic Programming,59
EPAS1,EMT,EMT Initiation,emt_initiation_louvain_0,Hypoxia-Induced Glycolytic Programming,59
GAPDH,EMT,EMT Initiation,emt_initiation_louvain_0,Hypoxia-Induced Glycolytic Programming,59
GAPDHS,EMT,EMT Initiation,emt_initiation_louvain_0,Hypoxia-Induced Glycolytic Programming,59
GFPT2,EMT,EMT Initiation,emt_initiation_louvain_0,Hypoxia-Induced Glycolytic Programming,59
GRHPR,EMT,EMT Initiation,emt_initiation_louvain_0,Hypoxia-Induced Glycolytic Programming,59
HAS1,EMT,EMT Initiation,emt_initiation_louvain_0,Hypoxia-Induced Glycolytic Programming,59
HHATL,EMT,EMT Initiation,emt_initiation_louvain_0,Hypoxia-Induced Glycolytic Programming,59
HOXB9,EMT,EMT Initiation,emt_initiation_louvain_0,Hypoxia-Induced Glycolytic Programming,59
ILVBL,EMT,EMT Initiation,emt_initiation_louvain_0,Hypoxia-Induced Glycolytic Programming,59
KDELR3,EMT,EMT Initiation,emt_initiation_louvain_0,Hypoxia-Induced Glycolytic Programming,59
LALBA,EMT,EMT Initiation,emt_initiation_louvain_0,Hypoxia-Induced Glycolytic Programming,59
LDHA,EMT,EMT Initiation,emt_initiation_louvain_0,Hypoxia-Induced Glycolytic Programming,59
LDHAL6A,EMT,EMT Initiation,emt_initiation_louvain_0,Hypoxia-Induced Glycolytic Programming,59
LDHAL6B,EMT,EMT Initiation,emt_initiation_louvain_0,Hypoxia-Induced Glycolytic Programming,59
LDHC,EMT,EMT Initiation,emt_initiation_louvain_0,Hypoxia-Induced Glycolytic Programming,59
NDUFAB1,EMT,EMT Initiation,emt_initiation_louvain_0,Hypoxia-Induced Glycolytic Programming,59
P4HA1,EMT,EMT Initiation,emt_initiation_louvain_0,Hypoxia-Induced Glycolytic Programming,59
P4HA2,EMT,EMT Initiation,emt_initiation_louvain_0,Hypoxia-Induced Glycolytic Programming,59
PCK1,EMT,EMT Initiation,emt_initiation_louvain_0,Hypoxia-Induced Glycolytic Programming,59
PDHA1,EMT,EMT Initiation,emt_initiation_louvain_0,Hypoxia-Induced Glycolytic Programming,59
PDHA2,EMT,EMT Initiation,emt_initiation_louvain_0,Hypoxia-Induced Glycolytic Programming,59
PDHB,EMT,EMT Initiation,emt_initiation_louvain_0,Hypoxia-Induced Glycolytic Programming,59
PDK1,EMT,EMT Initiation,emt_initiation_louvain_0,Hypoxia-Induced Glycolytic Programming,59
PDK3,EMT,EMT Initiation,emt_initiation_louvain_0,Hypoxia-Induced Glycolytic Programming,59
PGAM2,EMT,EMT Initiation,emt_initiation_louvain_0,Hypoxia-Induced Glycolytic Programming,59
PGK1,EMT,EMT Initiation,emt_initiation_louvain_0,Hypoxia-Induced Glycolytic Programming,59
PGK2,EMT,EMT Initiation,emt_initiation_louvain_0,Hypoxia-Induced Glycolytic Programming,59
PKLR,EMT,EMT Initiation,emt_initiation_louvain_0,Hypoxia-Induced Glycolytic Programming,59
PRDX5,EMT,EMT Initiation,emt_initiation_louvain_0,Hypoxia-Induced Glycolytic Programming,59
SH3YL1,EMT,EMT Initiation,emt_initiation_louvain_0,Hypoxia-Induced Glycolytic Programming,59
SIAH1,EMT,EMT Initiation,emt_initiation_louvain_0,Hypoxia-Induced Glycolytic Programming,59
SIAH2,EMT,EMT Initiation,emt_initiation_louvain_0,Hypoxia-Induced Glycolytic Programming,59
SLC2A1,EMT,EMT Initiation,emt_initiation_louvain_0,Hypoxia-Induced Glycolytic Programming,59
SLC2A5,EMT,EMT Initiation,emt_initiation_louvain_0,Hypoxia-Induced Glycolytic Programming,59
TKTL1,EMT,EMT Initiation,emt_initiation_louvain_0,Hypoxia-Induced Glycolytic Programming,59
TMEM53,EMT,EMT Initiation,emt_initiation_louvain_0,Hypoxia-Induced Glycolytic Programming,59
TPBG,EMT,EMT Initiation,emt_initiation_louvain_0,Hypoxia-Induced Glycolytic Programming,59
TPI1,EMT,EMT Initiation,emt_initiation_louvain_0,Hypoxia-Induced Glycolytic Programming,59
TPST2,EMT,EMT Initiation,emt_initiation_louvain_0,Hypoxia-Induced Glycolytic Programming,59
VHL,EMT,EMT Initiation,emt_initiation_louvain_0,Hypoxia-Induced Glycolytic Programming,59
WSB1,EMT,EMT Initiation,emt_initiation_louvain_0,Hypoxia-Induced Glycolytic Programming,59
CCDC88C,EMT,EMT Initiation,emt_initiation_louvain_10,Non-Canonical Wnt signalling,25
CSNK2A2,EMT,EMT Initiation,emt_initiation_louvain_10,Non-Canonical Wnt signalling,25
CSNK2A3,EMT,EMT Initiation,emt_initiation_louvain_10,Non-Canonical Wnt signalling,25
CSNK2B,EMT,EMT Initiation,emt_initiation_louvain_10,Non-Canonical Wnt signalling,25
CXXC4,EMT,EMT Initiation,emt_initiation_louvain_10,Non-Canonical Wnt signalling,25
DAAM1,EMT,EMT Initiation,emt_initiation_louvain_10,Non-Canonical Wnt signalling,25
DAAM2,EMT,EMT Initiation,emt_initiation_louvain_10,Non-Canonical Wnt signalling,25
DVL1,EMT,EMT Initiation,emt_initiation_louvain_10,Non-Canonical Wnt signalling,25
DVL2,EMT,EMT Initiation,emt_initiation_louvain_10,Non-Canonical Wnt signalling,25
DVL3,EMT,EMT Initiation,emt_initiation_louvain_10,Non-Canonical Wnt signalling,25
FZD3,EMT,EMT Initiation,emt_initiation_louvain_10,Non-Canonical Wnt signalling,25
FZD6,EMT,EMT Initiation,emt_initiation_louvain_10,Non-Canonical Wnt signalling,25
FZD9,EMT,EMT Initiation,emt_initiation_louvain_10,Non-Canonical Wnt signalling,25
INVS,EMT,EMT Initiation,emt_initiation_louvain_10,Non-Canonical Wnt signalling,25
NKD1,EMT,EMT Initiation,emt_initiation_louvain_10,Non-Canonical Wnt signalling,25
NKD2,EMT,EMT Initiation,emt_initiation_louvain_10,Non-Canonical Wnt signalling,25
PRICKLE1,EMT,EMT Initiation,emt_initiation_louvain_10,Non-Canonical Wnt signalling,25
PRICKLE2,EMT,EMT Initiation,emt_initiation_louvain_10,Non-Canonical Wnt signalling,25
PRICKLE3,EMT,EMT Initiation,emt_initiation_louvain_10,Non-Canonical Wnt signalling,25
PRICKLE4,EMT,EMT Initiation,emt_initiation_louvain_10,Non-Canonical Wnt signalling,25
SENP2,EMT,EMT Initiation,emt_initiation_louvain_10,Non-Canonical Wnt signalling,25
SLC25A1,EMT,EMT Initiation,emt_initiation_louvain_10,Non-Canonical Wnt signalling,25
TES,EMT,EMT Initiation,emt_initiation_louvain_10,Non-Canonical Wnt signalling,25
VANGL1,EMT,EMT Initiation,emt_initiation_louvain_10,Non-Canonical Wnt signalling,25
VANGL2,EMT,EMT Initiation,emt_initiation_louvain_10,Non-Canonical Wnt signalling,25
ADAM17,EMT,EMT Initiation,emt_initiation_louvain_8,Notch Signalling,38
APH1A,EMT,EMT Initiation,emt_initiation_louvain_8,Notch Signalling,38
APH1B,EMT,EMT Initiation,emt_initiation_louvain_8,Notch Signalling,38
DLL1,EMT,EMT Initiation,emt_initiation_louvain_8,Notch Signalling,38
DLL3,EMT,EMT Initiation,emt_initiation_louvain_8,Notch Signalling,38
DLL4,EMT,EMT Initiation,emt_initiation_louvain_8,Notch Signalling,38
DTX1,EMT,EMT Initiation,emt_initiation_louvain_8,Notch Signalling,38
DTX2,EMT,EMT Initiation,emt_initiation_louvain_8,Notch Signalling,38
DTX3,EMT,EMT Initiation,emt_initiation_louvain_8,Notch Signalling,38
DTX3L,EMT,EMT Initiation,emt_initiation_louvain_8,Notch Signalling,38
DTX4,EMT,EMT Initiation,emt_initiation_louvain_8,Notch Signalling,38
HDLBP,EMT,EMT Initiation,emt_initiation_louvain_8,Notch Signalling,38
HES1,EMT,EMT Initiation,emt_initiation_louvain_8,Notch Signalling,38
HES5,EMT,EMT Initiation,emt_initiation_louvain_8,Notch Signalling,38
HEY1,EMT,EMT Initiation,emt_initiation_louvain_8,Notch Signalling,38
HEY2,EMT,EMT Initiation,emt_initiation_louvain_8,Notch Signalling,38
HEYL,EMT,EMT Initiation,emt_initiation_louvain_8,Notch Signalling,38
JAG1,EMT,EMT Initiation,emt_initiation_louvain_8,Notch Signalling,38
JAG2,EMT,EMT Initiation,emt_initiation_louvain_8,Notch Signalling,38
LFNG,EMT,EMT Initiation,emt_initiation_louvain_8,Notch Signalling,38
MAML1,EMT,EMT Initiation,emt_initiation_louvain_8,Notch Signalling,38
MAML2,EMT,EMT Initiation,emt_initiation_louvain_8,Notch Signalling,38
MAML3,EMT,EMT Initiation,emt_initiation_louvain_8,Notch Signalling,38
MFNG,EMT,EMT Initiation,emt_initiation_louvain_8,Notch Signalling,38
NCSTN,EMT,EMT Initiation,emt_initiation_louvain_8,Notch Signalling,38
NOTCH1,EMT,EMT Initiation,emt_initiation_louvain_8,Notch Signalling,38
NOTCH2,EMT,EMT Initiation,emt_initiation_louvain_8,Notch Signalling,38
NOTCH3,EMT,EMT Initiation,emt_initiation_louvain_8,Notch Signalling,38
NOTCH4,EMT,EMT Initiation,emt_initiation_louvain_8,Notch Signalling,38
NRARP,EMT,EMT Initiation,emt_initiation_louvain_8,Notch Signalling,38
NUMB,EMT,EMT Initiation,emt_initiation_louvain_8,Notch Signalling,38
NUMBL,EMT,EMT Initiation,emt_initiation_louvain_8,Notch Signalling,38
PSEN1,EMT,EMT Initiation,emt_initiation_louvain_8,Notch Signalling,38
PSEN2,EMT,EMT Initiation,emt_initiation_louvain_8,Notch Signalling,38
PSENEN,EMT,EMT Initiation,emt_initiation_louvain_8,Notch Signalling,38
PTCRA,EMT,EMT Initiation,emt_initiation_louvain_8,Notch Signalling,38
RFNG,EMT,EMT Initiation,emt_initiation_louvain_8,Notch Signalling,38
TLE6,EMT,EMT Initiation,emt_initiation_louvain_8,Notch Signalling,38
ACKR3,EMT,EMT Initiation,emt_initiation_louvain_3,PI3K/Akt/mTOR Signalling,71
ADORA2B,EMT,EMT Initiation,emt_initiation_louvain_3,PI3K/Akt/mTOR Signalling,71
AKT1,EMT,EMT Initiation,emt_initiation_louvain_3,PI3K/Akt/mTOR Signalling,71
ANGPT1,EMT,EMT Initiation,emt_initiation_louvain_3,PI3K/Akt/mTOR Signalling,71
ANGPT2,EMT,EMT Initiation,emt_initiation_louvain_3,PI3K/Akt/mTOR Signalling,71
ANGPT4,EMT,EMT Initiation,emt_initiation_louvain_3,PI3K/Akt/mTOR Signalling,71
ANGPTL4,EMT,EMT Initiation,emt_initiation_louvain_3,PI3K/Akt/mTOR Signalling,71
ANKZF1,EMT,EMT Initiation,emt_initiation_louvain_3,PI3K/Akt/mTOR Signalling,71
ANXA2,EMT,EMT Initiation,emt_initiation_louvain_3,PI3K/Akt/mTOR Signalling,71
BCL2,EMT,EMT Initiation,emt_initiation_louvain_3,PI3K/Akt/mTOR Signalling,71
BNIP3L,EMT,EMT Initiation,emt_initiation_louvain_3,PI3K/Akt/mTOR Signalling,71
CASP6,EMT,EMT Initiation,emt_initiation_louvain_3,PI3K/Akt/mTOR Signalling,71
CAV1,EMT,EMT Initiation,emt_initiation_louvain_3,PI3K/Akt/mTOR Signalling,71
CAVIN1,EMT,EMT Initiation,emt_initiation_louvain_3,PI3K/Akt/mTOR Signalling,71
CAVIN3,EMT,EMT Initiation,emt_initiation_louvain_3,PI3K/Akt/mTOR Signalling,71
CSRP2,EMT,EMT Initiation,emt_initiation_louvain_3,PI3K/Akt/mTOR Signalling,71
CXCR4,EMT,EMT Initiation,emt_initiation_louvain_3,PI3K/Akt/mTOR Signalling,71
DDIT4,EMT,EMT Initiation,emt_initiation_louvain_3,PI3K/Akt/mTOR Signalling,71
EFNA1,EMT,EMT Initiation,emt_initiation_louvain_3,PI3K/Akt/mTOR Signalling,71
EFNA3,EMT,EMT Initiation,emt_initiation_louvain_3,PI3K/Akt/mTOR Signalling,71
EGF,EMT,EMT Initiation,emt_initiation_louvain_3,PI3K/Akt/mTOR Signalling,71
EGFR,EMT,EMT Initiation,emt_initiation_louvain_3,PI3K/Akt/mTOR Signalling,71
EIF4E,EMT,EMT Initiation,emt_initiation_louvain_3,PI3K/Akt/mTOR Signalling,71
EIF4E1B,EMT,EMT Initiation,emt_initiation_louvain_3,PI3K/Akt/mTOR Signalling,71
EIF4E2,EMT,EMT Initiation,emt_initiation_louvain_3,PI3K/Akt/mTOR Signalling,71
EIF4EBP1,EMT,EMT Initiation,emt_initiation_louvain_3,PI3K/Akt/mTOR Signalling,71
EMP3,EMT,EMT Initiation,emt_initiation_louvain_3,PI3K/Akt/mTOR Signalling,71
EPO,EMT,EMT Initiation,emt_initiation_louvain_3,PI3K/Akt/mTOR Signalling,71
ERBB2,EMT,EMT Initiation,emt_initiation_louvain_3,PI3K/Akt/mTOR Signalling,71
ERRFI1,EMT,EMT Initiation,emt_initiation_louvain_3,PI3K/Akt/mTOR Signalling,71
ETS1,EMT,EMT Initiation,emt_initiation_louvain_3,PI3K/Akt/mTOR Signalling,71
FLT1,EMT,EMT Initiation,emt_initiation_louvain_3,PI3K/Akt/mTOR Signalling,71
HIF1A,EMT,EMT Initiation,emt_initiation_louvain_3,PI3K/Akt/mTOR Signalling,71
IDS,EMT,EMT Initiation,emt_initiation_louvain_3,PI3K/Akt/mTOR Signalling,71
IGF1,EMT,EMT Initiation,emt_initiation_louvain_3,PI3K/Akt/mTOR Signalling,71
IGF1R,EMT,EMT Initiation,emt_initiation_louvain_3,PI3K/Akt/mTOR Signalling,71
IL6R,EMT,EMT Initiation,emt_initiation_louvain_3,PI3K/Akt/mTOR Signalling,71
INS,EMT,EMT Initiation,emt_initiation_louvain_3,PI3K/Akt/mTOR Signalling,71
INSR,EMT,EMT Initiation,emt_initiation_louvain_3,PI3K/Akt/mTOR Signalling,71
JMJD6,EMT,EMT Initiation,emt_initiation_louvain_3,PI3K/Akt/mTOR Signalling,71
MAPK1,EMT,EMT Initiation,emt_initiation_louvain_3,PI3K/Akt/mTOR Signalling,71
MKNK1,EMT,EMT Initiation,emt_initiation_louvain_3,PI3K/Akt/mTOR Signalling,71
MKNK2,EMT,EMT Initiation,emt_initiation_louvain_3,PI3K/Akt/mTOR Signalling,71
MTOR,EMT,EMT Initiation,emt_initiation_louvain_3,PI3K/Akt/mTOR Signalling,71
MYH9,EMT,EMT Initiation,emt_initiation_louvain_3,PI3K/Akt/mTOR Signalling,71
NDRG1,EMT,EMT Initiation,emt_initiation_louvain_3,PI3K/Akt/mTOR Signalling,71
NR3C1,EMT,EMT Initiation,emt_initiation_louvain_3,PI3K/Akt/mTOR Signalling,71
PDGFB,EMT,EMT Initiation,emt_initiation_louvain_3,PI3K/Akt/mTOR Signalling,71
PGF,EMT,EMT Initiation,emt_initiation_louvain_3,PI3K/Akt/mTOR Signalling,71
PLIN2,EMT,EMT Initiation,emt_initiation_louvain_3,PI3K/Akt/mTOR Signalling,71
PPARD,EMT,EMT Initiation,emt_initiation_louvain_3,PI3K/Akt/mTOR Signalling,71
PPARGC1A,EMT,EMT Initiation,emt_initiation_louvain_3,PI3K/Akt/mTOR Signalling,71
PRL,EMT,EMT Initiation,emt_initiation_louvain_3,PI3K/Akt/mTOR Signalling,71
RPS6,EMT,EMT Initiation,emt_initiation_louvain_3,PI3K/Akt/mTOR Signalling,71
RPS6KB1,EMT,EMT Initiation,emt_initiation_louvain_3,PI3K/Akt/mTOR Signalling,71
RPS6KB2,EMT,EMT Initiation,emt_initiation_louvain_3,PI3K/Akt/mTOR Signalling,71
RRAGD,EMT,EMT Initiation,emt_initiation_louvain_3,PI3K/Akt/mTOR Signalling,71
S100A4,EMT,EMT Initiation,emt_initiation_louvain_3,PI3K/Akt/mTOR Signalling,71
SCARB1,EMT,EMT Initiation,emt_initiation_louvain_3,PI3K/Akt/mTOR Signalling,71
SELENBP1,EMT,EMT Initiation,emt_initiation_louvain_3,PI3K/Akt/mTOR Signalling,71
SIRT1,EMT,EMT Initiation,emt_initiation_louvain_3,PI3K/Akt/mTOR Signalling,71
STAT3,EMT,EMT Initiation,emt_initiation_louvain_3,PI3K/Akt/mTOR Signalling,71
STC1,EMT,EMT Initiation,emt_initiation_louvain_3,PI3K/Akt/mTOR Signalling,71
STC2,EMT,EMT Initiation,emt_initiation_louvain_3,PI3K/Akt/mTOR Signalling,71
TEK,EMT,EMT Initiation,emt_initiation_louvain_3,PI3K/Akt/mTOR Signalling,71
TFRC,EMT,EMT Initiation,emt_initiation_louvain_3,PI3K/Akt/mTOR Signalling,71
TLE7,EMT,EMT Initiation,emt_initiation_louvain_3,PI3K/Akt/mTOR Signalling,71
TLR4,EMT,EMT Initiation,emt_initiation_louvain_3,PI3K/Akt/mTOR Signalling,71
TP53,EMT,EMT Initiation,emt_initiation_louvain_3,PI3K/Akt/mTOR Signalling,71
VCP,EMT,EMT Initiation,emt_initiation_louvain_3,PI3K/Akt/mTOR Signalling,71
VEGFA,EMT,EMT Initiation,emt_initiation_louvain_3,PI3K/Akt/mTOR Signalling,71
AKT2,EMT,EMT Initiation,emt_initiation_louvain_2,PI3K/NF-kB Signalling & Cytoskeletal Remodelling,73
AKT3,EMT,EMT Initiation,emt_initiation_louvain_2,PI3K/NF-kB Signalling & Cytoskeletal Remodelling,73
ATP7A,EMT,EMT Initiation,emt_initiation_louvain_2,PI3K/NF-kB Signalling & Cytoskeletal Remodelling,73
BRS3,EMT,EMT Initiation,emt_initiation_louvain_2,PI3K/NF-kB Signalling & Cytoskeletal Remodelling,73
CAMK2A,EMT,EMT Initiation,emt_initiation_louvain_2,PI3K/NF-kB Signalling & Cytoskeletal Remodelling,73
CAMK2B,EMT,EMT Initiation,emt_initiation_louvain_2,PI3K/NF-kB Signalling & Cytoskeletal Remodelling,73
CAMK2D,EMT,EMT Initiation,emt_initiation_louvain_2,PI3K/NF-kB Signalling & Cytoskeletal Remodelling,73
CAMK2G,EMT,EMT Initiation,emt_initiation_louvain_2,PI3K/NF-kB Signalling & Cytoskeletal Remodelling,73
CP,EMT,EMT Initiation,emt_initiation_louvain_2,PI3K/NF-kB Signalling & Cytoskeletal Remodelling,73
CYBB,EMT,EMT Initiation,emt_initiation_louvain_2,PI3K/NF-kB Signalling & Cytoskeletal Remodelling,73
EDN2,EMT,EMT Initiation,emt_initiation_louvain_2,PI3K/NF-kB Signalling & Cytoskeletal Remodelling,73
GLRX,EMT,EMT Initiation,emt_initiation_louvain_2,PI3K/NF-kB Signalling & Cytoskeletal Remodelling,73
HMOX1,EMT,EMT Initiation,emt_initiation_louvain_2,PI3K/NF-kB Signalling & Cytoskeletal Remodelling,73
IFNG,EMT,EMT Initiation,emt_initiation_louvain_2,PI3K/NF-kB Signalling & Cytoskeletal Remodelling,73
IFNGR1,EMT,EMT Initiation,emt_initiation_louvain_2,PI3K/NF-kB Signalling & Cytoskeletal Remodelling,73
IFNGR2,EMT,EMT Initiation,emt_initiation_louvain_2,PI3K/NF-kB Signalling & Cytoskeletal Remodelling,73
IRS2,EMT,EMT Initiation,emt_initiation_louvain_2,PI3K/NF-kB Signalling & Cytoskeletal Remodelling,73
KIF5A,EMT,EMT Initiation,emt_initiation_louvain_2,PI3K/NF-kB Signalling & Cytoskeletal Remodelling,73
LTBR,EMT,EMT Initiation,emt_initiation_louvain_2,PI3K/NF-kB Signalling & Cytoskeletal Remodelling,73
MAP2K1,EMT,EMT Initiation,emt_initiation_louvain_2,PI3K/NF-kB Signalling & Cytoskeletal Remodelling,73
MAP2K2,EMT,EMT Initiation,emt_initiation_louvain_2,PI3K/NF-kB Signalling & Cytoskeletal Remodelling,73
MAP3K1,EMT,EMT Initiation,emt_initiation_louvain_2,PI3K/NF-kB Signalling & Cytoskeletal Remodelling,73
MAP3K7,EMT,EMT Initiation,emt_initiation_louvain_2,PI3K/NF-kB Signalling & Cytoskeletal Remodelling,73
MAPK10,EMT,EMT Initiation,emt_initiation_louvain_2,PI3K/NF-kB Signalling & Cytoskeletal Remodelling,73
MAPK3,EMT,EMT Initiation,emt_initiation_louvain_2,PI3K/NF-kB Signalling & Cytoskeletal Remodelling,73
MAPK8,EMT,EMT Initiation,emt_initiation_louvain_2,PI3K/NF-kB Signalling & Cytoskeletal Remodelling,73
MAPK9,EMT,EMT Initiation,emt_initiation_louvain_2,PI3K/NF-kB Signalling & Cytoskeletal Remodelling,73
MIF,EMT,EMT Initiation,emt_initiation_louvain_2,PI3K/NF-kB Signalling & Cytoskeletal Remodelling,73
MT1E,EMT,EMT Initiation,emt_initiation_louvain_2,PI3K/NF-kB Signalling & Cytoskeletal Remodelling,73
MT2A,EMT,EMT Initiation,emt_initiation_louvain_2,PI3K/NF-kB Signalling & Cytoskeletal Remodelling,73
NFATC1,EMT,EMT Initiation,emt_initiation_louvain_2,PI3K/NF-kB Signalling & Cytoskeletal Remodelling,73
NFATC2,EMT,EMT Initiation,emt_initiation_louvain_2,PI3K/NF-kB Signalling & Cytoskeletal Remodelling,73
NFATC3,EMT,EMT Initiation,emt_initiation_louvain_2,PI3K/NF-kB Signalling & Cytoskeletal Remodelling,73
NFATC4,EMT,EMT Initiation,emt_initiation_louvain_2,PI3K/NF-kB Signalling & Cytoskeletal Remodelling,73
NFKB1,EMT,EMT Initiation,emt_initiation_louvain_2,PI3K/NF-kB Signalling & Cytoskeletal Remodelling,73
NOS2,EMT,EMT Initiation,emt_initiation_louvain_2,PI3K/NF-kB Signalling & Cytoskeletal Remodelling,73
NOS3,EMT,EMT Initiation,emt_initiation_louvain_2,PI3K/NF-kB Signalling & Cytoskeletal Remodelling,73
P3R3URF-PIK3R3,EMT,EMT Initiation,emt_initiation_louvain_2,PI3K/NF-kB Signalling & Cytoskeletal Remodelling,73
PAM,EMT,EMT Initiation,emt_initiation_louvain_2,PI3K/NF-kB Signalling & Cytoskeletal Remodelling,73
PIK3CA,EMT,EMT Initiation,emt_initiation_louvain_2,PI3K/NF-kB Signalling & Cytoskeletal Remodelling,73
PIK3CB,EMT,EMT Initiation,emt_initiation_louvain_2,PI3K/NF-kB Signalling & Cytoskeletal Remodelling,73
PIK3CD,EMT,EMT Initiation,emt_initiation_louvain_2,PI3K/NF-kB Signalling & Cytoskeletal Remodelling,73
PIK3R1,EMT,EMT Initiation,emt_initiation_louvain_2,PI3K/NF-kB Signalling & Cytoskeletal Remodelling,73
PIK3R2,EMT,EMT Initiation,emt_initiation_louvain_2,PI3K/NF-kB Signalling & Cytoskeletal Remodelling,73
PIK3R3,EMT,EMT Initiation,emt_initiation_louvain_2,PI3K/NF-kB Signalling & Cytoskeletal Remodelling,73
PLCB1,EMT,EMT Initiation,emt_initiation_louvain_2,PI3K/NF-kB Signalling & Cytoskeletal Remodelling,73
PLCB2,EMT,EMT Initiation,emt_initiation_louvain_2,PI3K/NF-kB Signalling & Cytoskeletal Remodelling,73
PLCB3,EMT,EMT Initiation,emt_initiation_louvain_2,PI3K/NF-kB Signalling & Cytoskeletal Remodelling,73
PLCB4,EMT,EMT Initiation,emt_initiation_louvain_2,PI3K/NF-kB Signalling & Cytoskeletal Remodelling,73
PLCG1,EMT,EMT Initiation,emt_initiation_louvain_2,PI3K/NF-kB Signalling & Cytoskeletal Remodelling,73
PLCG2,EMT,EMT Initiation,emt_initiation_louvain_2,PI3K/NF-kB Signalling & Cytoskeletal Remodelling,73
PPP2CA,EMT,EMT Initiation,emt_initiation_louvain_2,PI3K/NF-kB Signalling & Cytoskeletal Remodelling,73
PPP2CB,EMT,EMT Initiation,emt_initiation_louvain_2,PI3K/NF-kB Signalling & Cytoskeletal Remodelling,73
PPP2R1A,EMT,EMT Initiation,emt_initiation_louvain_2,PI3K/NF-kB Signalling & Cytoskeletal Remodelling,73
PPP2R1B,EMT,EMT Initiation,emt_initiation_louvain_2,PI3K/NF-kB Signalling & Cytoskeletal Remodelling,73
PPP3CA,EMT,EMT Initiation,emt_initiation_louvain_2,PI3K/NF-kB Signalling & Cytoskeletal Remodelling,73
PPP3CB,EMT,EMT Initiation,emt_initiation_louvain_2,PI3K/NF-kB Signalling & Cytoskeletal Remodelling,73
PPP3CC,EMT,EMT Initiation,emt_initiation_louvain_2,PI3K/NF-kB Signalling & Cytoskeletal Remodelling,73
PPP3R1,EMT,EMT Initiation,emt_initiation_louvain_2,PI3K/NF-kB Signalling & Cytoskeletal Remodelling,73
PPP3R2,EMT,EMT Initiation,emt_initiation_louvain_2,PI3K/NF-kB Signalling & Cytoskeletal Remodelling,73
PRKCA,EMT,EMT Initiation,emt_initiation_louvain_2,PI3K/NF-kB Signalling & Cytoskeletal Remodelling,73
PRKCB,EMT,EMT Initiation,emt_initiation_louvain_2,PI3K/NF-kB Signalling & Cytoskeletal Remodelling,73
PRKCG,EMT,EMT Initiation,emt_initiation_louvain_2,PI3K/NF-kB Signalling & Cytoskeletal Remodelling,73
RAC1,EMT,EMT Initiation,emt_initiation_louvain_2,PI3K/NF-kB Signalling & Cytoskeletal Remodelling,73
RAC2,EMT,EMT Initiation,emt_initiation_louvain_2,PI3K/NF-kB Signalling & Cytoskeletal Remodelling,73
RAC3,EMT,EMT Initiation,emt_initiation_louvain_2,PI3K/NF-kB Signalling & Cytoskeletal Remodelling,73
RELA,EMT,EMT Initiation,emt_initiation_louvain_2,PI3K/NF-kB Signalling & Cytoskeletal Remodelling,73
RHOA,EMT,EMT Initiation,emt_initiation_louvain_2,PI3K/NF-kB Signalling & Cytoskeletal Remodelling,73
ROCK1,EMT,EMT Initiation,emt_initiation_louvain_2,PI3K/NF-kB Signalling & Cytoskeletal Remodelling,73
ROCK2,EMT,EMT Initiation,emt_initiation_louvain_2,PI3K/NF-kB Signalling & Cytoskeletal Remodelling,73
SRPX,EMT,EMT Initiation,emt_initiation_louvain_2,PI3K/NF-kB Signalling & Cytoskeletal Remodelling,73
SULT2B1,EMT,EMT Initiation,emt_initiation_louvain_2,PI3K/NF-kB Signalling & Cytoskeletal Remodelling,73
TNF,EMT,EMT Initiation,emt_initiation_louvain_2,PI3K/NF-kB Signalling & Cytoskeletal Remodelling,73
ADM,EMT,EMT Initiation,emt_initiation_louvain_4,Stress-Responsive EMT Induction,50
ATF3,EMT,EMT Initiation,emt_initiation_louvain_4,Stress-Responsive EMT Induction,50
BTG1,EMT,EMT Initiation,emt_initiation_louvain_4,Stress-Responsive EMT Induction,50
CCN1,EMT,EMT Initiation,emt_initiation_louvain_4,Stress-Responsive EMT Induction,50
CCN2,EMT,EMT Initiation,emt_initiation_louvain_4,Stress-Responsive EMT Induction,50
CCND1,EMT,EMT Initiation,emt_initiation_louvain_4,Stress-Responsive EMT Induction,50
CCND2,EMT,EMT Initiation,emt_initiation_louvain_4,Stress-Responsive EMT Induction,50
CCND3,EMT,EMT Initiation,emt_initiation_louvain_4,Stress-Responsive EMT Induction,50
CCNG2,EMT,EMT Initiation,emt_initiation_louvain_4,Stress-Responsive EMT Induction,50
CDKN1A,EMT,EMT Initiation,emt_initiation_louvain_4,Stress-Responsive EMT Induction,50
CDKN1B,EMT,EMT Initiation,emt_initiation_louvain_4,Stress-Responsive EMT Induction,50
CDKN1C,EMT,EMT Initiation,emt_initiation_louvain_4,Stress-Responsive EMT Induction,50
CDKN2B,EMT,EMT Initiation,emt_initiation_louvain_4,Stress-Responsive EMT Induction,50
DDIT3,EMT,EMT Initiation,emt_initiation_louvain_4,Stress-Responsive EMT Induction,50
DUSP1,EMT,EMT Initiation,emt_initiation_louvain_4,Stress-Responsive EMT Induction,50
EDN1,EMT,EMT Initiation,emt_initiation_louvain_4,Stress-Responsive EMT Induction,50
ERO1A,EMT,EMT Initiation,emt_initiation_louvain_4,Stress-Responsive EMT Induction,50
F3,EMT,EMT Initiation,emt_initiation_louvain_4,Stress-Responsive EMT Induction,50
FOS,EMT,EMT Initiation,emt_initiation_louvain_4,Stress-Responsive EMT Induction,50
FOSL1,EMT,EMT Initiation,emt_initiation_louvain_4,Stress-Responsive EMT Induction,50
FOSL2,EMT,EMT Initiation,emt_initiation_louvain_4,Stress-Responsive EMT Induction,50
FOXO3,EMT,EMT Initiation,emt_initiation_louvain_4,Stress-Responsive EMT Induction,50
HSPA5,EMT,EMT Initiation,emt_initiation_louvain_4,Stress-Responsive EMT Induction,50
IER3,EMT,EMT Initiation,emt_initiation_louvain_4,Stress-Responsive EMT Induction,50
IGFBP1,EMT,EMT Initiation,emt_initiation_louvain_4,Stress-Responsive EMT Induction,50
IGFBP3,EMT,EMT Initiation,emt_initiation_louvain_4,Stress-Responsive EMT Induction,50
IL6,EMT,EMT Initiation,emt_initiation_louvain_4,Stress-Responsive EMT Induction,50
JUN,EMT,EMT Initiation,emt_initiation_louvain_4,Stress-Responsive EMT Induction,50
KLF6,EMT,EMT Initiation,emt_initiation_louvain_4,Stress-Responsive EMT Induction,50
LOX,EMT,EMT Initiation,emt_initiation_louvain_4,Stress-Responsive EMT Induction,50
LXN,EMT,EMT Initiation,emt_initiation_louvain_4,Stress-Responsive EMT Induction,50
MAFF,EMT,EMT Initiation,emt_initiation_louvain_4,Stress-Responsive EMT Induction,50
MMP7,EMT,EMT Initiation,emt_initiation_louvain_4,Stress-Responsive EMT Induction,50
MYC,EMT,EMT Initiation,emt_initiation_louvain_4,Stress-Responsive EMT Induction,50
NOCT,EMT,EMT Initiation,emt_initiation_louvain_4,Stress-Responsive EMT Induction,50
NPPA,EMT,EMT Initiation,emt_initiation_louvain_4,Stress-Responsive EMT Induction,50
PIM1,EMT,EMT Initiation,emt_initiation_louvain_4,Stress-Responsive EMT Induction,50
PLAUR,EMT,EMT Initiation,emt_initiation_louvain_4,Stress-Responsive EMT Induction,50
PPP1R15A,EMT,EMT Initiation,emt_initiation_louvain_4,Stress-Responsive EMT Induction,50
RBL1,EMT,EMT Initiation,emt_initiation_louvain_4,Stress-Responsive EMT Induction,50
SERPINE1,EMT,EMT Initiation,emt_initiation_louvain_4,Stress-Responsive EMT Induction,50
SERPINF1,EMT,EMT Initiation,emt_initiation_louvain_4,Stress-Responsive EMT Induction,50
SP1,EMT,EMT Initiation,emt_initiation_louvain_4,Stress-Responsive EMT Induction,50
TGM2,EMT,EMT Initiation,emt_initiation_louvain_4,Stress-Responsive EMT Induction,50
THBS1,EMT,EMT Initiation,emt_initiation_louvain_4,Stress-Responsive EMT Induction,50
TIMP1,EMT,EMT Initiation,emt_initiation_louvain_4,Stress-Responsive EMT Induction,50
TIPARP,EMT,EMT Initiation,emt_initiation_louvain_4,Stress-Responsive EMT Induction,50
TNFAIP3,EMT,EMT Initiation,emt_initiation_louvain_4,Stress-Responsive EMT Induction,50
VLDLR,EMT,EMT Initiation,emt_initiation_louvain_4,Stress-Responsive EMT Induction,50
ZFP36,EMT,EMT Initiation,emt_initiation_louvain_4,Stress-Responsive EMT Induction,50
BGN,EMT,EMT Initiation,emt_initiation_louvain_6,TGF-β/Smad signalling,37
CHST2,EMT,EMT Initiation,emt_initiation_louvain_6,TGF-β/Smad signalling,37
COL5A1,EMT,EMT Initiation,emt_initiation_louvain_6,TGF-β/Smad signalling,37
DCN,EMT,EMT Initiation,emt_initiation_louvain_6,TGF-β/Smad signalling,37
FBN1,EMT,EMT Initiation,emt_initiation_louvain_6,TGF-β/Smad signalling,37
FMOD,EMT,EMT Initiation,emt_initiation_louvain_6,TGF-β/Smad signalling,37
ID1,EMT,EMT Initiation,emt_initiation_louvain_6,TGF-β/Smad signalling,37
ID2,EMT,EMT Initiation,emt_initiation_louvain_6,TGF-β/Smad signalling,37
ID3,EMT,EMT Initiation,emt_initiation_louvain_6,TGF-β/Smad signalling,37
ID4,EMT,EMT Initiation,emt_initiation_louvain_6,TGF-β/Smad signalling,37
LEMD3,EMT,EMT Initiation,emt_initiation_louvain_6,TGF-β/Smad signalling,37
LRRC32,EMT,EMT Initiation,emt_initiation_louvain_6,TGF-β/Smad signalling,37
LTBP1,EMT,EMT Initiation,emt_initiation_louvain_6,TGF-β/Smad signalling,37
NEDD4L,EMT,EMT Initiation,emt_initiation_louvain_6,TGF-β/Smad signalling,37
NRROS,EMT,EMT Initiation,emt_initiation_louvain_6,TGF-β/Smad signalling,37
SKI,EMT,EMT Initiation,emt_initiation_louvain_6,TGF-β/Smad signalling,37
SKIL,EMT,EMT Initiation,emt_initiation_louvain_6,TGF-β/Smad signalling,37
SMAD1,EMT,EMT Initiation,emt_initiation_louvain_6,TGF-β/Smad signalling,37
SMAD2,EMT,EMT Initiation,emt_initiation_louvain_6,TGF-β/Smad signalling,37
SMAD3,EMT,EMT Initiation,emt_initiation_louvain_6,TGF-β/Smad signalling,37
SMAD4,EMT,EMT Initiation,emt_initiation_louvain_6,TGF-β/Smad signalling,37
SMAD5,EMT,EMT Initiation,emt_initiation_louvain_6,TGF-β/Smad signalling,37
SMAD6,EMT,EMT Initiation,emt_initiation_louvain_6,TGF-β/Smad signalling,37
SMAD7,EMT,EMT Initiation,emt_initiation_louvain_6,TGF-β/Smad signalling,37
SMAD9,EMT,EMT Initiation,emt_initiation_louvain_6,TGF-β/Smad signalling,37
SMURF1,EMT,EMT Initiation,emt_initiation_louvain_6,TGF-β/Smad signalling,37
SMURF2,EMT,EMT Initiation,emt_initiation_louvain_6,TGF-β/Smad signalling,37
TGFB1,EMT,EMT Initiation,emt_initiation_louvain_6,TGF-β/Smad signalling,37
TGFB2,EMT,EMT Initiation,emt_initiation_louvain_6,TGF-β/Smad signalling,37
TGFB3,EMT,EMT Initiation,emt_initiation_louvain_6,TGF-β/Smad signalling,37
TGFBI,EMT,EMT Initiation,emt_initiation_louvain_6,TGF-β/Smad signalling,37
TGFBR1,EMT,EMT Initiation,emt_initiation_louvain_6,TGF-β/Smad signalling,37
TGFBR2,EMT,EMT Initiation,emt_initiation_louvain_6,TGF-β/Smad signalling,37
TGIF1,EMT,EMT Initiation,emt_initiation_louvain_6,TGF-β/Smad signalling,37
TGIF2,EMT,EMT Initiation,emt_initiation_louvain_6,TGF-β/Smad signalling,37
ZFYVE16,EMT,EMT Initiation,emt_initiation_louvain_6,TGF-β/Smad signalling,37
ZFYVE9,EMT,EMT Initiation,emt_initiation_louvain_6,TGF-β/Smad signalling,37
APCDD1,EMT,EMT Initiation,emt_initiation_louvain_12,Wnt Ligand-Receptor Interaction,75
B3GALT6,EMT,EMT Initiation,emt_initiation_louvain_12,Wnt Ligand-Receptor Interaction,75
BCAN,EMT,EMT Initiation,emt_initiation_louvain_12,Wnt Ligand-Receptor Interaction,75
CCN4,EMT,EMT Initiation,emt_initiation_louvain_12,Wnt Ligand-Receptor Interaction,75
CCN5,EMT,EMT Initiation,emt_initiation_louvain_12,Wnt Ligand-Receptor Interaction,75
CER1,EMT,EMT Initiation,emt_initiation_louvain_12,Wnt Ligand-Receptor Interaction,75
CHST3,EMT,EMT Initiation,emt_initiation_louvain_12,Wnt Ligand-Receptor Interaction,75
DKK1,EMT,EMT Initiation,emt_initiation_louvain_12,Wnt Ligand-Receptor Interaction,75
DKK2,EMT,EMT Initiation,emt_initiation_louvain_12,Wnt Ligand-Receptor Interaction,75
DKK4,EMT,EMT Initiation,emt_initiation_louvain_12,Wnt Ligand-Receptor Interaction,75
DTNA,EMT,EMT Initiation,emt_initiation_louvain_12,Wnt Ligand-Receptor Interaction,75
EXT1,EMT,EMT Initiation,emt_initiation_louvain_12,Wnt Ligand-Receptor Interaction,75
FRZB,EMT,EMT Initiation,emt_initiation_louvain_12,Wnt Ligand-Receptor Interaction,75
FZD1,EMT,EMT Initiation,emt_initiation_louvain_12,Wnt Ligand-Receptor Interaction,75
FZD10,EMT,EMT Initiation,emt_initiation_louvain_12,Wnt Ligand-Receptor Interaction,75
FZD2,EMT,EMT Initiation,emt_initiation_louvain_12,Wnt Ligand-Receptor Interaction,75
FZD4,EMT,EMT Initiation,emt_initiation_louvain_12,Wnt Ligand-Receptor Interaction,75
FZD5,EMT,EMT Initiation,emt_initiation_louvain_12,Wnt Ligand-Receptor Interaction,75
FZD7,EMT,EMT Initiation,emt_initiation_louvain_12,Wnt Ligand-Receptor Interaction,75
FZD8,EMT,EMT Initiation,emt_initiation_louvain_12,Wnt Ligand-Receptor Interaction,75
GPC1,EMT,EMT Initiation,emt_initiation_louvain_12,Wnt Ligand-Receptor Interaction,75
GPC3,EMT,EMT Initiation,emt_initiation_louvain_12,Wnt Ligand-Receptor Interaction,75
GPC4,EMT,EMT Initiation,emt_initiation_louvain_12,Wnt Ligand-Receptor Interaction,75
HS3ST1,EMT,EMT Initiation,emt_initiation_louvain_12,Wnt Ligand-Receptor Interaction,75
LGR4,EMT,EMT Initiation,emt_initiation_louvain_12,Wnt Ligand-Receptor Interaction,75
LGR5,EMT,EMT Initiation,emt_initiation_louvain_12,Wnt Ligand-Receptor Interaction,75
LGR6,EMT,EMT Initiation,emt_initiation_louvain_12,Wnt Ligand-Receptor Interaction,75
LRP5,EMT,EMT Initiation,emt_initiation_louvain_12,Wnt Ligand-Receptor Interaction,75
LRP6,EMT,EMT Initiation,emt_initiation_louvain_12,Wnt Ligand-Receptor Interaction,75
MUSK,EMT,EMT Initiation,emt_initiation_louvain_12,Wnt Ligand-Receptor Interaction,75
NCAN,EMT,EMT Initiation,emt_initiation_louvain_12,Wnt Ligand-Receptor Interaction,75
NDST1,EMT,EMT Initiation,emt_initiation_louvain_12,Wnt Ligand-Receptor Interaction,75
NDST2,EMT,EMT Initiation,emt_initiation_louvain_12,Wnt Ligand-Receptor Interaction,75
NOTUM,EMT,EMT Initiation,emt_initiation_louvain_12,Wnt Ligand-Receptor Interaction,75
PORCN,EMT,EMT Initiation,emt_initiation_louvain_12,Wnt Ligand-Receptor Interaction,75
PPFIA4,EMT,EMT Initiation,emt_initiation_louvain_12,Wnt Ligand-Receptor Interaction,75
RNF43,EMT,EMT Initiation,emt_initiation_louvain_12,Wnt Ligand-Receptor Interaction,75
ROR1,EMT,EMT Initiation,emt_initiation_louvain_12,Wnt Ligand-Receptor Interaction,75
ROR2,EMT,EMT Initiation,emt_initiation_louvain_12,Wnt Ligand-Receptor Interaction,75
RORA,EMT,EMT Initiation,emt_initiation_louvain_12,Wnt Ligand-Receptor Interaction,75
RSPO1,EMT,EMT Initiation,emt_initiation_louvain_12,Wnt Ligand-Receptor Interaction,75
RSPO2,EMT,EMT Initiation,emt_initiation_louvain_12,Wnt Ligand-Receptor Interaction,75
RSPO3,EMT,EMT Initiation,emt_initiation_louvain_12,Wnt Ligand-Receptor Interaction,75
RSPO4,EMT,EMT Initiation,emt_initiation_louvain_12,Wnt Ligand-Receptor Interaction,75
RYK,EMT,EMT Initiation,emt_initiation_louvain_12,Wnt Ligand-Receptor Interaction,75
SDC2,EMT,EMT Initiation,emt_initiation_louvain_12,Wnt Ligand-Receptor Interaction,75
SDC3,EMT,EMT Initiation,emt_initiation_louvain_12,Wnt Ligand-Receptor Interaction,75
SDC4,EMT,EMT Initiation,emt_initiation_louvain_12,Wnt Ligand-Receptor Interaction,75
SFRP1,EMT,EMT Initiation,emt_initiation_louvain_12,Wnt Ligand-Receptor Interaction,75
SFRP2,EMT,EMT Initiation,emt_initiation_louvain_12,Wnt Ligand-Receptor Interaction,75
SFRP4,EMT,EMT Initiation,emt_initiation_louvain_12,Wnt Ligand-Receptor Interaction,75
SFRP5,EMT,EMT Initiation,emt_initiation_louvain_12,Wnt Ligand-Receptor Interaction,75
SOST,EMT,EMT Initiation,emt_initiation_louvain_12,Wnt Ligand-Receptor Interaction,75
WIF1,EMT,EMT Initiation,emt_initiation_louvain_12,Wnt Ligand-Receptor Interaction,75
WNT1,EMT,EMT Initiation,emt_initiation_louvain_12,Wnt Ligand-Receptor Interaction,75
WNT10A,EMT,EMT Initiation,emt_initiation_louvain_12,Wnt Ligand-Receptor Interaction,75
WNT10B,EMT,EMT Initiation,emt_initiation_louvain_12,Wnt Ligand-Receptor Interaction,75
WNT11,EMT,EMT Initiation,emt_initiation_louvain_12,Wnt Ligand-Receptor Interaction,75
WNT16,EMT,EMT Initiation,emt_initiation_louvain_12,Wnt Ligand-Receptor Interaction,75
WNT2,EMT,EMT Initiation,emt_initiation_louvain_12,Wnt Ligand-Receptor Interaction,75
WNT2B,EMT,EMT Initiation,emt_initiation_louvain_12,Wnt Ligand-Receptor Interaction,75
WNT3,EMT,EMT Initiation,emt_initiation_louvain_12,Wnt Ligand-Receptor Interaction,75
WNT3A,EMT,EMT Initiation,emt_initiation_louvain_12,Wnt Ligand-Receptor Interaction,75
WNT4,EMT,EMT Initiation,emt_initiation_louvain_12,Wnt Ligand-Receptor Interaction,75
WNT5A,EMT,EMT Initiation,emt_initiation_louvain_12,Wnt Ligand-Receptor Interaction,75
WNT5B,EMT,EMT Initiation,emt_initiation_louvain_12,Wnt Ligand-Receptor Interaction,75
WNT6,EMT,EMT Initiation,emt_initiation_louvain_12,Wnt Ligand-Receptor Interaction,75
WNT7A,EMT,EMT Initiation,emt_initiation_louvain_12,Wnt Ligand-Receptor Interaction,75
WNT7B,EMT,EMT Initiation,emt_initiation_louvain_12,Wnt Ligand-Receptor Interaction,75
WNT8A,EMT,EMT Initiation,emt_initiation_louvain_12,Wnt Ligand-Receptor Interaction,75
WNT8B,EMT,EMT Initiation,emt_initiation_louvain_12,Wnt Ligand-Receptor Interaction,75
WNT9A,EMT,EMT Initiation,emt_initiation_louvain_12,Wnt Ligand-Receptor Interaction,75
WNT9B,EMT,EMT Initiation,emt_initiation_louvain_12,Wnt Ligand-Receptor Interaction,75
XPNPEP1,EMT,EMT Initiation,emt_initiation_louvain_12,Wnt Ligand-Receptor Interaction,75
ZNRF3,EMT,EMT Initiation,emt_initiation_louvain_12,Wnt Ligand-Receptor Interaction,75
CCL13,EMT,EMT Maintenance,emt_maintenance_louvain_17,Cytokine & Interleukin Receptor Signalling,80
CCL19,EMT,EMT Maintenance,emt_maintenance_louvain_17,Cytokine & Interleukin Receptor Signalling,80
CCL21,EMT,EMT Maintenance,emt_maintenance_louvain_17,Cytokine & Interleukin Receptor Signalling,80
CCL4,EMT,EMT Maintenance,emt_maintenance_louvain_17,Cytokine & Interleukin Receptor Signalling,80
CCL4L1,EMT,EMT Maintenance,emt_maintenance_louvain_17,Cytokine & Interleukin Receptor Signalling,80
CD19,EMT,EMT Maintenance,emt_maintenance_louvain_17,Cytokine & Interleukin Receptor Signalling,80
CLCF1,EMT,EMT Maintenance,emt_maintenance_louvain_17,Cytokine & Interleukin Receptor Signalling,80
CNTF,EMT,EMT Maintenance,emt_maintenance_louvain_17,Cytokine & Interleukin Receptor Signalling,80
CNTFR,EMT,EMT Maintenance,emt_maintenance_louvain_17,Cytokine & Interleukin Receptor Signalling,80
CRLF2,EMT,EMT Maintenance,emt_maintenance_louvain_17,Cytokine & Interleukin Receptor Signalling,80
CSF2,EMT,EMT Maintenance,emt_maintenance_louvain_17,Cytokine & Interleukin Receptor Signalling,80
CSF2RA,EMT,EMT Maintenance,emt_maintenance_louvain_17,Cytokine & Interleukin Receptor Signalling,80
CSF2RB,EMT,EMT Maintenance,emt_maintenance_louvain_17,Cytokine & Interleukin Receptor Signalling,80
CSF3,EMT,EMT Maintenance,emt_maintenance_louvain_17,Cytokine & Interleukin Receptor Signalling,80
CSF3R,EMT,EMT Maintenance,emt_maintenance_louvain_17,Cytokine & Interleukin Receptor Signalling,80
CSH1,EMT,EMT Maintenance,emt_maintenance_louvain_17,Cytokine & Interleukin Receptor Signalling,80
CSH2,EMT,EMT Maintenance,emt_maintenance_louvain_17,Cytokine & Interleukin Receptor Signalling,80
CSHL1,EMT,EMT Maintenance,emt_maintenance_louvain_17,Cytokine & Interleukin Receptor Signalling,80
CTF1,EMT,EMT Maintenance,emt_maintenance_louvain_17,Cytokine & Interleukin Receptor Signalling,80
CXCL1,EMT,EMT Maintenance,emt_maintenance_louvain_17,Cytokine & Interleukin Receptor Signalling,80
CXCL2,EMT,EMT Maintenance,emt_maintenance_louvain_17,Cytokine & Interleukin Receptor Signalling,80
CXCL3,EMT,EMT Maintenance,emt_maintenance_louvain_17,Cytokine & Interleukin Receptor Signalling,80
CXCL8,EMT,EMT Maintenance,emt_maintenance_louvain_17,Cytokine & Interleukin Receptor Signalling,80
EPO,EMT,EMT Maintenance,emt_maintenance_louvain_17,Cytokine & Interleukin Receptor Signalling,80
EPOR,EMT,EMT Maintenance,emt_maintenance_louvain_17,Cytokine & Interleukin Receptor Signalling,80
GH1,EMT,EMT Maintenance,emt_maintenance_louvain_17,Cytokine & Interleukin Receptor Signalling,80
GH2,EMT,EMT Maintenance,emt_maintenance_louvain_17,Cytokine & Interleukin Receptor Signalling,80
GHR,EMT,EMT Maintenance,emt_maintenance_louvain_17,Cytokine & Interleukin Receptor Signalling,80
IFNG,EMT,EMT Maintenance,emt_maintenance_louvain_17,Cytokine & Interleukin Receptor Signalling,80
IL10,EMT,EMT Maintenance,emt_maintenance_louvain_17,Cytokine & Interleukin Receptor Signalling,80
IL11,EMT,EMT Maintenance,emt_maintenance_louvain_17,Cytokine & Interleukin Receptor Signalling,80
IL11RA,EMT,EMT Maintenance,emt_maintenance_louvain_17,Cytokine & Interleukin Receptor Signalling,80
IL12A,EMT,EMT Maintenance,emt_maintenance_louvain_17,Cytokine & Interleukin Receptor Signalling,80
IL12B,EMT,EMT Maintenance,emt_maintenance_louvain_17,Cytokine & Interleukin Receptor Signalling,80
IL12RB1,EMT,EMT Maintenance,emt_maintenance_louvain_17,Cytokine & Interleukin Receptor Signalling,80
IL12RB2,EMT,EMT Maintenance,emt_maintenance_louvain_17,Cytokine & Interleukin Receptor Signalling,80
IL13,EMT,EMT Maintenance,emt_maintenance_louvain_17,Cytokine & Interleukin Receptor Signalling,80
IL13RA1,EMT,EMT Maintenance,emt_maintenance_louvain_17,Cytokine & Interleukin Receptor Signalling,80
IL13RA2,EMT,EMT Maintenance,emt_maintenance_louvain_17,Cytokine & Interleukin Receptor Signalling,80
IL15,EMT,EMT Maintenance,emt_maintenance_louvain_17,Cytokine & Interleukin Receptor Signalling,80
IL15RA,EMT,EMT Maintenance,emt_maintenance_louvain_17,Cytokine & Interleukin Receptor Signalling,80
IL1A,EMT,EMT Maintenance,emt_maintenance_louvain_17,Cytokine & Interleukin Receptor Signalling,80
IL1B,EMT,EMT Maintenance,emt_maintenance_louvain_17,Cytokine & Interleukin Receptor Signalling,80
IL1R1,EMT,EMT Maintenance,emt_maintenance_louvain_17,Cytokine & Interleukin Receptor Signalling,80
IL2,EMT,EMT Maintenance,emt_maintenance_louvain_17,Cytokine & Interleukin Receptor Signalling,80
IL21,EMT,EMT Maintenance,emt_maintenance_louvain_17,Cytokine & Interleukin Receptor Signalling,80
IL21R,EMT,EMT Maintenance,emt_maintenance_louvain_17,Cytokine & Interleukin Receptor Signalling,80
IL23A,EMT,EMT Maintenance,emt_maintenance_louvain_17,Cytokine & Interleukin Receptor Signalling,80
IL23R,EMT,EMT Maintenance,emt_maintenance_louvain_17,Cytokine & Interleukin Receptor Signalling,80
IL27,EMT,EMT Maintenance,emt_maintenance_louvain_17,Cytokine & Interleukin Receptor Signalling,80
IL27RA,EMT,EMT Maintenance,emt_maintenance_louvain_17,Cytokine & Interleukin Receptor Signalling,80
IL2RA,EMT,EMT Maintenance,emt_maintenance_louvain_17,Cytokine & Interleukin Receptor Signalling,80
IL2RB,EMT,EMT Maintenance,emt_maintenance_louvain_17,Cytokine & Interleukin Receptor Signalling,80
IL2RG,EMT,EMT Maintenance,emt_maintenance_louvain_17,Cytokine & Interleukin Receptor Signalling,80
IL3,EMT,EMT Maintenance,emt_maintenance_louvain_17,Cytokine & Interleukin Receptor Signalling,80
IL31,EMT,EMT Maintenance,emt_maintenance_louvain_17,Cytokine & Interleukin Receptor Signalling,80
IL31RA,EMT,EMT Maintenance,emt_maintenance_louvain_17,Cytokine & Interleukin Receptor Signalling,80
IL3RA,EMT,EMT Maintenance,emt_maintenance_louvain_17,Cytokine & Interleukin Receptor Signalling,80
IL4,EMT,EMT Maintenance,emt_maintenance_louvain_17,Cytokine & Interleukin Receptor Signalling,80
IL4R,EMT,EMT Maintenance,emt_maintenance_louvain_17,Cytokine & Interleukin Receptor Signalling,80
IL5,EMT,EMT Maintenance,emt_maintenance_louvain_17,Cytokine & Interleukin Receptor Signalling,80
IL5RA,EMT,EMT Maintenance,emt_maintenance_louvain_17,Cytokine & Interleukin Receptor Signalling,80
IL6,EMT,EMT Maintenance,emt_maintenance_louvain_17,Cytokine & Interleukin Receptor Signalling,80
IL6R,EMT,EMT Maintenance,emt_maintenance_louvain_17,Cytokine & Interleukin Receptor Signalling,80
IL6ST,EMT,EMT Maintenance,emt_maintenance_louvain_17,Cytokine & Interleukin Receptor Signalling,80
IL7,EMT,EMT Maintenance,emt_maintenance_louvain_17,Cytokine & Interleukin Receptor Signalling,80
IL7R,EMT,EMT Maintenance,emt_maintenance_louvain_17,Cytokine & Interleukin Receptor Signalling,80
IL9,EMT,EMT Maintenance,emt_maintenance_louvain_17,Cytokine & Interleukin Receptor Signalling,80
IL9R,EMT,EMT Maintenance,emt_maintenance_louvain_17,Cytokine & Interleukin Receptor Signalling,80
LEP,EMT,EMT Maintenance,emt_maintenance_louvain_17,Cytokine & Interleukin Receptor Signalling,80
LEPR,EMT,EMT Maintenance,emt_maintenance_louvain_17,Cytokine & Interleukin Receptor Signalling,80
LIF,EMT,EMT Maintenance,emt_maintenance_louvain_17,Cytokine & Interleukin Receptor Signalling,80
LIFR,EMT,EMT Maintenance,emt_maintenance_louvain_17,Cytokine & Interleukin Receptor Signalling,80
MPL,EMT,EMT Maintenance,emt_maintenance_louvain_17,Cytokine & Interleukin Receptor Signalling,80
OSM,EMT,EMT Maintenance,emt_maintenance_louvain_17,Cytokine & Interleukin Receptor Signalling,80
OSMR,EMT,EMT Maintenance,emt_maintenance_louvain_17,Cytokine & Interleukin Receptor Signalling,80
PRL,EMT,EMT Maintenance,emt_maintenance_louvain_17,Cytokine & Interleukin Receptor Signalling,80
PRLR,EMT,EMT Maintenance,emt_maintenance_louvain_17,Cytokine & Interleukin Receptor Signalling,80
THPO,EMT,EMT Maintenance,emt_maintenance_louvain_17,Cytokine & Interleukin Receptor Signalling,80
TSLP,EMT,EMT Maintenance,emt_maintenance_louvain_17,Cytokine & Interleukin Receptor Signalling,80
CHAD,EMT,EMT Maintenance,emt_maintenance_louvain_9,ECM Receptor Interaction,67
COL1A1,EMT,EMT Maintenance,emt_maintenance_louvain_9,ECM Receptor Interaction,67
COL1A2,EMT,EMT Maintenance,emt_maintenance_louvain_9,ECM Receptor Interaction,67
COL2A1,EMT,EMT Maintenance,emt_maintenance_louvain_9,ECM Receptor Interaction,67
COL4A1,EMT,EMT Maintenance,emt_maintenance_louvain_9,ECM Receptor Interaction,67
COL4A2,EMT,EMT Maintenance,emt_maintenance_louvain_9,ECM Receptor Interaction,67
COL4A3,EMT,EMT Maintenance,emt_maintenance_louvain_9,ECM Receptor Interaction,67
COL4A4,EMT,EMT Maintenance,emt_maintenance_louvain_9,ECM Receptor Interaction,67
COL4A5,EMT,EMT Maintenance,emt_maintenance_louvain_9,ECM Receptor Interaction,67
COL4A6,EMT,EMT Maintenance,emt_maintenance_louvain_9,ECM Receptor Interaction,67
COL6A1,EMT,EMT Maintenance,emt_maintenance_louvain_9,ECM Receptor Interaction,67
COL6A2,EMT,EMT Maintenance,emt_maintenance_louvain_9,ECM Receptor Interaction,67
COL6A3,EMT,EMT Maintenance,emt_maintenance_louvain_9,ECM Receptor Interaction,67
COL6A5,EMT,EMT Maintenance,emt_maintenance_louvain_9,ECM Receptor Interaction,67
COL6A6,EMT,EMT Maintenance,emt_maintenance_louvain_9,ECM Receptor Interaction,67
COL9A1,EMT,EMT Maintenance,emt_maintenance_louvain_9,ECM Receptor Interaction,67
COL9A2,EMT,EMT Maintenance,emt_maintenance_louvain_9,ECM Receptor Interaction,67
COL9A3,EMT,EMT Maintenance,emt_maintenance_louvain_9,ECM Receptor Interaction,67
COMP,EMT,EMT Maintenance,emt_maintenance_louvain_9,ECM Receptor Interaction,67
DMP1,EMT,EMT Maintenance,emt_maintenance_louvain_9,ECM Receptor Interaction,67
DSPP,EMT,EMT Maintenance,emt_maintenance_louvain_9,ECM Receptor Interaction,67
FBN1,EMT,EMT Maintenance,emt_maintenance_louvain_9,ECM Receptor Interaction,67
FRAS1,EMT,EMT Maintenance,emt_maintenance_louvain_9,ECM Receptor Interaction,67
FREM1,EMT,EMT Maintenance,emt_maintenance_louvain_9,ECM Receptor Interaction,67
FREM2,EMT,EMT Maintenance,emt_maintenance_louvain_9,ECM Receptor Interaction,67
IBSP,EMT,EMT Maintenance,emt_maintenance_louvain_9,ECM Receptor Interaction,67
ITGA1,EMT,EMT Maintenance,emt_maintenance_louvain_9,ECM Receptor Interaction,67
ITGA10,EMT,EMT Maintenance,emt_maintenance_louvain_9,ECM Receptor Interaction,67
ITGA11,EMT,EMT Maintenance,emt_maintenance_louvain_9,ECM Receptor Interaction,67
ITGA2,EMT,EMT Maintenance,emt_maintenance_louvain_9,ECM Receptor Interaction,67
ITGA3,EMT,EMT Maintenance,emt_maintenance_louvain_9,ECM Receptor Interaction,67
ITGA5,EMT,EMT Maintenance,emt_maintenance_louvain_9,ECM Receptor Interaction,67
ITGA6,EMT,EMT Maintenance,emt_maintenance_louvain_9,ECM Receptor Interaction,67
ITGA7,EMT,EMT Maintenance,emt_maintenance_louvain_9,ECM Receptor Interaction,67
ITGA8,EMT,EMT Maintenance,emt_maintenance_louvain_9,ECM Receptor Interaction,67
ITGA9,EMT,EMT Maintenance,emt_maintenance_louvain_9,ECM Receptor Interaction,67
ITGAV,EMT,EMT Maintenance,emt_maintenance_louvain_9,ECM Receptor Interaction,67
ITGB1,EMT,EMT Maintenance,emt_maintenance_louvain_9,ECM Receptor Interaction,67
ITGB4,EMT,EMT Maintenance,emt_maintenance_louvain_9,ECM Receptor Interaction,67
ITGB6,EMT,EMT Maintenance,emt_maintenance_louvain_9,ECM Receptor Interaction,67
ITGB7,EMT,EMT Maintenance,emt_maintenance_louvain_9,ECM Receptor Interaction,67
ITGB8,EMT,EMT Maintenance,emt_maintenance_louvain_9,ECM Receptor Interaction,67
LAMA1,EMT,EMT Maintenance,emt_maintenance_louvain_9,ECM Receptor Interaction,67
LAMA2,EMT,EMT Maintenance,emt_maintenance_louvain_9,ECM Receptor Interaction,67
LAMA3,EMT,EMT Maintenance,emt_maintenance_louvain_9,ECM Receptor Interaction,67
LAMA4,EMT,EMT Maintenance,emt_maintenance_louvain_9,ECM Receptor Interaction,67
LAMA5,EMT,EMT Maintenance,emt_maintenance_louvain_9,ECM Receptor Interaction,67
LAMB1,EMT,EMT Maintenance,emt_maintenance_louvain_9,ECM Receptor Interaction,67
LAMB2,EMT,EMT Maintenance,emt_maintenance_louvain_9,ECM Receptor Interaction,67
LAMB3,EMT,EMT Maintenance,emt_maintenance_louvain_9,ECM Receptor Interaction,67
LAMB4,EMT,EMT Maintenance,emt_maintenance_louvain_9,ECM Receptor Interaction,67
LAMC1,EMT,EMT Maintenance,emt_maintenance_louvain_9,ECM Receptor Interaction,67
LAMC2,EMT,EMT Maintenance,emt_maintenance_louvain_9,ECM Receptor Interaction,67
LAMC3,EMT,EMT Maintenance,emt_maintenance_louvain_9,ECM Receptor Interaction,67
NPNT,EMT,EMT Maintenance,emt_maintenance_louvain_9,ECM Receptor Interaction,67
PLAU,EMT,EMT Maintenance,emt_maintenance_louvain_9,ECM Receptor Interaction,67
PTK2,EMT,EMT Maintenance,emt_maintenance_louvain_9,ECM Receptor Interaction,67
RELN,EMT,EMT Maintenance,emt_maintenance_louvain_9,ECM Receptor Interaction,67
SPP1,EMT,EMT Maintenance,emt_maintenance_louvain_9,ECM Receptor Interaction,67
THBS1,EMT,EMT Maintenance,emt_maintenance_louvain_9,ECM Receptor Interaction,67
THBS2,EMT,EMT Maintenance,emt_maintenance_louvain_9,ECM Receptor Interaction,67
THBS3,EMT,EMT Maintenance,emt_maintenance_louvain_9,ECM Receptor Interaction,67
THBS4,EMT,EMT Maintenance,emt_maintenance_louvain_9,ECM Receptor Interaction,67
TNC,EMT,EMT Maintenance,emt_maintenance_louvain_9,ECM Receptor Interaction,67
TNN,EMT,EMT Maintenance,emt_maintenance_louvain_9,ECM Receptor Interaction,67
TNR,EMT,EMT Maintenance,emt_maintenance_louvain_9,ECM Receptor Interaction,67
TNXB,EMT,EMT Maintenance,emt_maintenance_louvain_9,ECM Receptor Interaction,67
AOX1,EMT,EMT Maintenance,emt_maintenance_louvain_13,Epithelial-Stromal RTK Signalling,70
AREG,EMT,EMT Maintenance,emt_maintenance_louvain_13,Epithelial-Stromal RTK Signalling,70
CDH1,EMT,EMT Maintenance,emt_maintenance_louvain_13,Epithelial-Stromal RTK Signalling,70
CSF1,EMT,EMT Maintenance,emt_maintenance_louvain_13,Epithelial-Stromal RTK Signalling,70
CSF1R,EMT,EMT Maintenance,emt_maintenance_louvain_13,Epithelial-Stromal RTK Signalling,70
CXCL12,EMT,EMT Maintenance,emt_maintenance_louvain_13,Epithelial-Stromal RTK Signalling,70
EFNA1,EMT,EMT Maintenance,emt_maintenance_louvain_13,Epithelial-Stromal RTK Signalling,70
EFNA2,EMT,EMT Maintenance,emt_maintenance_louvain_13,Epithelial-Stromal RTK Signalling,70
EFNA3,EMT,EMT Maintenance,emt_maintenance_louvain_13,Epithelial-Stromal RTK Signalling,70
EFNA4,EMT,EMT Maintenance,emt_maintenance_louvain_13,Epithelial-Stromal RTK Signalling,70
EFNA4-EFNA3,EMT,EMT Maintenance,emt_maintenance_louvain_13,Epithelial-Stromal RTK Signalling,70
EFNA5,EMT,EMT Maintenance,emt_maintenance_louvain_13,Epithelial-Stromal RTK Signalling,70
EGF,EMT,EMT Maintenance,emt_maintenance_louvain_13,Epithelial-Stromal RTK Signalling,70
EGFR,EMT,EMT Maintenance,emt_maintenance_louvain_13,Epithelial-Stromal RTK Signalling,70
EPHA2,EMT,EMT Maintenance,emt_maintenance_louvain_13,Epithelial-Stromal RTK Signalling,70
ERBB2,EMT,EMT Maintenance,emt_maintenance_louvain_13,Epithelial-Stromal RTK Signalling,70
ERBB3,EMT,EMT Maintenance,emt_maintenance_louvain_13,Epithelial-Stromal RTK Signalling,70
ERBB4,EMT,EMT Maintenance,emt_maintenance_louvain_13,Epithelial-Stromal RTK Signalling,70
EREG,EMT,EMT Maintenance,emt_maintenance_louvain_13,Epithelial-Stromal RTK Signalling,70
FGF1,EMT,EMT Maintenance,emt_maintenance_louvain_13,Epithelial-Stromal RTK Signalling,70
FGF10,EMT,EMT Maintenance,emt_maintenance_louvain_13,Epithelial-Stromal RTK Signalling,70
FGF16,EMT,EMT Maintenance,emt_maintenance_louvain_13,Epithelial-Stromal RTK Signalling,70
FGF17,EMT,EMT Maintenance,emt_maintenance_louvain_13,Epithelial-Stromal RTK Signalling,70
FGF18,EMT,EMT Maintenance,emt_maintenance_louvain_13,Epithelial-Stromal RTK Signalling,70
FGF19,EMT,EMT Maintenance,emt_maintenance_louvain_13,Epithelial-Stromal RTK Signalling,70
FGF2,EMT,EMT Maintenance,emt_maintenance_louvain_13,Epithelial-Stromal RTK Signalling,70
FGF20,EMT,EMT Maintenance,emt_maintenance_louvain_13,Epithelial-Stromal RTK Signalling,70
FGF21,EMT,EMT Maintenance,emt_maintenance_louvain_13,Epithelial-Stromal RTK Signalling,70
FGF22,EMT,EMT Maintenance,emt_maintenance_louvain_13,Epithelial-Stromal RTK Signalling,70
FGF23,EMT,EMT Maintenance,emt_maintenance_louvain_13,Epithelial-Stromal RTK Signalling,70
FGF3,EMT,EMT Maintenance,emt_maintenance_louvain_13,Epithelial-Stromal RTK Signalling,70
FGF4,EMT,EMT Maintenance,emt_maintenance_louvain_13,Epithelial-Stromal RTK Signalling,70
FGF5,EMT,EMT Maintenance,emt_maintenance_louvain_13,Epithelial-Stromal RTK Signalling,70
FGF6,EMT,EMT Maintenance,emt_maintenance_louvain_13,Epithelial-Stromal RTK Signalling,70
FGF7,EMT,EMT Maintenance,emt_maintenance_louvain_13,Epithelial-Stromal RTK Signalling,70
FGF8,EMT,EMT Maintenance,emt_maintenance_louvain_13,Epithelial-Stromal RTK Signalling,70
FGFR1,EMT,EMT Maintenance,emt_maintenance_louvain_13,Epithelial-Stromal RTK Signalling,70
FGFR2,EMT,EMT Maintenance,emt_maintenance_louvain_13,Epithelial-Stromal RTK Signalling,70
FGFR3,EMT,EMT Maintenance,emt_maintenance_louvain_13,Epithelial-Stromal RTK Signalling,70
FGFR4,EMT,EMT Maintenance,emt_maintenance_louvain_13,Epithelial-Stromal RTK Signalling,70
FLT3,EMT,EMT Maintenance,emt_maintenance_louvain_13,Epithelial-Stromal RTK Signalling,70
FLT3LG,EMT,EMT Maintenance,emt_maintenance_louvain_13,Epithelial-Stromal RTK Signalling,70
GFAP,EMT,EMT Maintenance,emt_maintenance_louvain_13,Epithelial-Stromal RTK Signalling,70
HGF,EMT,EMT Maintenance,emt_maintenance_louvain_13,Epithelial-Stromal RTK Signalling,70
IGF1,EMT,EMT Maintenance,emt_maintenance_louvain_13,Epithelial-Stromal RTK Signalling,70
IGF1R,EMT,EMT Maintenance,emt_maintenance_louvain_13,Epithelial-Stromal RTK Signalling,70
IGF2,EMT,EMT Maintenance,emt_maintenance_louvain_13,Epithelial-Stromal RTK Signalling,70
INS,EMT,EMT Maintenance,emt_maintenance_louvain_13,Epithelial-Stromal RTK Signalling,70
INSR,EMT,EMT Maintenance,emt_maintenance_louvain_13,Epithelial-Stromal RTK Signalling,70
KIT,EMT,EMT Maintenance,emt_maintenance_louvain_13,Epithelial-Stromal RTK Signalling,70
KITLG,EMT,EMT Maintenance,emt_maintenance_louvain_13,Epithelial-Stromal RTK Signalling,70
MET,EMT,EMT Maintenance,emt_maintenance_louvain_13,Epithelial-Stromal RTK Signalling,70
NGFR,EMT,EMT Maintenance,emt_maintenance_louvain_13,Epithelial-Stromal RTK Signalling,70
NNMT,EMT,EMT Maintenance,emt_maintenance_louvain_13,Epithelial-Stromal RTK Signalling,70
PDGFA,EMT,EMT Maintenance,emt_maintenance_louvain_13,Epithelial-Stromal RTK Signalling,70
PDGFB,EMT,EMT Maintenance,emt_maintenance_louvain_13,Epithelial-Stromal RTK Signalling,70
PDGFC,EMT,EMT Maintenance,emt_maintenance_louvain_13,Epithelial-Stromal RTK Signalling,70
PDGFD,EMT,EMT Maintenance,emt_maintenance_louvain_13,Epithelial-Stromal RTK Signalling,70
PDGFRA,EMT,EMT Maintenance,emt_maintenance_louvain_13,Epithelial-Stromal RTK Signalling,70
PDGFRB,EMT,EMT Maintenance,emt_maintenance_louvain_13,Epithelial-Stromal RTK Signalling,70
PTGS2,EMT,EMT Maintenance,emt_maintenance_louvain_13,Epithelial-Stromal RTK Signalling,70
STAM,EMT,EMT Maintenance,emt_maintenance_louvain_13,Epithelial-Stromal RTK Signalling,70
STAM2,EMT,EMT Maintenance,emt_maintenance_louvain_13,Epithelial-Stromal RTK Signalling,70
TGFA,EMT,EMT Maintenance,emt_maintenance_louvain_13,Epithelial-Stromal RTK Signalling,70
TGFB1,EMT,EMT Maintenance,emt_maintenance_louvain_13,Epithelial-Stromal RTK Signalling,70
TGFB2,EMT,EMT Maintenance,emt_maintenance_louvain_13,Epithelial-Stromal RTK Signalling,70
TGFB3,EMT,EMT Maintenance,emt_maintenance_louvain_13,Epithelial-Stromal RTK Signalling,70
TGFBR1,EMT,EMT Maintenance,emt_maintenance_louvain_13,Epithelial-Stromal RTK Signalling,70
TGFBR2,EMT,EMT Maintenance,emt_maintenance_louvain_13,Epithelial-Stromal RTK Signalling,70
VEGFA,EMT,EMT Maintenance,emt_maintenance_louvain_13,Epithelial-Stromal RTK Signalling,70
ACTG1,EMT,EMT Maintenance,emt_maintenance_louvain_10,Focal Adhesion Complex,20
ACTN1,EMT,EMT Maintenance,emt_maintenance_louvain_10,Focal Adhesion Complex,20
ACTN4,EMT,EMT Maintenance,emt_maintenance_louvain_10,Focal Adhesion Complex,20
FERMT1,EMT,EMT Maintenance,emt_maintenance_louvain_10,Focal Adhesion Complex,20
FERMT2,EMT,EMT Maintenance,emt_maintenance_louvain_10,Focal Adhesion Complex,20
FERMT3,EMT,EMT Maintenance,emt_maintenance_louvain_10,Focal Adhesion Complex,20
FLNA,EMT,EMT Maintenance,emt_maintenance_louvain_10,Focal Adhesion Complex,20
FLNB,EMT,EMT Maintenance,emt_maintenance_louvain_10,Focal Adhesion Complex,20
ILK,EMT,EMT Maintenance,emt_maintenance_louvain_10,Focal Adhesion Complex,20
ITGB3,EMT,EMT Maintenance,emt_maintenance_louvain_10,Focal Adhesion Complex,20
ITGB5,EMT,EMT Maintenance,emt_maintenance_louvain_10,Focal Adhesion Complex,20
LIMS1,EMT,EMT Maintenance,emt_maintenance_louvain_10,Focal Adhesion Complex,20
LIMS2,EMT,EMT Maintenance,emt_maintenance_louvain_10,Focal Adhesion Complex,20
PARVA,EMT,EMT Maintenance,emt_maintenance_louvain_10,Focal Adhesion Complex,20
PARVB,EMT,EMT Maintenance,emt_maintenance_louvain_10,Focal Adhesion Complex,20
PARVG,EMT,EMT Maintenance,emt_maintenance_louvain_10,Focal Adhesion Complex,20
PXN,EMT,EMT Maintenance,emt_maintenance_louvain_10,Focal Adhesion Complex,20
TLN1,EMT,EMT Maintenance,emt_maintenance_louvain_10,Focal Adhesion Complex,20
TLN2,EMT,EMT Maintenance,emt_maintenance_louvain_10,Focal Adhesion Complex,20
VCL,EMT,EMT Maintenance,emt_maintenance_louvain_10,Focal Adhesion Complex,20
ABI3,EMT,EMT Maintenance,emt_maintenance_louvain_2,GPCR Signalling,48
ARHGEF6,EMT,EMT Maintenance,emt_maintenance_louvain_2,GPCR Signalling,48
CHRM1,EMT,EMT Maintenance,emt_maintenance_louvain_2,GPCR Signalling,48
CHRM2,EMT,EMT Maintenance,emt_maintenance_louvain_2,GPCR Signalling,48
F2R,EMT,EMT Maintenance,emt_maintenance_louvain_2,GPCR Signalling,48
GNA12,EMT,EMT Maintenance,emt_maintenance_louvain_2,GPCR Signalling,48
GNB1,EMT,EMT Maintenance,emt_maintenance_louvain_2,GPCR Signalling,48
GNB2,EMT,EMT Maintenance,emt_maintenance_louvain_2,GPCR Signalling,48
GNB3,EMT,EMT Maintenance,emt_maintenance_louvain_2,GPCR Signalling,48
GNB4,EMT,EMT Maintenance,emt_maintenance_louvain_2,GPCR Signalling,48
GNB5,EMT,EMT Maintenance,emt_maintenance_louvain_2,GPCR Signalling,48
GNG10,EMT,EMT Maintenance,emt_maintenance_louvain_2,GPCR Signalling,48
GNG11,EMT,EMT Maintenance,emt_maintenance_louvain_2,GPCR Signalling,48
GNG12,EMT,EMT Maintenance,emt_maintenance_louvain_2,GPCR Signalling,48
GNG13,EMT,EMT Maintenance,emt_maintenance_louvain_2,GPCR Signalling,48
GNG2,EMT,EMT Maintenance,emt_maintenance_louvain_2,GPCR Signalling,48
GNG3,EMT,EMT Maintenance,emt_maintenance_louvain_2,GPCR Signalling,48
GNG4,EMT,EMT Maintenance,emt_maintenance_louvain_2,GPCR Signalling,48
GNG5,EMT,EMT Maintenance,emt_maintenance_louvain_2,GPCR Signalling,48
GNG7,EMT,EMT Maintenance,emt_maintenance_louvain_2,GPCR Signalling,48
GNG8,EMT,EMT Maintenance,emt_maintenance_louvain_2,GPCR Signalling,48
GNGT1,EMT,EMT Maintenance,emt_maintenance_louvain_2,GPCR Signalling,48
GNGT2,EMT,EMT Maintenance,emt_maintenance_louvain_2,GPCR Signalling,48
GRM2,EMT,EMT Maintenance,emt_maintenance_louvain_2,GPCR Signalling,48
JMJD7-PLA2G4B,EMT,EMT Maintenance,emt_maintenance_louvain_2,GPCR Signalling,48
LPAR1,EMT,EMT Maintenance,emt_maintenance_louvain_2,GPCR Signalling,48
LPAR2,EMT,EMT Maintenance,emt_maintenance_louvain_2,GPCR Signalling,48
LPAR3,EMT,EMT Maintenance,emt_maintenance_louvain_2,GPCR Signalling,48
LPAR4,EMT,EMT Maintenance,emt_maintenance_louvain_2,GPCR Signalling,48
LPAR5,EMT,EMT Maintenance,emt_maintenance_louvain_2,GPCR Signalling,48
LPAR6,EMT,EMT Maintenance,emt_maintenance_louvain_2,GPCR Signalling,48
MRAS,EMT,EMT Maintenance,emt_maintenance_louvain_2,GPCR Signalling,48
PIK3CG,EMT,EMT Maintenance,emt_maintenance_louvain_2,GPCR Signalling,48
PIK3R5,EMT,EMT Maintenance,emt_maintenance_louvain_2,GPCR Signalling,48
PIK3R6,EMT,EMT Maintenance,emt_maintenance_louvain_2,GPCR Signalling,48
PLA2G4A,EMT,EMT Maintenance,emt_maintenance_louvain_2,GPCR Signalling,48
PLA2G4B,EMT,EMT Maintenance,emt_maintenance_louvain_2,GPCR Signalling,48
PLA2G4C,EMT,EMT Maintenance,emt_maintenance_louvain_2,GPCR Signalling,48
PLA2G4D,EMT,EMT Maintenance,emt_maintenance_louvain_2,GPCR Signalling,48
PLA2G4E,EMT,EMT Maintenance,emt_maintenance_louvain_2,GPCR Signalling,48
PLA2G4F,EMT,EMT Maintenance,emt_maintenance_louvain_2,GPCR Signalling,48
PLCG1,EMT,EMT Maintenance,emt_maintenance_louvain_2,GPCR Signalling,48
PLCG2,EMT,EMT Maintenance,emt_maintenance_louvain_2,GPCR Signalling,48
PRKCA,EMT,EMT Maintenance,emt_maintenance_louvain_2,GPCR Signalling,48
PRKCB,EMT,EMT Maintenance,emt_maintenance_louvain_2,GPCR Signalling,48
PRKCG,EMT,EMT Maintenance,emt_maintenance_louvain_2,GPCR Signalling,48
RRAS,EMT,EMT Maintenance,emt_maintenance_louvain_2,GPCR Signalling,48
RRAS2,EMT,EMT Maintenance,emt_maintenance_louvain_2,GPCR Signalling,48
C3,EMT,EMT Maintenance,emt_maintenance_louvain_11,Inflammatory Cell Adhesion Molecules,23
CRK,EMT,EMT Maintenance,emt_maintenance_louvain_11,Inflammatory Cell Adhesion Molecules,23
CRKL,EMT,EMT Maintenance,emt_maintenance_louvain_11,Inflammatory Cell Adhesion Molecules,23
FGA,EMT,EMT Maintenance,emt_maintenance_louvain_11,Inflammatory Cell Adhesion Molecules,23
FGB,EMT,EMT Maintenance,emt_maintenance_louvain_11,Inflammatory Cell Adhesion Molecules,23
FGG,EMT,EMT Maintenance,emt_maintenance_louvain_11,Inflammatory Cell Adhesion Molecules,23
FN1,EMT,EMT Maintenance,emt_maintenance_louvain_11,Inflammatory Cell Adhesion Molecules,23
ICAM1,EMT,EMT Maintenance,emt_maintenance_louvain_11,Inflammatory Cell Adhesion Molecules,23
ICAM2,EMT,EMT Maintenance,emt_maintenance_louvain_11,Inflammatory Cell Adhesion Molecules,23
ICAM3,EMT,EMT Maintenance,emt_maintenance_louvain_11,Inflammatory Cell Adhesion Molecules,23
ICAM4,EMT,EMT Maintenance,emt_maintenance_louvain_11,Inflammatory Cell Adhesion Molecules,23
ITGA2B,EMT,EMT Maintenance,emt_maintenance_louvain_11,Inflammatory Cell Adhesion Molecules,23
ITGA4,EMT,EMT Maintenance,emt_maintenance_louvain_11,Inflammatory Cell Adhesion Molecules,23
ITGAD,EMT,EMT Maintenance,emt_maintenance_louvain_11,Inflammatory Cell Adhesion Molecules,23
ITGAE,EMT,EMT Maintenance,emt_maintenance_louvain_11,Inflammatory Cell Adhesion Molecules,23
ITGAL,EMT,EMT Maintenance,emt_maintenance_louvain_11,Inflammatory Cell Adhesion Molecules,23
ITGAM,EMT,EMT Maintenance,emt_maintenance_louvain_11,Inflammatory Cell Adhesion Molecules,23
ITGAX,EMT,EMT Maintenance,emt_maintenance_louvain_11,Inflammatory Cell Adhesion Molecules,23
ITGB2,EMT,EMT Maintenance,emt_maintenance_louvain_11,Inflammatory Cell Adhesion Molecules,23
MADCAM1,EMT,EMT Maintenance,emt_maintenance_louvain_11,Inflammatory Cell Adhesion Molecules,23
VCAM1,EMT,EMT Maintenance,emt_maintenance_louvain_11,Inflammatory Cell Adhesion Molecules,23
VTN,EMT,EMT Maintenance,emt_maintenance_louvain_11,Inflammatory Cell Adhesion Molecules,23
VWF,EMT,EMT Maintenance,emt_maintenance_louvain_11,Inflammatory Cell Adhesion Molecules,23
IFNA1,EMT,EMT Maintenance,emt_maintenance_louvain_16,Interferon/IL-10 Cytokine Signalling,37
IFNA10,EMT,EMT Maintenance,emt_maintenance_louvain_16,Interferon/IL-10 Cytokine Signalling,37
IFNA13,EMT,EMT Maintenance,emt_maintenance_louvain_16,Interferon/IL-10 Cytokine Signalling,37
IFNA14,EMT,EMT Maintenance,emt_maintenance_louvain_16,Interferon/IL-10 Cytokine Signalling,37
IFNA16,EMT,EMT Maintenance,emt_maintenance_louvain_16,Interferon/IL-10 Cytokine Signalling,37
IFNA17,EMT,EMT Maintenance,emt_maintenance_louvain_16,Interferon/IL-10 Cytokine Signalling,37
IFNA2,EMT,EMT Maintenance,emt_maintenance_louvain_16,Interferon/IL-10 Cytokine Signalling,37
IFNA21,EMT,EMT Maintenance,emt_maintenance_louvain_16,Interferon/IL-10 Cytokine Signalling,37
IFNA4,EMT,EMT Maintenance,emt_maintenance_louvain_16,Interferon/IL-10 Cytokine Signalling,37
IFNA5,EMT,EMT Maintenance,emt_maintenance_louvain_16,Interferon/IL-10 Cytokine Signalling,37
IFNA6,EMT,EMT Maintenance,emt_maintenance_louvain_16,Interferon/IL-10 Cytokine Signalling,37
IFNA7,EMT,EMT Maintenance,emt_maintenance_louvain_16,Interferon/IL-10 Cytokine Signalling,37
IFNA8,EMT,EMT Maintenance,emt_maintenance_louvain_16,Interferon/IL-10 Cytokine Signalling,37
IFNAR1,EMT,EMT Maintenance,emt_maintenance_louvain_16,Interferon/IL-10 Cytokine Signalling,37
IFNAR2,EMT,EMT Maintenance,emt_maintenance_louvain_16,Interferon/IL-10 Cytokine Signalling,37
IFNB1,EMT,EMT Maintenance,emt_maintenance_louvain_16,Interferon/IL-10 Cytokine Signalling,37
IFNE,EMT,EMT Maintenance,emt_maintenance_louvain_16,Interferon/IL-10 Cytokine Signalling,37
IFNGR1,EMT,EMT Maintenance,emt_maintenance_louvain_16,Interferon/IL-10 Cytokine Signalling,37
IFNGR2,EMT,EMT Maintenance,emt_maintenance_louvain_16,Interferon/IL-10 Cytokine Signalling,37
IFNK,EMT,EMT Maintenance,emt_maintenance_louvain_16,Interferon/IL-10 Cytokine Signalling,37
IFNL1,EMT,EMT Maintenance,emt_maintenance_louvain_16,Interferon/IL-10 Cytokine Signalling,37
IFNL2,EMT,EMT Maintenance,emt_maintenance_louvain_16,Interferon/IL-10 Cytokine Signalling,37
IFNL3,EMT,EMT Maintenance,emt_maintenance_louvain_16,Interferon/IL-10 Cytokine Signalling,37
IFNLR1,EMT,EMT Maintenance,emt_maintenance_louvain_16,Interferon/IL-10 Cytokine Signalling,37
IFNW1,EMT,EMT Maintenance,emt_maintenance_louvain_16,Interferon/IL-10 Cytokine Signalling,37
IL10RA,EMT,EMT Maintenance,emt_maintenance_louvain_16,Interferon/IL-10 Cytokine Signalling,37
IL10RB,EMT,EMT Maintenance,emt_maintenance_louvain_16,Interferon/IL-10 Cytokine Signalling,37
IL19,EMT,EMT Maintenance,emt_maintenance_louvain_16,Interferon/IL-10 Cytokine Signalling,37
IL20,EMT,EMT Maintenance,emt_maintenance_louvain_16,Interferon/IL-10 Cytokine Signalling,37
IL20RA,EMT,EMT Maintenance,emt_maintenance_louvain_16,Interferon/IL-10 Cytokine Signalling,37
IL20RB,EMT,EMT Maintenance,emt_maintenance_louvain_16,Interferon/IL-10 Cytokine Signalling,37
IL22,EMT,EMT Maintenance,emt_maintenance_louvain_16,Interferon/IL-10 Cytokine Signalling,37
IL22RA1,EMT,EMT Maintenance,emt_maintenance_louvain_16,Interferon/IL-10 Cytokine Signalling,37
IL22RA2,EMT,EMT Maintenance,emt_maintenance_louvain_16,Interferon/IL-10 Cytokine Signalling,37
IL24,EMT,EMT Maintenance,emt_maintenance_louvain_16,Interferon/IL-10 Cytokine Signalling,37
IL26,EMT,EMT Maintenance,emt_maintenance_louvain_16,Interferon/IL-10 Cytokine Signalling,37
IRF9,EMT,EMT Maintenance,emt_maintenance_louvain_16,Interferon/IL-10 Cytokine Signalling,37
BLNK,EMT,EMT Maintenance,emt_maintenance_louvain_1,Intracellular Signalling Cascades,39
BTK,EMT,EMT Maintenance,emt_maintenance_louvain_1,Intracellular Signalling Cascades,39
CDC42,EMT,EMT Maintenance,emt_maintenance_louvain_1,Intracellular Signalling Cascades,39
HRAS,EMT,EMT Maintenance,emt_maintenance_louvain_1,Intracellular Signalling Cascades,39
KRAS,EMT,EMT Maintenance,emt_maintenance_louvain_1,Intracellular Signalling Cascades,39
LAT,EMT,EMT Maintenance,emt_maintenance_louvain_1,Intracellular Signalling Cascades,39
LCK,EMT,EMT Maintenance,emt_maintenance_louvain_1,Intracellular Signalling Cascades,39
LYN,EMT,EMT Maintenance,emt_maintenance_louvain_1,Intracellular Signalling Cascades,39
MAGI1,EMT,EMT Maintenance,emt_maintenance_louvain_1,Intracellular Signalling Cascades,39
MAGI2,EMT,EMT Maintenance,emt_maintenance_louvain_1,Intracellular Signalling Cascades,39
MAP4K1,EMT,EMT Maintenance,emt_maintenance_louvain_1,Intracellular Signalling Cascades,39
MAP4K4,EMT,EMT Maintenance,emt_maintenance_louvain_1,Intracellular Signalling Cascades,39
NCK2,EMT,EMT Maintenance,emt_maintenance_louvain_1,Intracellular Signalling Cascades,39
NRAS,EMT,EMT Maintenance,emt_maintenance_louvain_1,Intracellular Signalling Cascades,39
P3R3URF-PIK3R3,EMT,EMT Maintenance,emt_maintenance_louvain_1,Intracellular Signalling Cascades,39
PAK1,EMT,EMT Maintenance,emt_maintenance_louvain_1,Intracellular Signalling Cascades,39
PAK2,EMT,EMT Maintenance,emt_maintenance_louvain_1,Intracellular Signalling Cascades,39
PDPK1,EMT,EMT Maintenance,emt_maintenance_louvain_1,Intracellular Signalling Cascades,39
PIK3AP1,EMT,EMT Maintenance,emt_maintenance_louvain_1,Intracellular Signalling Cascades,39
PIK3CA,EMT,EMT Maintenance,emt_maintenance_louvain_1,Intracellular Signalling Cascades,39
PIK3CB,EMT,EMT Maintenance,emt_maintenance_louvain_1,Intracellular Signalling Cascades,39
PIK3CD,EMT,EMT Maintenance,emt_maintenance_louvain_1,Intracellular Signalling Cascades,39
PIK3R2,EMT,EMT Maintenance,emt_maintenance_louvain_1,Intracellular Signalling Cascades,39
PIK3R3,EMT,EMT Maintenance,emt_maintenance_louvain_1,Intracellular Signalling Cascades,39
PKN2,EMT,EMT Maintenance,emt_maintenance_louvain_1,Intracellular Signalling Cascades,39
PKN3,EMT,EMT Maintenance,emt_maintenance_louvain_1,Intracellular Signalling Cascades,39
RAC1,EMT,EMT Maintenance,emt_maintenance_louvain_1,Intracellular Signalling Cascades,39
RAC2,EMT,EMT Maintenance,emt_maintenance_louvain_1,Intracellular Signalling Cascades,39
RAC3,EMT,EMT Maintenance,emt_maintenance_louvain_1,Intracellular Signalling Cascades,39
RAP1A,EMT,EMT Maintenance,emt_maintenance_louvain_1,Intracellular Signalling Cascades,39
RAP1B,EMT,EMT Maintenance,emt_maintenance_louvain_1,Intracellular Signalling Cascades,39
RAPGEF2,EMT,EMT Maintenance,emt_maintenance_louvain_1,Intracellular Signalling Cascades,39
RASA1,EMT,EMT Maintenance,emt_maintenance_louvain_1,Intracellular Signalling Cascades,39
RASA2,EMT,EMT Maintenance,emt_maintenance_louvain_1,Intracellular Signalling Cascades,39
SOS2,EMT,EMT Maintenance,emt_maintenance_louvain_1,Intracellular Signalling Cascades,39
SRC,EMT,EMT Maintenance,emt_maintenance_louvain_1,Intracellular Signalling Cascades,39
SYK,EMT,EMT Maintenance,emt_maintenance_louvain_1,Intracellular Signalling Cascades,39
TAOK3,EMT,EMT Maintenance,emt_maintenance_louvain_1,Intracellular Signalling Cascades,39
ZAP70,EMT,EMT Maintenance,emt_maintenance_louvain_1,Intracellular Signalling Cascades,39
CISH,EMT,EMT Maintenance,emt_maintenance_louvain_15,JAK-STAT Signalling,24
FHL1,EMT,EMT Maintenance,emt_maintenance_louvain_15,JAK-STAT Signalling,24
JAK1,EMT,EMT Maintenance,emt_maintenance_louvain_15,JAK-STAT Signalling,24
JAK2,EMT,EMT Maintenance,emt_maintenance_louvain_15,JAK-STAT Signalling,24
JAK3,EMT,EMT Maintenance,emt_maintenance_louvain_15,JAK-STAT Signalling,24
PIAS2,EMT,EMT Maintenance,emt_maintenance_louvain_15,JAK-STAT Signalling,24
PIAS3,EMT,EMT Maintenance,emt_maintenance_louvain_15,JAK-STAT Signalling,24
PTPN2,EMT,EMT Maintenance,emt_maintenance_louvain_15,JAK-STAT Signalling,24
PTPN6,EMT,EMT Maintenance,emt_maintenance_louvain_15,JAK-STAT Signalling,24
SOCS1,EMT,EMT Maintenance,emt_maintenance_louvain_15,JAK-STAT Signalling,24
SOCS2,EMT,EMT Maintenance,emt_maintenance_louvain_15,JAK-STAT Signalling,24
SOCS3,EMT,EMT Maintenance,emt_maintenance_louvain_15,JAK-STAT Signalling,24
SOCS4,EMT,EMT Maintenance,emt_maintenance_louvain_15,JAK-STAT Signalling,24
SOCS5,EMT,EMT Maintenance,emt_maintenance_louvain_15,JAK-STAT Signalling,24
SOCS6,EMT,EMT Maintenance,emt_maintenance_louvain_15,JAK-STAT Signalling,24
SOCS7,EMT,EMT Maintenance,emt_maintenance_louvain_15,JAK-STAT Signalling,24
STAT1,EMT,EMT Maintenance,emt_maintenance_louvain_15,JAK-STAT Signalling,24
STAT2,EMT,EMT Maintenance,emt_maintenance_louvain_15,JAK-STAT Signalling,24
STAT3,EMT,EMT Maintenance,emt_maintenance_louvain_15,JAK-STAT Signalling,24
STAT4,EMT,EMT Maintenance,emt_maintenance_louvain_15,JAK-STAT Signalling,24
STAT5A,EMT,EMT Maintenance,emt_maintenance_louvain_15,JAK-STAT Signalling,24
STAT5B,EMT,EMT Maintenance,emt_maintenance_louvain_15,JAK-STAT Signalling,24
STAT6,EMT,EMT Maintenance,emt_maintenance_louvain_15,JAK-STAT Signalling,24
TYK2,EMT,EMT Maintenance,emt_maintenance_louvain_15,JAK-STAT Signalling,24
ARAF,EMT,EMT Maintenance,emt_maintenance_louvain_4,MAPK Signalling,63
ATP1A2,EMT,EMT Maintenance,emt_maintenance_louvain_4,MAPK Signalling,63
ATP1A3,EMT,EMT Maintenance,emt_maintenance_louvain_4,MAPK Signalling,63
ATP1B1,EMT,EMT Maintenance,emt_maintenance_louvain_4,MAPK Signalling,63
BAD,EMT,EMT Maintenance,emt_maintenance_louvain_4,MAPK Signalling,63
BRAF,EMT,EMT Maintenance,emt_maintenance_louvain_4,MAPK Signalling,63
CDC25B,EMT,EMT Maintenance,emt_maintenance_louvain_4,MAPK Signalling,63
DUSP1,EMT,EMT Maintenance,emt_maintenance_louvain_4,MAPK Signalling,63
DUSP10,EMT,EMT Maintenance,emt_maintenance_louvain_4,MAPK Signalling,63
DUSP16,EMT,EMT Maintenance,emt_maintenance_louvain_4,MAPK Signalling,63
DUSP2,EMT,EMT Maintenance,emt_maintenance_louvain_4,MAPK Signalling,63
DUSP3,EMT,EMT Maintenance,emt_maintenance_louvain_4,MAPK Signalling,63
DUSP4,EMT,EMT Maintenance,emt_maintenance_louvain_4,MAPK Signalling,63
DUSP5,EMT,EMT Maintenance,emt_maintenance_louvain_4,MAPK Signalling,63
DUSP6,EMT,EMT Maintenance,emt_maintenance_louvain_4,MAPK Signalling,63
DUSP7,EMT,EMT Maintenance,emt_maintenance_louvain_4,MAPK Signalling,63
DUSP8,EMT,EMT Maintenance,emt_maintenance_louvain_4,MAPK Signalling,63
DUSP9,EMT,EMT Maintenance,emt_maintenance_louvain_4,MAPK Signalling,63
ELK1,EMT,EMT Maintenance,emt_maintenance_louvain_4,MAPK Signalling,63
ELK4,EMT,EMT Maintenance,emt_maintenance_louvain_4,MAPK Signalling,63
FOS,EMT,EMT Maintenance,emt_maintenance_louvain_4,MAPK Signalling,63
JUND,EMT,EMT Maintenance,emt_maintenance_louvain_4,MAPK Signalling,63
MAP2K1,EMT,EMT Maintenance,emt_maintenance_louvain_4,MAPK Signalling,63
MAP2K2,EMT,EMT Maintenance,emt_maintenance_louvain_4,MAPK Signalling,63
MAP2K5,EMT,EMT Maintenance,emt_maintenance_louvain_4,MAPK Signalling,63
MAP3K2,EMT,EMT Maintenance,emt_maintenance_louvain_4,MAPK Signalling,63
MAP3K21,EMT,EMT Maintenance,emt_maintenance_louvain_4,MAPK Signalling,63
MAP3K3,EMT,EMT Maintenance,emt_maintenance_louvain_4,MAPK Signalling,63
MAPK1,EMT,EMT Maintenance,emt_maintenance_louvain_4,MAPK Signalling,63
MAPK10,EMT,EMT Maintenance,emt_maintenance_louvain_4,MAPK Signalling,63
MAPK11,EMT,EMT Maintenance,emt_maintenance_louvain_4,MAPK Signalling,63
MAPK12,EMT,EMT Maintenance,emt_maintenance_louvain_4,MAPK Signalling,63
MAPK13,EMT,EMT Maintenance,emt_maintenance_louvain_4,MAPK Signalling,63
MAPK14,EMT,EMT Maintenance,emt_maintenance_louvain_4,MAPK Signalling,63
MAPK3,EMT,EMT Maintenance,emt_maintenance_louvain_4,MAPK Signalling,63
MAPK7,EMT,EMT Maintenance,emt_maintenance_louvain_4,MAPK Signalling,63
MAPK8,EMT,EMT Maintenance,emt_maintenance_louvain_4,MAPK Signalling,63
MAPK9,EMT,EMT Maintenance,emt_maintenance_louvain_4,MAPK Signalling,63
MAPKAPK2,EMT,EMT Maintenance,emt_maintenance_louvain_4,MAPK Signalling,63
MAPKAPK3,EMT,EMT Maintenance,emt_maintenance_louvain_4,MAPK Signalling,63
MAPKAPK5,EMT,EMT Maintenance,emt_maintenance_louvain_4,MAPK Signalling,63
MAX,EMT,EMT Maintenance,emt_maintenance_louvain_4,MAPK Signalling,63
MECOM,EMT,EMT Maintenance,emt_maintenance_louvain_4,MAPK Signalling,63
MEF2C,EMT,EMT Maintenance,emt_maintenance_louvain_4,MAPK Signalling,63
NF1,EMT,EMT Maintenance,emt_maintenance_louvain_4,MAPK Signalling,63
NFATC1,EMT,EMT Maintenance,emt_maintenance_louvain_4,MAPK Signalling,63
NFATC3,EMT,EMT Maintenance,emt_maintenance_louvain_4,MAPK Signalling,63
PKN1,EMT,EMT Maintenance,emt_maintenance_louvain_4,MAPK Signalling,63
PTPN5,EMT,EMT Maintenance,emt_maintenance_louvain_4,MAPK Signalling,63
PTPN7,EMT,EMT Maintenance,emt_maintenance_louvain_4,MAPK Signalling,63
PTPRR,EMT,EMT Maintenance,emt_maintenance_louvain_4,MAPK Signalling,63
RAF1,EMT,EMT Maintenance,emt_maintenance_louvain_4,MAPK Signalling,63
RPS6KA1,EMT,EMT Maintenance,emt_maintenance_louvain_4,MAPK Signalling,63
RPS6KA2,EMT,EMT Maintenance,emt_maintenance_louvain_4,MAPK Signalling,63
RPS6KA3,EMT,EMT Maintenance,emt_maintenance_louvain_4,MAPK Signalling,63
RPS6KA6,EMT,EMT Maintenance,emt_maintenance_louvain_4,MAPK Signalling,63
SRF,EMT,EMT Maintenance,emt_maintenance_louvain_4,MAPK Signalling,63
YWHAB,EMT,EMT Maintenance,emt_maintenance_louvain_4,MAPK Signalling,63
YWHAE,EMT,EMT Maintenance,emt_maintenance_louvain_4,MAPK Signalling,63
YWHAG,EMT,EMT Maintenance,emt_maintenance_louvain_4,MAPK Signalling,63
YWHAH,EMT,EMT Maintenance,emt_maintenance_louvain_4,MAPK Signalling,63
YWHAQ,EMT,EMT Maintenance,emt_maintenance_louvain_4,MAPK Signalling,63
YWHAZ,EMT,EMT Maintenance,emt_maintenance_louvain_4,MAPK Signalling,63
BCL10,EMT,EMT Maintenance,emt_maintenance_louvain_14,NF-kB Signalling,70
BIRC2,EMT,EMT Maintenance,emt_maintenance_louvain_14,NF-kB Signalling,70
BIRC3,EMT,EMT Maintenance,emt_maintenance_louvain_14,NF-kB Signalling,70
CARD10,EMT,EMT Maintenance,emt_maintenance_louvain_14,NF-kB Signalling,70
CARD11,EMT,EMT Maintenance,emt_maintenance_louvain_14,NF-kB Signalling,70
CARD14,EMT,EMT Maintenance,emt_maintenance_louvain_14,NF-kB Signalling,70
CD14,EMT,EMT Maintenance,emt_maintenance_louvain_14,NF-kB Signalling,70
CD40,EMT,EMT Maintenance,emt_maintenance_louvain_14,NF-kB Signalling,70
CD40LG,EMT,EMT Maintenance,emt_maintenance_louvain_14,NF-kB Signalling,70
CFLAR,EMT,EMT Maintenance,emt_maintenance_louvain_14,NF-kB Signalling,70
CHUK,EMT,EMT Maintenance,emt_maintenance_louvain_14,NF-kB Signalling,70
CYLD,EMT,EMT Maintenance,emt_maintenance_louvain_14,NF-kB Signalling,70
ECSIT,EMT,EMT Maintenance,emt_maintenance_louvain_14,NF-kB Signalling,70
EDA,EMT,EMT Maintenance,emt_maintenance_louvain_14,NF-kB Signalling,70
EDA2R,EMT,EMT Maintenance,emt_maintenance_louvain_14,NF-kB Signalling,70
EDAR,EMT,EMT Maintenance,emt_maintenance_louvain_14,NF-kB Signalling,70
EDARADD,EMT,EMT Maintenance,emt_maintenance_louvain_14,NF-kB Signalling,70
ERC1,EMT,EMT Maintenance,emt_maintenance_louvain_14,NF-kB Signalling,70
FAS,EMT,EMT Maintenance,emt_maintenance_louvain_14,NF-kB Signalling,70
FASLG,EMT,EMT Maintenance,emt_maintenance_louvain_14,NF-kB Signalling,70
GHITM,EMT,EMT Maintenance,emt_maintenance_louvain_14,NF-kB Signalling,70
IKBKB,EMT,EMT Maintenance,emt_maintenance_louvain_14,NF-kB Signalling,70
IKBKG,EMT,EMT Maintenance,emt_maintenance_louvain_14,NF-kB Signalling,70
IL1RAP,EMT,EMT Maintenance,emt_maintenance_louvain_14,NF-kB Signalling,70
IRAK1,EMT,EMT Maintenance,emt_maintenance_louvain_14,NF-kB Signalling,70
IRAK4,EMT,EMT Maintenance,emt_maintenance_louvain_14,NF-kB Signalling,70
LBP,EMT,EMT Maintenance,emt_maintenance_louvain_14,NF-kB Signalling,70
LTA,EMT,EMT Maintenance,emt_maintenance_louvain_14,NF-kB Signalling,70
LTB,EMT,EMT Maintenance,emt_maintenance_louvain_14,NF-kB Signalling,70
LTBR,EMT,EMT Maintenance,emt_maintenance_louvain_14,NF-kB Signalling,70
LY96,EMT,EMT Maintenance,emt_maintenance_louvain_14,NF-kB Signalling,70
MALT1,EMT,EMT Maintenance,emt_maintenance_louvain_14,NF-kB Signalling,70
MAP3K14,EMT,EMT Maintenance,emt_maintenance_louvain_14,NF-kB Signalling,70
MAP3K7,EMT,EMT Maintenance,emt_maintenance_louvain_14,NF-kB Signalling,70
MAP3K8,EMT,EMT Maintenance,emt_maintenance_louvain_14,NF-kB Signalling,70
MYD88,EMT,EMT Maintenance,emt_maintenance_louvain_14,NF-kB Signalling,70
NFKB1,EMT,EMT Maintenance,emt_maintenance_louvain_14,NF-kB Signalling,70
NFKB2,EMT,EMT Maintenance,emt_maintenance_louvain_14,NF-kB Signalling,70
NFKBIA,EMT,EMT Maintenance,emt_maintenance_louvain_14,NF-kB Signalling,70
PIDD1,EMT,EMT Maintenance,emt_maintenance_louvain_14,NF-kB Signalling,70
PPM1B,EMT,EMT Maintenance,emt_maintenance_louvain_14,NF-kB Signalling,70
PRKCQ,EMT,EMT Maintenance,emt_maintenance_louvain_14,NF-kB Signalling,70
RELA,EMT,EMT Maintenance,emt_maintenance_louvain_14,NF-kB Signalling,70
RELB,EMT,EMT Maintenance,emt_maintenance_louvain_14,NF-kB Signalling,70
RIGI,EMT,EMT Maintenance,emt_maintenance_louvain_14,NF-kB Signalling,70
RIPK1,EMT,EMT Maintenance,emt_maintenance_louvain_14,NF-kB Signalling,70
TAB1,EMT,EMT Maintenance,emt_maintenance_louvain_14,NF-kB Signalling,70
TAB2,EMT,EMT Maintenance,emt_maintenance_louvain_14,NF-kB Signalling,70
TAB3,EMT,EMT Maintenance,emt_maintenance_louvain_14,NF-kB Signalling,70
TICAM1,EMT,EMT Maintenance,emt_maintenance_louvain_14,NF-kB Signalling,70
TICAM2,EMT,EMT Maintenance,emt_maintenance_louvain_14,NF-kB Signalling,70
TIRAP,EMT,EMT Maintenance,emt_maintenance_louvain_14,NF-kB Signalling,70
TLR2,EMT,EMT Maintenance,emt_maintenance_louvain_14,NF-kB Signalling,70
TLR4,EMT,EMT Maintenance,emt_maintenance_louvain_14,NF-kB Signalling,70
TNF,EMT,EMT Maintenance,emt_maintenance_louvain_14,NF-kB Signalling,70
TNFAIP3,EMT,EMT Maintenance,emt_maintenance_louvain_14,NF-kB Signalling,70
TNFRSF11A,EMT,EMT Maintenance,emt_maintenance_louvain_14,NF-kB Signalling,70
TNFRSF13C,EMT,EMT Maintenance,emt_maintenance_louvain_14,NF-kB Signalling,70
TNFRSF1A,EMT,EMT Maintenance,emt_maintenance_louvain_14,NF-kB Signalling,70
TNFSF11,EMT,EMT Maintenance,emt_maintenance_louvain_14,NF-kB Signalling,70
TNFSF13B,EMT,EMT Maintenance,emt_maintenance_louvain_14,NF-kB Signalling,70
TNFSF14,EMT,EMT Maintenance,emt_maintenance_louvain_14,NF-kB Signalling,70
TRADD,EMT,EMT Maintenance,emt_maintenance_louvain_14,NF-kB Signalling,70
TRAF1,EMT,EMT Maintenance,emt_maintenance_louvain_14,NF-kB Signalling,70
TRAF2,EMT,EMT Maintenance,emt_maintenance_louvain_14,NF-kB Signalling,70
TRAF3,EMT,EMT Maintenance,emt_maintenance_louvain_14,NF-kB Signalling,70
TRAF5,EMT,EMT Maintenance,emt_maintenance_louvain_14,NF-kB Signalling,70
TRAF6,EMT,EMT Maintenance,emt_maintenance_louvain_14,NF-kB Signalling,70
TRIM25,EMT,EMT Maintenance,emt_maintenance_louvain_14,NF-kB Signalling,70
XIAP,EMT,EMT Maintenance,emt_maintenance_louvain_14,NF-kB Signalling,70
ATF2,EMT,EMT Maintenance,emt_maintenance_louvain_7,PKA/CREB Signalling,28
ATF4,EMT,EMT Maintenance,emt_maintenance_louvain_7,PKA/CREB Signalling,28
ATF6B,EMT,EMT Maintenance,emt_maintenance_louvain_7,PKA/CREB Signalling,28
CREB1,EMT,EMT Maintenance,emt_maintenance_louvain_7,PKA/CREB Signalling,28
CREB3,EMT,EMT Maintenance,emt_maintenance_louvain_7,PKA/CREB Signalling,28
CREB3L1,EMT,EMT Maintenance,emt_maintenance_louvain_7,PKA/CREB Signalling,28
CREB3L2,EMT,EMT Maintenance,emt_maintenance_louvain_7,PKA/CREB Signalling,28
CREB3L3,EMT,EMT Maintenance,emt_maintenance_louvain_7,PKA/CREB Signalling,28
CREB3L4,EMT,EMT Maintenance,emt_maintenance_louvain_7,PKA/CREB Signalling,28
CREB5,EMT,EMT Maintenance,emt_maintenance_louvain_7,PKA/CREB Signalling,28
CREBBP,EMT,EMT Maintenance,emt_maintenance_louvain_7,PKA/CREB Signalling,28
CRTC2,EMT,EMT Maintenance,emt_maintenance_louvain_7,PKA/CREB Signalling,28
DDIT3,EMT,EMT Maintenance,emt_maintenance_louvain_7,PKA/CREB Signalling,28
EP300,EMT,EMT Maintenance,emt_maintenance_louvain_7,PKA/CREB Signalling,28
G6PC1,EMT,EMT Maintenance,emt_maintenance_louvain_7,PKA/CREB Signalling,28
G6PC2,EMT,EMT Maintenance,emt_maintenance_louvain_7,PKA/CREB Signalling,28
G6PC3,EMT,EMT Maintenance,emt_maintenance_louvain_7,PKA/CREB Signalling,28
GSK3B,EMT,EMT Maintenance,emt_maintenance_louvain_7,PKA/CREB Signalling,28
GYS1,EMT,EMT Maintenance,emt_maintenance_louvain_7,PKA/CREB Signalling,28
GYS2,EMT,EMT Maintenance,emt_maintenance_louvain_7,PKA/CREB Signalling,28
PCK1,EMT,EMT Maintenance,emt_maintenance_louvain_7,PKA/CREB Signalling,28
PCK2,EMT,EMT Maintenance,emt_maintenance_louvain_7,PKA/CREB Signalling,28
PRKACA,EMT,EMT Maintenance,emt_maintenance_louvain_7,PKA/CREB Signalling,28
PRKACB,EMT,EMT Maintenance,emt_maintenance_louvain_7,PKA/CREB Signalling,28
PRKACG,EMT,EMT Maintenance,emt_maintenance_louvain_7,PKA/CREB Signalling,28
RPS6KA4,EMT,EMT Maintenance,emt_maintenance_louvain_7,PKA/CREB Signalling,28
RPS6KA5,EMT,EMT Maintenance,emt_maintenance_louvain_7,PKA/CREB Signalling,28
RXRA,EMT,EMT Maintenance,emt_maintenance_louvain_7,PKA/CREB Signalling,28
ARRB1,EMT,EMT Maintenance,emt_maintenance_louvain_3,Protein Phosphatase Regulation,29
ARRB2,EMT,EMT Maintenance,emt_maintenance_louvain_3,Protein Phosphatase Regulation,29
CACNG5,EMT,EMT Maintenance,emt_maintenance_louvain_3,Protein Phosphatase Regulation,29
PDCD10,EMT,EMT Maintenance,emt_maintenance_louvain_3,Protein Phosphatase Regulation,29
PPP2CA,EMT,EMT Maintenance,emt_maintenance_louvain_3,Protein Phosphatase Regulation,29
PPP2CB,EMT,EMT Maintenance,emt_maintenance_louvain_3,Protein Phosphatase Regulation,29
PPP2R1A,EMT,EMT Maintenance,emt_maintenance_louvain_3,Protein Phosphatase Regulation,29
PPP2R1B,EMT,EMT Maintenance,emt_maintenance_louvain_3,Protein Phosphatase Regulation,29
PPP2R2A,EMT,EMT Maintenance,emt_maintenance_louvain_3,Protein Phosphatase Regulation,29
PPP2R2B,EMT,EMT Maintenance,emt_maintenance_louvain_3,Protein Phosphatase Regulation,29
PPP2R2C,EMT,EMT Maintenance,emt_maintenance_louvain_3,Protein Phosphatase Regulation,29
PPP2R2D,EMT,EMT Maintenance,emt_maintenance_louvain_3,Protein Phosphatase Regulation,29
PPP2R3A,EMT,EMT Maintenance,emt_maintenance_louvain_3,Protein Phosphatase Regulation,29
PPP2R3B,EMT,EMT Maintenance,emt_maintenance_louvain_3,Protein Phosphatase Regulation,29
PPP2R3C,EMT,EMT Maintenance,emt_maintenance_louvain_3,Protein Phosphatase Regulation,29
PPP2R5A,EMT,EMT Maintenance,emt_maintenance_louvain_3,Protein Phosphatase Regulation,29
PPP2R5B,EMT,EMT Maintenance,emt_maintenance_louvain_3,Protein Phosphatase Regulation,29
PPP2R5C,EMT,EMT Maintenance,emt_maintenance_louvain_3,Protein Phosphatase Regulation,29
PPP2R5D,EMT,EMT Maintenance,emt_maintenance_louvain_3,Protein Phosphatase Regulation,29
PPP2R5E,EMT,EMT Maintenance,emt_maintenance_louvain_3,Protein Phosphatase Regulation,29
PPP3CA,EMT,EMT Maintenance,emt_maintenance_louvain_3,Protein Phosphatase Regulation,29
PPP3CB,EMT,EMT Maintenance,emt_maintenance_louvain_3,Protein Phosphatase Regulation,29
PPP3CC,EMT,EMT Maintenance,emt_maintenance_louvain_3,Protein Phosphatase Regulation,29
PPP3R1,EMT,EMT Maintenance,emt_maintenance_louvain_3,Protein Phosphatase Regulation,29
PPP3R2,EMT,EMT Maintenance,emt_maintenance_louvain_3,Protein Phosphatase Regulation,29
STK24,EMT,EMT Maintenance,emt_maintenance_louvain_3,Protein Phosphatase Regulation,29
STK25,EMT,EMT Maintenance,emt_maintenance_louvain_3,Protein Phosphatase Regulation,29
STK26,EMT,EMT Maintenance,emt_maintenance_louvain_3,Protein Phosphatase Regulation,29
STK3,EMT,EMT Maintenance,emt_maintenance_louvain_3,Protein Phosphatase Regulation,29
GADD45B,EMT,EMT Maintenance,emt_maintenance_louvain_5,Stress-Activated Protein Kinase Signalling,24
GADD45G,EMT,EMT Maintenance,emt_maintenance_louvain_5,Stress-Activated Protein Kinase Signalling,24
JUN,EMT,EMT Maintenance,emt_maintenance_louvain_5,Stress-Activated Protein Kinase Signalling,24
MAP2K3,EMT,EMT Maintenance,emt_maintenance_louvain_5,Stress-Activated Protein Kinase Signalling,24
MAP2K4,EMT,EMT Maintenance,emt_maintenance_louvain_5,Stress-Activated Protein Kinase Signalling,24
MAP2K6,EMT,EMT Maintenance,emt_maintenance_louvain_5,Stress-Activated Protein Kinase Signalling,24
MAP2K7,EMT,EMT Maintenance,emt_maintenance_louvain_5,Stress-Activated Protein Kinase Signalling,24
MAP3K1,EMT,EMT Maintenance,emt_maintenance_louvain_5,Stress-Activated Protein Kinase Signalling,24
MAP3K10,EMT,EMT Maintenance,emt_maintenance_louvain_5,Stress-Activated Protein Kinase Signalling,24
MAP3K11,EMT,EMT Maintenance,emt_maintenance_louvain_5,Stress-Activated Protein Kinase Signalling,24
MAP3K12,EMT,EMT Maintenance,emt_maintenance_louvain_5,Stress-Activated Protein Kinase Signalling,24
MAP3K13,EMT,EMT Maintenance,emt_maintenance_louvain_5,Stress-Activated Protein Kinase Signalling,24
MAP3K20,EMT,EMT Maintenance,emt_maintenance_louvain_5,Stress-Activated Protein Kinase Signalling,24
MAP3K4,EMT,EMT Maintenance,emt_maintenance_louvain_5,Stress-Activated Protein Kinase Signalling,24
MAP3K5,EMT,EMT Maintenance,emt_maintenance_louvain_5,Stress-Activated Protein Kinase Signalling,24
MAP3K6,EMT,EMT Maintenance,emt_maintenance_louvain_5,Stress-Activated Protein Kinase Signalling,24
MAP3K9,EMT,EMT Maintenance,emt_maintenance_louvain_5,Stress-Activated Protein Kinase Signalling,24
MAP4K2,EMT,EMT Maintenance,emt_maintenance_louvain_5,Stress-Activated Protein Kinase Signalling,24
MAPK8IP1,EMT,EMT Maintenance,emt_maintenance_louvain_5,Stress-Activated Protein Kinase Signalling,24
MAPK8IP2,EMT,EMT Maintenance,emt_maintenance_louvain_5,Stress-Activated Protein Kinase Signalling,24
MAPK8IP3,EMT,EMT Maintenance,emt_maintenance_louvain_5,Stress-Activated Protein Kinase Signalling,24
PPM1A,EMT,EMT Maintenance,emt_maintenance_louvain_5,Stress-Activated Protein Kinase Signalling,24
TAOK1,EMT,EMT Maintenance,emt_maintenance_louvain_5,Stress-Activated Protein Kinase Signalling,24
TAOK2,EMT,EMT Maintenance,emt_maintenance_louvain_5,Stress-Activated Protein Kinase Signalling,24
ANGPT1,EMT,EMT Maintenance,emt_maintenance_louvain_12,Vascular RTK Signalling,30
ANGPT2,EMT,EMT Maintenance,emt_maintenance_louvain_12,Vascular RTK Signalling,30
ANGPT4,EMT,EMT Maintenance,emt_maintenance_louvain_12,Vascular RTK Signalling,30
ARTN,EMT,EMT Maintenance,emt_maintenance_louvain_12,Vascular RTK Signalling,30
BDNF,EMT,EMT Maintenance,emt_maintenance_louvain_12,Vascular RTK Signalling,30
FGF9,EMT,EMT Maintenance,emt_maintenance_louvain_12,Vascular RTK Signalling,30
FLT1,EMT,EMT Maintenance,emt_maintenance_louvain_12,Vascular RTK Signalling,30
FLT4,EMT,EMT Maintenance,emt_maintenance_louvain_12,Vascular RTK Signalling,30
GDNF,EMT,EMT Maintenance,emt_maintenance_louvain_12,Vascular RTK Signalling,30
GRB2,EMT,EMT Maintenance,emt_maintenance_louvain_12,Vascular RTK Signalling,30
IRS1,EMT,EMT Maintenance,emt_maintenance_louvain_12,Vascular RTK Signalling,30
KDR,EMT,EMT Maintenance,emt_maintenance_louvain_12,Vascular RTK Signalling,30
MAP4K3,EMT,EMT Maintenance,emt_maintenance_louvain_12,Vascular RTK Signalling,30
NGF,EMT,EMT Maintenance,emt_maintenance_louvain_12,Vascular RTK Signalling,30
NOS3,EMT,EMT Maintenance,emt_maintenance_louvain_12,Vascular RTK Signalling,30
NRTN,EMT,EMT Maintenance,emt_maintenance_louvain_12,Vascular RTK Signalling,30
NTF3,EMT,EMT Maintenance,emt_maintenance_louvain_12,Vascular RTK Signalling,30
NTF4,EMT,EMT Maintenance,emt_maintenance_louvain_12,Vascular RTK Signalling,30
NTRK1,EMT,EMT Maintenance,emt_maintenance_louvain_12,Vascular RTK Signalling,30
NTRK2,EMT,EMT Maintenance,emt_maintenance_louvain_12,Vascular RTK Signalling,30
PGF,EMT,EMT Maintenance,emt_maintenance_louvain_12,Vascular RTK Signalling,30
PIK3R1,EMT,EMT Maintenance,emt_maintenance_louvain_12,Vascular RTK Signalling,30
PSPN,EMT,EMT Maintenance,emt_maintenance_louvain_12,Vascular RTK Signalling,30
PTPN11,EMT,EMT Maintenance,emt_maintenance_louvain_12,Vascular RTK Signalling,30
RET,EMT,EMT Maintenance,emt_maintenance_louvain_12,Vascular RTK Signalling,30
SOS1,EMT,EMT Maintenance,emt_maintenance_louvain_12,Vascular RTK Signalling,30
TEK,EMT,EMT Maintenance,emt_maintenance_louvain_12,Vascular RTK Signalling,30
VEGFB,EMT,EMT Maintenance,emt_maintenance_louvain_12,Vascular RTK Signalling,30
VEGFC,EMT,EMT Maintenance,emt_maintenance_louvain_12,Vascular RTK Signalling,30
VEGFD,EMT,EMT Maintenance,emt_maintenance_louvain_12,Vascular RTK Signalling,30
CACNA1A,EMT,EMT Maintenance,emt_maintenance_louvain_0,Voltage-Gated Calcium Channel Signalling,31
CACNA1B,EMT,EMT Maintenance,emt_maintenance_louvain_0,Voltage-Gated Calcium Channel Signalling,31
CACNA1C,EMT,EMT Maintenance,emt_maintenance_louvain_0,Voltage-Gated Calcium Channel Signalling,31
CACNA1D,EMT,EMT Maintenance,emt_maintenance_louvain_0,Voltage-Gated Calcium Channel Signalling,31
CACNA1E,EMT,EMT Maintenance,emt_maintenance_louvain_0,Voltage-Gated Calcium Channel Signalling,31
CACNA1F,EMT,EMT Maintenance,emt_maintenance_louvain_0,Voltage-Gated Calcium Channel Signalling,31
CACNA1G,EMT,EMT Maintenance,emt_maintenance_louvain_0,Voltage-Gated Calcium Channel Signalling,31
CACNA1H,EMT,EMT Maintenance,emt_maintenance_louvain_0,Voltage-Gated Calcium Channel Signalling,31
CACNA1I,EMT,EMT Maintenance,emt_maintenance_louvain_0,Voltage-Gated Calcium Channel Signalling,31
CACNA1S,EMT,EMT Maintenance,emt_maintenance_louvain_0,Voltage-Gated Calcium Channel Signalling,31
CACNA2D1,EMT,EMT Maintenance,emt_maintenance_louvain_0,Voltage-Gated Calcium Channel Signalling,31
CACNA2D2,EMT,EMT Maintenance,emt_maintenance_louvain_0,Voltage-Gated Calcium Channel Signalling,31
CACNA2D3,EMT,EMT Maintenance,emt_maintenance_louvain_0,Voltage-Gated Calcium Channel Signalling,31
CACNA2D4,EMT,EMT Maintenance,emt_maintenance_louvain_0,Voltage-Gated Calcium Channel Signalling,31
CACNB1,EMT,EMT Maintenance,emt_maintenance_louvain_0,Voltage-Gated Calcium Channel Signalling,31
CACNB2,EMT,EMT Maintenance,emt_maintenance_louvain_0,Voltage-Gated Calcium Channel Signalling,31
CACNB3,EMT,EMT Maintenance,emt_maintenance_louvain_0,Voltage-Gated Calcium Channel Signalling,31
CACNB4,EMT,EMT Maintenance,emt_maintenance_louvain_0,Voltage-Gated Calcium Channel Signalling,31
CACNG1,EMT,EMT Maintenance,emt_maintenance_louvain_0,Voltage-Gated Calcium Channel Signalling,31
CACNG2,EMT,EMT Maintenance,emt_maintenance_louvain_0,Voltage-Gated Calcium Channel Signalling,31
CACNG3,EMT,EMT Maintenance,emt_maintenance_louvain_0,Voltage-Gated Calcium Channel Signalling,31
CACNG4,EMT,EMT Maintenance,emt_maintenance_louvain_0,Voltage-Gated Calcium Channel Signalling,31
CACNG6,EMT,EMT Maintenance,emt_maintenance_louvain_0,Voltage-Gated Calcium Channel Signalling,31
CACNG7,EMT,EMT Maintenance,emt_maintenance_louvain_0,Voltage-Gated Calcium Channel Signalling,31
CACNG8,EMT,EMT Maintenance,emt_maintenance_louvain_0,Voltage-Gated Calcium Channel Signalling,31
RASGRF1,EMT,EMT Maintenance,emt_maintenance_louvain_0,Voltage-Gated Calcium Channel Signalling,31
RASGRF2,EMT,EMT Maintenance,emt_maintenance_louvain_0,Voltage-Gated Calcium Channel Signalling,31
RASGRP1,EMT,EMT Maintenance,emt_maintenance_louvain_0,Voltage-Gated Calcium Channel Signalling,31
RASGRP2,EMT,EMT Maintenance,emt_maintenance_louvain_0,Voltage-Gated Calcium Channel Signalling,31
RASGRP3,EMT,EMT Maintenance,emt_maintenance_louvain_0,Voltage-Gated Calcium Channel Signalling,31
RASGRP4,EMT,EMT Maintenance,emt_maintenance_louvain_0,Voltage-Gated Calcium Channel Signalling,31
C8orf44-SGK3,EMT,EMT Maintenance,emt_maintenance_louvain_6,mTOR/AMPK Signalling,26
DDIT4,EMT,EMT Maintenance,emt_maintenance_louvain_6,mTOR/AMPK Signalling,26
EIF4B,EMT,EMT Maintenance,emt_maintenance_louvain_6,mTOR/AMPK Signalling,26
EIF4E,EMT,EMT Maintenance,emt_maintenance_louvain_6,mTOR/AMPK Signalling,26
EIF4E1B,EMT,EMT Maintenance,emt_maintenance_louvain_6,mTOR/AMPK Signalling,26
EIF4E2,EMT,EMT Maintenance,emt_maintenance_louvain_6,mTOR/AMPK Signalling,26
EIF4EBP1,EMT,EMT Maintenance,emt_maintenance_louvain_6,mTOR/AMPK Signalling,26
FOXO3,EMT,EMT Maintenance,emt_maintenance_louvain_6,mTOR/AMPK Signalling,26
LAMTOR3,EMT,EMT Maintenance,emt_maintenance_louvain_6,mTOR/AMPK Signalling,26
MKNK1,EMT,EMT Maintenance,emt_maintenance_louvain_6,mTOR/AMPK Signalling,26
MKNK2,EMT,EMT Maintenance,emt_maintenance_louvain_6,mTOR/AMPK Signalling,26
MLST8,EMT,EMT Maintenance,emt_maintenance_louvain_6,mTOR/AMPK Signalling,26
MTOR,EMT,EMT Maintenance,emt_maintenance_louvain_6,mTOR/AMPK Signalling,26
PRKAA1,EMT,EMT Maintenance,emt_maintenance_louvain_6,mTOR/AMPK Signalling,26
PRKAA2,EMT,EMT Maintenance,emt_maintenance_louvain_6,mTOR/AMPK Signalling,26
RHEB,EMT,EMT Maintenance,emt_maintenance_louvain_6,mTOR/AMPK Signalling,26
RPS6,EMT,EMT Maintenance,emt_maintenance_louvain_6,mTOR/AMPK Signalling,26
RPS6KB1,EMT,EMT Maintenance,emt_maintenance_louvain_6,mTOR/AMPK Signalling,26
RPS6KB2,EMT,EMT Maintenance,emt_maintenance_louvain_6,mTOR/AMPK Signalling,26
RPTOR,EMT,EMT Maintenance,emt_maintenance_louvain_6,mTOR/AMPK Signalling,26
SGK1,EMT,EMT Maintenance,emt_maintenance_louvain_6,mTOR/AMPK Signalling,26
SGK2,EMT,EMT Maintenance,emt_maintenance_louvain_6,mTOR/AMPK Signalling,26
STK11,EMT,EMT Maintenance,emt_maintenance_louvain_6,mTOR/AMPK Signalling,26
STK4,EMT,EMT Maintenance,emt_maintenance_louvain_6,mTOR/AMPK Signalling,26
TSC1,EMT,EMT Maintenance,emt_maintenance_louvain_6,mTOR/AMPK Signalling,26
TSC2,EMT,EMT Maintenance,emt_maintenance_louvain_6,mTOR/AMPK Signalling,26
ACTB,EMT,EMT Maintenance,emt_maintenance_louvain_8,p53-mediated DNA Damage Response,67
AKT1,EMT,EMT Maintenance,emt_maintenance_louvain_8,p53-mediated DNA Damage Response,67
AKT2,EMT,EMT Maintenance,emt_maintenance_louvain_8,p53-mediated DNA Damage Response,67
AKT3,EMT,EMT Maintenance,emt_maintenance_louvain_8,p53-mediated DNA Damage Response,67
ATM,EMT,EMT Maintenance,emt_maintenance_louvain_8,p53-mediated DNA Damage Response,67
BCL2,EMT,EMT Maintenance,emt_maintenance_louvain_8,p53-mediated DNA Damage Response,67
BCL2A1,EMT,EMT Maintenance,emt_maintenance_louvain_8,p53-mediated DNA Damage Response,67
BCL2L1,EMT,EMT Maintenance,emt_maintenance_louvain_8,p53-mediated DNA Damage Response,67
BCL2L11,EMT,EMT Maintenance,emt_maintenance_louvain_8,p53-mediated DNA Damage Response,67
BRCA1,EMT,EMT Maintenance,emt_maintenance_louvain_8,p53-mediated DNA Damage Response,67
CASP3,EMT,EMT Maintenance,emt_maintenance_louvain_8,p53-mediated DNA Damage Response,67
CASP9,EMT,EMT Maintenance,emt_maintenance_louvain_8,p53-mediated DNA Damage Response,67
CCND1,EMT,EMT Maintenance,emt_maintenance_louvain_8,p53-mediated DNA Damage Response,67
CCND2,EMT,EMT Maintenance,emt_maintenance_louvain_8,p53-mediated DNA Damage Response,67
CCND3,EMT,EMT Maintenance,emt_maintenance_louvain_8,p53-mediated DNA Damage Response,67
CCNE1,EMT,EMT Maintenance,emt_maintenance_louvain_8,p53-mediated DNA Damage Response,67
CCNE2,EMT,EMT Maintenance,emt_maintenance_louvain_8,p53-mediated DNA Damage Response,67
CDC37,EMT,EMT Maintenance,emt_maintenance_louvain_8,p53-mediated DNA Damage Response,67
CDK2,EMT,EMT Maintenance,emt_maintenance_louvain_8,p53-mediated DNA Damage Response,67
CDK4,EMT,EMT Maintenance,emt_maintenance_louvain_8,p53-mediated DNA Damage Response,67
CDK6,EMT,EMT Maintenance,emt_maintenance_louvain_8,p53-mediated DNA Damage Response,67
CDKN1A,EMT,EMT Maintenance,emt_maintenance_louvain_8,p53-mediated DNA Damage Response,67
CDKN1B,EMT,EMT Maintenance,emt_maintenance_louvain_8,p53-mediated DNA Damage Response,67
CSNK2A1,EMT,EMT Maintenance,emt_maintenance_louvain_8,p53-mediated DNA Damage Response,67
CSNK2A2,EMT,EMT Maintenance,emt_maintenance_louvain_8,p53-mediated DNA Damage Response,67
CSNK2A3,EMT,EMT Maintenance,emt_maintenance_louvain_8,p53-mediated DNA Damage Response,67
CSNK2B,EMT,EMT Maintenance,emt_maintenance_louvain_8,p53-mediated DNA Damage Response,67
CTNNB1,EMT,EMT Maintenance,emt_maintenance_louvain_8,p53-mediated DNA Damage Response,67
DAXX,EMT,EMT Maintenance,emt_maintenance_louvain_8,p53-mediated DNA Damage Response,67
GADD45A,EMT,EMT Maintenance,emt_maintenance_louvain_8,p53-mediated DNA Damage Response,67
HMGA2,EMT,EMT Maintenance,emt_maintenance_louvain_8,p53-mediated DNA Damage Response,67
HSP90AA1,EMT,EMT Maintenance,emt_maintenance_louvain_8,p53-mediated DNA Damage Response,67
HSP90AB1,EMT,EMT Maintenance,emt_maintenance_louvain_8,p53-mediated DNA Damage Response,67
HSP90B1,EMT,EMT Maintenance,emt_maintenance_louvain_8,p53-mediated DNA Damage Response,67
HSPA1A,EMT,EMT Maintenance,emt_maintenance_louvain_8,p53-mediated DNA Damage Response,67
HSPA1B,EMT,EMT Maintenance,emt_maintenance_louvain_8,p53-mediated DNA Damage Response,67
HSPA1L,EMT,EMT Maintenance,emt_maintenance_louvain_8,p53-mediated DNA Damage Response,67
HSPA6,EMT,EMT Maintenance,emt_maintenance_louvain_8,p53-mediated DNA Damage Response,67
HSPA8,EMT,EMT Maintenance,emt_maintenance_louvain_8,p53-mediated DNA Damage Response,67
HSPB1,EMT,EMT Maintenance,emt_maintenance_louvain_8,p53-mediated DNA Damage Response,67
LOC102723407,EMT,EMT Maintenance,emt_maintenance_louvain_8,p53-mediated DNA Damage Response,67
MAPT,EMT,EMT Maintenance,emt_maintenance_louvain_8,p53-mediated DNA Damage Response,67
MCL1,EMT,EMT Maintenance,emt_maintenance_louvain_8,p53-mediated DNA Damage Response,67
MDM2,EMT,EMT Maintenance,emt_maintenance_louvain_8,p53-mediated DNA Damage Response,67
MTCP1,EMT,EMT Maintenance,emt_maintenance_louvain_8,p53-mediated DNA Damage Response,67
MYB,EMT,EMT Maintenance,emt_maintenance_louvain_8,p53-mediated DNA Damage Response,67
MYC,EMT,EMT Maintenance,emt_maintenance_louvain_8,p53-mediated DNA Damage Response,67
NLK,EMT,EMT Maintenance,emt_maintenance_louvain_8,p53-mediated DNA Damage Response,67
NR4A1,EMT,EMT Maintenance,emt_maintenance_louvain_8,p53-mediated DNA Damage Response,67
PALB2,EMT,EMT Maintenance,emt_maintenance_louvain_8,p53-mediated DNA Damage Response,67
PARP1,EMT,EMT Maintenance,emt_maintenance_louvain_8,p53-mediated DNA Damage Response,67
PHLPP1,EMT,EMT Maintenance,emt_maintenance_louvain_8,p53-mediated DNA Damage Response,67
PHLPP2,EMT,EMT Maintenance,emt_maintenance_louvain_8,p53-mediated DNA Damage Response,67
PIAS1,EMT,EMT Maintenance,emt_maintenance_louvain_8,p53-mediated DNA Damage Response,67
PIAS4,EMT,EMT Maintenance,emt_maintenance_louvain_8,p53-mediated DNA Damage Response,67
PIM1,EMT,EMT Maintenance,emt_maintenance_louvain_8,p53-mediated DNA Damage Response,67
PPP1R13L,EMT,EMT Maintenance,emt_maintenance_louvain_8,p53-mediated DNA Damage Response,67
PPP5C,EMT,EMT Maintenance,emt_maintenance_louvain_8,p53-mediated DNA Damage Response,67
PTEN,EMT,EMT Maintenance,emt_maintenance_louvain_8,p53-mediated DNA Damage Response,67
RBL2,EMT,EMT Maintenance,emt_maintenance_louvain_8,p53-mediated DNA Damage Response,67
STMN1,EMT,EMT Maintenance,emt_maintenance_louvain_8,p53-mediated DNA Damage Response,67
TCL1A,EMT,EMT Maintenance,emt_maintenance_louvain_8,p53-mediated DNA Damage Response,67
TCL1B,EMT,EMT Maintenance,emt_maintenance_louvain_8,p53-mediated DNA Damage Response,67
THEM4,EMT,EMT Maintenance,emt_maintenance_louvain_8,p53-mediated DNA Damage Response,67
TP53,EMT,EMT Maintenance,emt_maintenance_louvain_8,p53-mediated DNA Damage Response,67
UBE2I,EMT,EMT Maintenance,emt_maintenance_louvain_8,p53-mediated DNA Damage Response,67
VCP,EMT,EMT Maintenance,emt_maintenance_louvain_8,p53-mediated DNA Damage Response,67
ADGRG1,EMT,Epithelial Markers,epithelial_markers_louvain_2,Epithelial Junction Organisation,71
AP1M2,EMT,Epithelial Markers,epithelial_markers_louvain_2,Epithelial Junction Organisation,71
ARRB1,EMT,Epithelial Markers,epithelial_markers_louvain_2,Epithelial Junction Organisation,71
ATP2C2,EMT,Epithelial Markers,epithelial_markers_louvain_2,Epithelial Junction Organisation,71
BCAS1,EMT,Epithelial Markers,epithelial_markers_louvain_2,Epithelial Junction Organisation,71
BSPRY,EMT,Epithelial Markers,epithelial_markers_louvain_2,Epithelial Junction Organisation,71
CD2AP,EMT,Epithelial Markers,epithelial_markers_louvain_2,Epithelial Junction Organisation,71
CDH1,EMT,Epithelial Markers,epithelial_markers_louvain_2,Epithelial Junction Organisation,71
CKMT1A,EMT,Epithelial Markers,epithelial_markers_louvain_2,Epithelial Junction Organisation,71
CLDN3,EMT,Epithelial Markers,epithelial_markers_louvain_2,Epithelial Junction Organisation,71
CLDN4,EMT,Epithelial Markers,epithelial_markers_louvain_2,Epithelial Junction Organisation,71
CLDN7,EMT,Epithelial Markers,epithelial_markers_louvain_2,Epithelial Junction Organisation,71
CXADR,EMT,Epithelial Markers,epithelial_markers_louvain_2,Epithelial Junction Organisation,71
DSG2,EMT,Epithelial Markers,epithelial_markers_louvain_2,Epithelial Junction Organisation,71
DSP,EMT,Epithelial Markers,epithelial_markers_louvain_2,Epithelial Junction Organisation,71
ELMO3,EMT,Epithelial Markers,epithelial_markers_louvain_2,Epithelial Junction Organisation,71
EPS8L1,EMT,Epithelial Markers,epithelial_markers_louvain_2,Epithelial Junction Organisation,71
ESRP1,EMT,Epithelial Markers,epithelial_markers_louvain_2,Epithelial Junction Organisation,71
ESRP2,EMT,Epithelial Markers,epithelial_markers_louvain_2,Epithelial Junction Organisation,71
EXPH5,EMT,Epithelial Markers,epithelial_markers_louvain_2,Epithelial Junction Organisation,71
F11R,EMT,Epithelial Markers,epithelial_markers_louvain_2,Epithelial Junction Organisation,71
FA2H,EMT,Epithelial Markers,epithelial_markers_louvain_2,Epithelial Junction Organisation,71
FLNA,EMT,Epithelial Markers,epithelial_markers_louvain_2,Epithelial Junction Organisation,71
FXYD3,EMT,Epithelial Markers,epithelial_markers_louvain_2,Epithelial Junction Organisation,71
GPRC5A,EMT,Epithelial Markers,epithelial_markers_louvain_2,Epithelial Junction Organisation,71
GRHL2,EMT,Epithelial Markers,epithelial_markers_louvain_2,Epithelial Junction Organisation,71
GRM2,EMT,Epithelial Markers,epithelial_markers_louvain_2,Epithelial Junction Organisation,71
IRF6,EMT,Epithelial Markers,epithelial_markers_louvain_2,Epithelial Junction Organisation,71
JUP,EMT,Epithelial Markers,epithelial_markers_louvain_2,Epithelial Junction Organisation,71
LAD1,EMT,Epithelial Markers,epithelial_markers_louvain_2,Epithelial Junction Organisation,71
LLGL2,EMT,Epithelial Markers,epithelial_markers_louvain_2,Epithelial Junction Organisation,71
LRRC1,EMT,Epithelial Markers,epithelial_markers_louvain_2,Epithelial Junction Organisation,71
LSR,EMT,Epithelial Markers,epithelial_markers_louvain_2,Epithelial Junction Organisation,71
LUM,EMT,Epithelial Markers,epithelial_markers_louvain_2,Epithelial Junction Organisation,71
MLPH,EMT,Epithelial Markers,epithelial_markers_louvain_2,Epithelial Junction Organisation,71
MPZL2,EMT,Epithelial Markers,epithelial_markers_louvain_2,Epithelial Junction Organisation,71
MYO5C,EMT,Epithelial Markers,epithelial_markers_louvain_2,Epithelial Junction Organisation,71
MYO6,EMT,Epithelial Markers,epithelial_markers_louvain_2,Epithelial Junction Organisation,71
OCLN,EMT,Epithelial Markers,epithelial_markers_louvain_2,Epithelial Junction Organisation,71
OVOL2,EMT,Epithelial Markers,epithelial_markers_louvain_2,Epithelial Junction Organisation,71
PERP,EMT,Epithelial Markers,epithelial_markers_louvain_2,Epithelial Junction Organisation,71
PKP1,EMT,Epithelial Markers,epithelial_markers_louvain_2,Epithelial Junction Organisation,71
PKP3,EMT,Epithelial Markers,epithelial_markers_louvain_2,Epithelial Junction Organisation,71
PLLP,EMT,Epithelial Markers,epithelial_markers_louvain_2,Epithelial Junction Organisation,71
POF1B,EMT,Epithelial Markers,epithelial_markers_louvain_2,Epithelial Junction Organisation,71
PPL,EMT,Epithelial Markers,epithelial_markers_louvain_2,Epithelial Junction Organisation,71
PPP2R2C,EMT,Epithelial Markers,epithelial_markers_louvain_2,Epithelial Junction Organisation,71
PRR15L,EMT,Epithelial Markers,epithelial_markers_louvain_2,Epithelial Junction Organisation,71
PRSS8,EMT,Epithelial Markers,epithelial_markers_louvain_2,Epithelial Junction Organisation,71
RAB25,EMT,Epithelial Markers,epithelial_markers_louvain_2,Epithelial Junction Organisation,71
RBM47,EMT,Epithelial Markers,epithelial_markers_louvain_2,Epithelial Junction Organisation,71
S100A14,EMT,Epithelial Markers,epithelial_markers_louvain_2,Epithelial Junction Organisation,71
S100P,EMT,Epithelial Markers,epithelial_markers_louvain_2,Epithelial Junction Organisation,71
SCNN1A,EMT,Epithelial Markers,epithelial_markers_louvain_2,Epithelial Junction Organisation,71
SH3YL1,EMT,Epithelial Markers,epithelial_markers_louvain_2,Epithelial Junction Organisation,71
SLC35A3,EMT,Epithelial Markers,epithelial_markers_louvain_2,Epithelial Junction Organisation,71
SLC35B4,EMT,Epithelial Markers,epithelial_markers_louvain_2,Epithelial Junction Organisation,71
SOS1,EMT,Epithelial Markers,epithelial_markers_louvain_2,Epithelial Junction Organisation,71
SPINT1,EMT,Epithelial Markers,epithelial_markers_louvain_2,Epithelial Junction Organisation,71
SPINT2,EMT,Epithelial Markers,epithelial_markers_louvain_2,Epithelial Junction Organisation,71
ST14,EMT,Epithelial Markers,epithelial_markers_louvain_2,Epithelial Junction Organisation,71
SYNGR2,EMT,Epithelial Markers,epithelial_markers_louvain_2,Epithelial Junction Organisation,71
TAB1,EMT,Epithelial Markers,epithelial_markers_louvain_2,Epithelial Junction Organisation,71
TJP2,EMT,Epithelial Markers,epithelial_markers_louvain_2,Epithelial Junction Organisation,71
TJP3,EMT,Epithelial Markers,epithelial_markers_louvain_2,Epithelial Junction Organisation,71
TMEM30B,EMT,Epithelial Markers,epithelial_markers_louvain_2,Epithelial Junction Organisation,71
TMPRSS2,EMT,Epithelial Markers,epithelial_markers_louvain_2,Epithelial Junction Organisation,71
TMPRSS4,EMT,Epithelial Markers,epithelial_markers_louvain_2,Epithelial Junction Organisation,71
TPD52,EMT,Epithelial Markers,epithelial_markers_louvain_2,Epithelial Junction Organisation,71
TRPM4,EMT,Epithelial Markers,epithelial_markers_louvain_2,Epithelial Junction Organisation,71
VAMP8,EMT,Epithelial Markers,epithelial_markers_louvain_2,Epithelial Junction Organisation,71
C4orf19,EMT,Epithelial Markers,epithelial_markers_louvain_3,ErbB/FGFR RTK Signalling,23
CBLC,EMT,Epithelial Markers,epithelial_markers_louvain_3,ErbB/FGFR RTK Signalling,23
DDR1,EMT,Epithelial Markers,epithelial_markers_louvain_3,ErbB/FGFR RTK Signalling,23
EPN3,EMT,Epithelial Markers,epithelial_markers_louvain_3,ErbB/FGFR RTK Signalling,23
EPS8L2,EMT,Epithelial Markers,epithelial_markers_louvain_3,ErbB/FGFR RTK Signalling,23
ERBB2,EMT,Epithelial Markers,epithelial_markers_louvain_3,ErbB/FGFR RTK Signalling,23
ERBB3,EMT,Epithelial Markers,epithelial_markers_louvain_3,ErbB/FGFR RTK Signalling,23
EZR,EMT,Epithelial Markers,epithelial_markers_louvain_3,ErbB/FGFR RTK Signalling,23
FGFR3,EMT,Epithelial Markers,epithelial_markers_louvain_3,ErbB/FGFR RTK Signalling,23
GDF15,EMT,Epithelial Markers,epithelial_markers_louvain_3,ErbB/FGFR RTK Signalling,23
MISP,EMT,Epithelial Markers,epithelial_markers_louvain_3,ErbB/FGFR RTK Signalling,23
MST1R,EMT,Epithelial Markers,epithelial_markers_louvain_3,ErbB/FGFR RTK Signalling,23
PLS1,EMT,Epithelial Markers,epithelial_markers_louvain_3,ErbB/FGFR RTK Signalling,23
PTK6,EMT,Epithelial Markers,epithelial_markers_louvain_3,ErbB/FGFR RTK Signalling,23
RAB11FIP1,EMT,Epithelial Markers,epithelial_markers_louvain_3,ErbB/FGFR RTK Signalling,23
SDC4,EMT,Epithelial Markers,epithelial_markers_louvain_3,ErbB/FGFR RTK Signalling,23
SLC44A4,EMT,Epithelial Markers,epithelial_markers_louvain_3,ErbB/FGFR RTK Signalling,23
STAP2,EMT,Epithelial Markers,epithelial_markers_louvain_3,ErbB/FGFR RTK Signalling,23
STK26,EMT,Epithelial Markers,epithelial_markers_louvain_3,ErbB/FGFR RTK Signalling,23
STYK1,EMT,Epithelial Markers,epithelial_markers_louvain_3,ErbB/FGFR RTK Signalling,23
TOB1,EMT,Epithelial Markers,epithelial_markers_louvain_3,ErbB/FGFR RTK Signalling,23
TSPAN1,EMT,Epithelial Markers,epithelial_markers_louvain_3,ErbB/FGFR RTK Signalling,23
VAV3,EMT,Epithelial Markers,epithelial_markers_louvain_3,ErbB/FGFR RTK Signalling,23
ABCC3,EMT,Epithelial Markers,epithelial_markers_louvain_1,Luminal Epithelial Identity,49
ABHD11,EMT,Epithelial Markers,epithelial_markers_louvain_1,Luminal Epithelial Identity,49
AGR2,EMT,Epithelial Markers,epithelial_markers_louvain_1,Luminal Epithelial Identity,49
AKR1B10,EMT,Epithelial Markers,epithelial_markers_louvain_1,Luminal Epithelial Identity,49
ARHGAP32,EMT,Epithelial Markers,epithelial_markers_louvain_1,Luminal Epithelial Identity,49
ARHGAP8,EMT,Epithelial Markers,epithelial_markers_louvain_1,Luminal Epithelial Identity,49
AZGP1,EMT,Epithelial Markers,epithelial_markers_louvain_1,Luminal Epithelial Identity,49
BIK,EMT,Epithelial Markers,epithelial_markers_louvain_1,Luminal Epithelial Identity,49
CD24,EMT,Epithelial Markers,epithelial_markers_louvain_1,Luminal Epithelial Identity,49
CDS1,EMT,Epithelial Markers,epithelial_markers_louvain_1,Luminal Epithelial Identity,49
CEACAM1,EMT,Epithelial Markers,epithelial_markers_louvain_1,Luminal Epithelial Identity,49
CEACAM5,EMT,Epithelial Markers,epithelial_markers_louvain_1,Luminal Epithelial Identity,49
CEACAM6,EMT,Epithelial Markers,epithelial_markers_louvain_1,Luminal Epithelial Identity,49
CEACAM7,EMT,Epithelial Markers,epithelial_markers_louvain_1,Luminal Epithelial Identity,49
EHF,EMT,Epithelial Markers,epithelial_markers_louvain_1,Luminal Epithelial Identity,49
ELF3,EMT,Epithelial Markers,epithelial_markers_louvain_1,Luminal Epithelial Identity,49
EPCAM,EMT,Epithelial Markers,epithelial_markers_louvain_1,Luminal Epithelial Identity,49
FAS,EMT,Epithelial Markers,epithelial_markers_louvain_1,Luminal Epithelial Identity,49
FUT2,EMT,Epithelial Markers,epithelial_markers_louvain_1,Luminal Epithelial Identity,49
FUT3,EMT,Epithelial Markers,epithelial_markers_louvain_1,Luminal Epithelial Identity,49
GALE,EMT,Epithelial Markers,epithelial_markers_louvain_1,Luminal Epithelial Identity,49
GALNT3,EMT,Epithelial Markers,epithelial_markers_louvain_1,Luminal Epithelial Identity,49
GALNT7,EMT,Epithelial Markers,epithelial_markers_louvain_1,Luminal Epithelial Identity,49
GMDS,EMT,Epithelial Markers,epithelial_markers_louvain_1,Luminal Epithelial Identity,49
HSP90AA1,EMT,Epithelial Markers,epithelial_markers_louvain_1,Luminal Epithelial Identity,49
HSPA5,EMT,Epithelial Markers,epithelial_markers_louvain_1,Luminal Epithelial Identity,49
KRT18,EMT,Epithelial Markers,epithelial_markers_louvain_1,Luminal Epithelial Identity,49
KRT19,EMT,Epithelial Markers,epithelial_markers_louvain_1,Luminal Epithelial Identity,49
KRT7,EMT,Epithelial Markers,epithelial_markers_louvain_1,Luminal Epithelial Identity,49
KRT8,EMT,Epithelial Markers,epithelial_markers_louvain_1,Luminal Epithelial Identity,49
MUC1,EMT,Epithelial Markers,epithelial_markers_louvain_1,Luminal Epithelial Identity,49
NQO1,EMT,Epithelial Markers,epithelial_markers_louvain_1,Luminal Epithelial Identity,49
PALB2,EMT,Epithelial Markers,epithelial_markers_louvain_1,Luminal Epithelial Identity,49
PHLDA2,EMT,Epithelial Markers,epithelial_markers_louvain_1,Luminal Epithelial Identity,49
PLPP2,EMT,Epithelial Markers,epithelial_markers_louvain_1,Luminal Epithelial Identity,49
PSCA,EMT,Epithelial Markers,epithelial_markers_louvain_1,Luminal Epithelial Identity,49
RHOA,EMT,Epithelial Markers,epithelial_markers_louvain_1,Luminal Epithelial Identity,49
RNF128,EMT,Epithelial Markers,epithelial_markers_louvain_1,Luminal Epithelial Identity,49
SLC22A18,EMT,Epithelial Markers,epithelial_markers_louvain_1,Luminal Epithelial Identity,49
SORD,EMT,Epithelial Markers,epithelial_markers_louvain_1,Luminal Epithelial Identity,49
SPAG1,EMT,Epithelial Markers,epithelial_markers_louvain_1,Luminal Epithelial Identity,49
SPDEF,EMT,Epithelial Markers,epithelial_markers_louvain_1,Luminal Epithelial Identity,49
TACSTD2,EMT,Epithelial Markers,epithelial_markers_louvain_1,Luminal Epithelial Identity,49
TFF1,EMT,Epithelial Markers,epithelial_markers_louvain_1,Luminal Epithelial Identity,49
TFF3,EMT,Epithelial Markers,epithelial_markers_louvain_1,Luminal Epithelial Identity,49
TOX3,EMT,Epithelial Markers,epithelial_markers_louvain_1,Luminal Epithelial Identity,49
TSPAN8,EMT,Epithelial Markers,epithelial_markers_louvain_1,Luminal Epithelial Identity,49
YWHAB,EMT,Epithelial Markers,epithelial_markers_louvain_1,Luminal Epithelial Identity,49
YWHAZ,EMT,Epithelial Markers,epithelial_markers_louvain_1,Luminal Epithelial Identity,49
ACTB,EMT,Epithelial Markers,epithelial_markers_louvain_0,Stress-Responsive Signalling,31
ACVR2A,EMT,Epithelial Markers,epithelial_markers_louvain_0,Stress-Responsive Signalling,31
CEP170,EMT,Epithelial Markers,epithelial_markers_louvain_0,Stress-Responsive Signalling,31
CORO2A,EMT,Epithelial Markers,epithelial_markers_louvain_0,Stress-Responsive Signalling,31
CSF3,EMT,Epithelial Markers,epithelial_markers_louvain_0,Stress-Responsive Signalling,31
CYB561,EMT,Epithelial Markers,epithelial_markers_louvain_0,Stress-Responsive Signalling,31
CYBB,EMT,Epithelial Markers,epithelial_markers_louvain_0,Stress-Responsive Signalling,31
DCN,EMT,Epithelial Markers,epithelial_markers_louvain_0,Stress-Responsive Signalling,31
DHCR24,EMT,Epithelial Markers,epithelial_markers_louvain_0,Stress-Responsive Signalling,31
DSPP,EMT,Epithelial Markers,epithelial_markers_louvain_0,Stress-Responsive Signalling,31
EGFR,EMT,Epithelial Markers,epithelial_markers_louvain_0,Stress-Responsive Signalling,31
EPB41L4B,EMT,Epithelial Markers,epithelial_markers_louvain_0,Stress-Responsive Signalling,31
FAM174B,EMT,Epithelial Markers,epithelial_markers_louvain_0,Stress-Responsive Signalling,31
HDHD3,EMT,Epithelial Markers,epithelial_markers_louvain_0,Stress-Responsive Signalling,31
IL20RA,EMT,Epithelial Markers,epithelial_markers_louvain_0,Stress-Responsive Signalling,31
INAVA,EMT,Epithelial Markers,epithelial_markers_louvain_0,Stress-Responsive Signalling,31
LRP6,EMT,Epithelial Markers,epithelial_markers_louvain_0,Stress-Responsive Signalling,31
MANSC1,EMT,Epithelial Markers,epithelial_markers_louvain_0,Stress-Responsive Signalling,31
MAP7,EMT,Epithelial Markers,epithelial_markers_louvain_0,Stress-Responsive Signalling,31
MAPK1,EMT,Epithelial Markers,epithelial_markers_louvain_0,Stress-Responsive Signalling,31
MAPK13,EMT,Epithelial Markers,epithelial_markers_louvain_0,Stress-Responsive Signalling,31
MDM2,EMT,Epithelial Markers,epithelial_markers_louvain_0,Stress-Responsive Signalling,31
NT5E,EMT,Epithelial Markers,epithelial_markers_louvain_0,Stress-Responsive Signalling,31
PTPRF,EMT,Epithelial Markers,epithelial_markers_louvain_0,Stress-Responsive Signalling,31
RGMA,EMT,Epithelial Markers,epithelial_markers_louvain_0,Stress-Responsive Signalling,31
RSPO4,EMT,Epithelial Markers,epithelial_markers_louvain_0,Stress-Responsive Signalling,31
RXRA,EMT,Epithelial Markers,epithelial_markers_louvain_0,Stress-Responsive Signalling,31
THBS1,EMT,Epithelial Markers,epithelial_markers_louvain_0,Stress-Responsive Signalling,31
TOM1L1,EMT,Epithelial Markers,epithelial_markers_louvain_0,Stress-Responsive Signalling,31
TUFT1,EMT,Epithelial Markers,epithelial_markers_louvain_0,Stress-Responsive Signalling,31
YWHAE,EMT,Epithelial Markers,epithelial_markers_louvain_0,Stress-Responsive Signalling,31
ACTA2,EMT,Mesenchymal Markers,mesenchymal_markers_louvain_0,Actomyosin Contractility,52
AKAP12,EMT,Mesenchymal Markers,mesenchymal_markers_louvain_0,Actomyosin Contractility,52
ANXA2,EMT,Mesenchymal Markers,mesenchymal_markers_louvain_0,Actomyosin Contractility,52
AP1S2,EMT,Mesenchymal Markers,mesenchymal_markers_louvain_0,Actomyosin Contractility,52
ARRB1,EMT,Mesenchymal Markers,mesenchymal_markers_louvain_0,Actomyosin Contractility,52
BASP1,EMT,Mesenchymal Markers,mesenchymal_markers_louvain_0,Actomyosin Contractility,52
CALD1,EMT,Mesenchymal Markers,mesenchymal_markers_louvain_0,Actomyosin Contractility,52
CAP2,EMT,Mesenchymal Markers,mesenchymal_markers_louvain_0,Actomyosin Contractility,52
CAPG,EMT,Mesenchymal Markers,mesenchymal_markers_louvain_0,Actomyosin Contractility,52
CAVIN1,EMT,Mesenchymal Markers,mesenchymal_markers_louvain_0,Actomyosin Contractility,52
CEP170,EMT,Mesenchymal Markers,mesenchymal_markers_louvain_0,Actomyosin Contractility,52
CHN1,EMT,Mesenchymal Markers,mesenchymal_markers_louvain_0,Actomyosin Contractility,52
CRYAB,EMT,Mesenchymal Markers,mesenchymal_markers_louvain_0,Actomyosin Contractility,52
CSRP2,EMT,Mesenchymal Markers,mesenchymal_markers_louvain_0,Actomyosin Contractility,52
CTNNB1,EMT,Mesenchymal Markers,mesenchymal_markers_louvain_0,Actomyosin Contractility,52
EGFR,EMT,Mesenchymal Markers,mesenchymal_markers_louvain_0,Actomyosin Contractility,52
FHL1,EMT,Mesenchymal Markers,mesenchymal_markers_louvain_0,Actomyosin Contractility,52
FLNA,EMT,Mesenchymal Markers,mesenchymal_markers_louvain_0,Actomyosin Contractility,52
GAPDH,EMT,Mesenchymal Markers,mesenchymal_markers_louvain_0,Actomyosin Contractility,52
GEM,EMT,Mesenchymal Markers,mesenchymal_markers_louvain_0,Actomyosin Contractility,52
GFAP,EMT,Mesenchymal Markers,mesenchymal_markers_louvain_0,Actomyosin Contractility,52
GFPT2,EMT,Mesenchymal Markers,mesenchymal_markers_louvain_0,Actomyosin Contractility,52
GPM6B,EMT,Mesenchymal Markers,mesenchymal_markers_louvain_0,Actomyosin Contractility,52
GUCY1B1,EMT,Mesenchymal Markers,mesenchymal_markers_louvain_0,Actomyosin Contractility,52
HEG1,EMT,Mesenchymal Markers,mesenchymal_markers_louvain_0,Actomyosin Contractility,52
IFFO1,EMT,Mesenchymal Markers,mesenchymal_markers_louvain_0,Actomyosin Contractility,52
MCM7,EMT,Mesenchymal Markers,mesenchymal_markers_louvain_0,Actomyosin Contractility,52
MYH10,EMT,Mesenchymal Markers,mesenchymal_markers_louvain_0,Actomyosin Contractility,52
MYL9,EMT,Mesenchymal Markers,mesenchymal_markers_louvain_0,Actomyosin Contractility,52
MYLK,EMT,Mesenchymal Markers,mesenchymal_markers_louvain_0,Actomyosin Contractility,52
NNMT,EMT,Mesenchymal Markers,mesenchymal_markers_louvain_0,Actomyosin Contractility,52
PFN2,EMT,Mesenchymal Markers,mesenchymal_markers_louvain_0,Actomyosin Contractility,52
PMEPA1,EMT,Mesenchymal Markers,mesenchymal_markers_louvain_0,Actomyosin Contractility,52
RHOA,EMT,Mesenchymal Markers,mesenchymal_markers_louvain_0,Actomyosin Contractility,52
RHOB,EMT,Mesenchymal Markers,mesenchymal_markers_louvain_0,Actomyosin Contractility,52
SACS,EMT,Mesenchymal Markers,mesenchymal_markers_louvain_0,Actomyosin Contractility,52
SAT1,EMT,Mesenchymal Markers,mesenchymal_markers_louvain_0,Actomyosin Contractility,52
SEPTIN6,EMT,Mesenchymal Markers,mesenchymal_markers_louvain_0,Actomyosin Contractility,52
SGCB,EMT,Mesenchymal Markers,mesenchymal_markers_louvain_0,Actomyosin Contractility,52
SGCD,EMT,Mesenchymal Markers,mesenchymal_markers_louvain_0,Actomyosin Contractility,52
SGCG,EMT,Mesenchymal Markers,mesenchymal_markers_louvain_0,Actomyosin Contractility,52
SLC6A8,EMT,Mesenchymal Markers,mesenchymal_markers_louvain_0,Actomyosin Contractility,52
SMAD2,EMT,Mesenchymal Markers,mesenchymal_markers_louvain_0,Actomyosin Contractility,52
SNTB1,EMT,Mesenchymal Markers,mesenchymal_markers_louvain_0,Actomyosin Contractility,52
SYNM,EMT,Mesenchymal Markers,mesenchymal_markers_louvain_0,Actomyosin Contractility,52
TAGLN,EMT,Mesenchymal Markers,mesenchymal_markers_louvain_0,Actomyosin Contractility,52
TP53,EMT,Mesenchymal Markers,mesenchymal_markers_louvain_0,Actomyosin Contractility,52
TPM1,EMT,Mesenchymal Markers,mesenchymal_markers_louvain_0,Actomyosin Contractility,52
TPM2,EMT,Mesenchymal Markers,mesenchymal_markers_louvain_0,Actomyosin Contractility,52
TPM4,EMT,Mesenchymal Markers,mesenchymal_markers_louvain_0,Actomyosin Contractility,52
YWHAB,EMT,Mesenchymal Markers,mesenchymal_markers_louvain_0,Actomyosin Contractility,52
YWHAE,EMT,Mesenchymal Markers,mesenchymal_markers_louvain_0,Actomyosin Contractility,52
ADAM12,EMT,Mesenchymal Markers,mesenchymal_markers_louvain_7,Collagen Fibril Organisation,61
BMP1,EMT,Mesenchymal Markers,mesenchymal_markers_louvain_7,Collagen Fibril Organisation,61
BNC2,EMT,Mesenchymal Markers,mesenchymal_markers_louvain_7,Collagen Fibril Organisation,61
CALU,EMT,Mesenchymal Markers,mesenchymal_markers_louvain_7,Collagen Fibril Organisation,61
CHRDL1,EMT,Mesenchymal Markers,mesenchymal_markers_louvain_7,Collagen Fibril Organisation,61
COL11A1,EMT,Mesenchymal Markers,mesenchymal_markers_louvain_7,Collagen Fibril Organisation,61
COL12A1,EMT,Mesenchymal Markers,mesenchymal_markers_louvain_7,Collagen Fibril Organisation,61
COL14A1,EMT,Mesenchymal Markers,mesenchymal_markers_louvain_7,Collagen Fibril Organisation,61
COL15A1,EMT,Mesenchymal Markers,mesenchymal_markers_louvain_7,Collagen Fibril Organisation,61
COL16A1,EMT,Mesenchymal Markers,mesenchymal_markers_louvain_7,Collagen Fibril Organisation,61
COL1A1,EMT,Mesenchymal Markers,mesenchymal_markers_louvain_7,Collagen Fibril Organisation,61
COL1A2,EMT,Mesenchymal Markers,mesenchymal_markers_louvain_7,Collagen Fibril Organisation,61
COL3A1,EMT,Mesenchymal Markers,mesenchymal_markers_louvain_7,Collagen Fibril Organisation,61
COL4A1,EMT,Mesenchymal Markers,mesenchymal_markers_louvain_7,Collagen Fibril Organisation,61
COL4A2,EMT,Mesenchymal Markers,mesenchymal_markers_louvain_7,Collagen Fibril Organisation,61
COL5A1,EMT,Mesenchymal Markers,mesenchymal_markers_louvain_7,Collagen Fibril Organisation,61
COL5A2,EMT,Mesenchymal Markers,mesenchymal_markers_louvain_7,Collagen Fibril Organisation,61
COL5A3,EMT,Mesenchymal Markers,mesenchymal_markers_louvain_7,Collagen Fibril Organisation,61
COL6A1,EMT,Mesenchymal Markers,mesenchymal_markers_louvain_7,Collagen Fibril Organisation,61
COL6A2,EMT,Mesenchymal Markers,mesenchymal_markers_louvain_7,Collagen Fibril Organisation,61
COL6A3,EMT,Mesenchymal Markers,mesenchymal_markers_louvain_7,Collagen Fibril Organisation,61
COL7A1,EMT,Mesenchymal Markers,mesenchymal_markers_louvain_7,Collagen Fibril Organisation,61
COL8A2,EMT,Mesenchymal Markers,mesenchymal_markers_louvain_7,Collagen Fibril Organisation,61
COLGALT1,EMT,Mesenchymal Markers,mesenchymal_markers_louvain_7,Collagen Fibril Organisation,61
CTHRC1,EMT,Mesenchymal Markers,mesenchymal_markers_louvain_7,Collagen Fibril Organisation,61
DDR2,EMT,Mesenchymal Markers,mesenchymal_markers_louvain_7,Collagen Fibril Organisation,61
EFEMP1,EMT,Mesenchymal Markers,mesenchymal_markers_louvain_7,Collagen Fibril Organisation,61
EFEMP2,EMT,Mesenchymal Markers,mesenchymal_markers_louvain_7,Collagen Fibril Organisation,61
ELN,EMT,Mesenchymal Markers,mesenchymal_markers_louvain_7,Collagen Fibril Organisation,61
FBLN1,EMT,Mesenchymal Markers,mesenchymal_markers_louvain_7,Collagen Fibril Organisation,61
FBLN2,EMT,Mesenchymal Markers,mesenchymal_markers_louvain_7,Collagen Fibril Organisation,61
FBLN5,EMT,Mesenchymal Markers,mesenchymal_markers_louvain_7,Collagen Fibril Organisation,61
FBN1,EMT,Mesenchymal Markers,mesenchymal_markers_louvain_7,Collagen Fibril Organisation,61
FBN2,EMT,Mesenchymal Markers,mesenchymal_markers_louvain_7,Collagen Fibril Organisation,61
FSTL1,EMT,Mesenchymal Markers,mesenchymal_markers_louvain_7,Collagen Fibril Organisation,61
FSTL3,EMT,Mesenchymal Markers,mesenchymal_markers_louvain_7,Collagen Fibril Organisation,61
FUCA1,EMT,Mesenchymal Markers,mesenchymal_markers_louvain_7,Collagen Fibril Organisation,61
GREM1,EMT,Mesenchymal Markers,mesenchymal_markers_louvain_7,Collagen Fibril Organisation,61
INHBA,EMT,Mesenchymal Markers,mesenchymal_markers_louvain_7,Collagen Fibril Organisation,61
ISLR,EMT,Mesenchymal Markers,mesenchymal_markers_louvain_7,Collagen Fibril Organisation,61
JCAD,EMT,Mesenchymal Markers,mesenchymal_markers_louvain_7,Collagen Fibril Organisation,61
LOX,EMT,Mesenchymal Markers,mesenchymal_markers_louvain_7,Collagen Fibril Organisation,61
LOXL1,EMT,Mesenchymal Markers,mesenchymal_markers_louvain_7,Collagen Fibril Organisation,61
LOXL2,EMT,Mesenchymal Markers,mesenchymal_markers_louvain_7,Collagen Fibril Organisation,61
MFAP4,EMT,Mesenchymal Markers,mesenchymal_markers_louvain_7,Collagen Fibril Organisation,61
MFAP5,EMT,Mesenchymal Markers,mesenchymal_markers_louvain_7,Collagen Fibril Organisation,61
MOXD1,EMT,Mesenchymal Markers,mesenchymal_markers_louvain_7,Collagen Fibril Organisation,61
MXRA5,EMT,Mesenchymal Markers,mesenchymal_markers_louvain_7,Collagen Fibril Organisation,61
NID2,EMT,Mesenchymal Markers,mesenchymal_markers_louvain_7,Collagen Fibril Organisation,61
OLFML2B,EMT,Mesenchymal Markers,mesenchymal_markers_louvain_7,Collagen Fibril Organisation,61
P3H1,EMT,Mesenchymal Markers,mesenchymal_markers_louvain_7,Collagen Fibril Organisation,61
PCOLCE,EMT,Mesenchymal Markers,mesenchymal_markers_louvain_7,Collagen Fibril Organisation,61
PCOLCE2,EMT,Mesenchymal Markers,mesenchymal_markers_louvain_7,Collagen Fibril Organisation,61
PLOD1,EMT,Mesenchymal Markers,mesenchymal_markers_louvain_7,Collagen Fibril Organisation,61
PLOD2,EMT,Mesenchymal Markers,mesenchymal_markers_louvain_7,Collagen Fibril Organisation,61
PLOD3,EMT,Mesenchymal Markers,mesenchymal_markers_louvain_7,Collagen Fibril Organisation,61
PPIB,EMT,Mesenchymal Markers,mesenchymal_markers_louvain_7,Collagen Fibril Organisation,61
SERPINH1,EMT,Mesenchymal Markers,mesenchymal_markers_louvain_7,Collagen Fibril Organisation,61
TIMP3,EMT,Mesenchymal Markers,mesenchymal_markers_louvain_7,Collagen Fibril Organisation,61
TNFRSF11B,EMT,Mesenchymal Markers,mesenchymal_markers_louvain_7,Collagen Fibril Organisation,61
ZCCHC24,EMT,Mesenchymal Markers,mesenchymal_markers_louvain_7,Collagen Fibril Organisation,61
ABI3,EMT,Mesenchymal Markers,mesenchymal_markers_louvain_4,Cytokine & Chemokine Signalling,30
ABI3BP,EMT,Mesenchymal Markers,mesenchymal_markers_louvain_4,Cytokine & Chemokine Signalling,30
CCL2,EMT,Mesenchymal Markers,mesenchymal_markers_louvain_4,Cytokine & Chemokine Signalling,30
CCL8,EMT,Mesenchymal Markers,mesenchymal_markers_louvain_4,Cytokine & Chemokine Signalling,30
CD163,EMT,Mesenchymal Markers,mesenchymal_markers_louvain_4,Cytokine & Chemokine Signalling,30
CSF2RB,EMT,Mesenchymal Markers,mesenchymal_markers_louvain_4,Cytokine & Chemokine Signalling,30
CXCL1,EMT,Mesenchymal Markers,mesenchymal_markers_louvain_4,Cytokine & Chemokine Signalling,30
CXCL12,EMT,Mesenchymal Markers,mesenchymal_markers_louvain_4,Cytokine & Chemokine Signalling,30
CXCL13,EMT,Mesenchymal Markers,mesenchymal_markers_louvain_4,Cytokine & Chemokine Signalling,30
CXCL6,EMT,Mesenchymal Markers,mesenchymal_markers_louvain_4,Cytokine & Chemokine Signalling,30
CXCL8,EMT,Mesenchymal Markers,mesenchymal_markers_louvain_4,Cytokine & Chemokine Signalling,30
CXCR4,EMT,Mesenchymal Markers,mesenchymal_markers_louvain_4,Cytokine & Chemokine Signalling,30
F13A1,EMT,Mesenchymal Markers,mesenchymal_markers_louvain_4,Cytokine & Chemokine Signalling,30
FGL2,EMT,Mesenchymal Markers,mesenchymal_markers_louvain_4,Cytokine & Chemokine Signalling,30
GIMAP4,EMT,Mesenchymal Markers,mesenchymal_markers_louvain_4,Cytokine & Chemokine Signalling,30
GIMAP6,EMT,Mesenchymal Markers,mesenchymal_markers_louvain_4,Cytokine & Chemokine Signalling,30
GZMK,EMT,Mesenchymal Markers,mesenchymal_markers_louvain_4,Cytokine & Chemokine Signalling,30
IL10RA,EMT,Mesenchymal Markers,mesenchymal_markers_louvain_4,Cytokine & Chemokine Signalling,30
IL15,EMT,Mesenchymal Markers,mesenchymal_markers_louvain_4,Cytokine & Chemokine Signalling,30
IL32,EMT,Mesenchymal Markers,mesenchymal_markers_louvain_4,Cytokine & Chemokine Signalling,30
MRC1,EMT,Mesenchymal Markers,mesenchymal_markers_louvain_4,Cytokine & Chemokine Signalling,30
MS4A4A,EMT,Mesenchymal Markers,mesenchymal_markers_louvain_4,Cytokine & Chemokine Signalling,30
MS4A6A,EMT,Mesenchymal Markers,mesenchymal_markers_louvain_4,Cytokine & Chemokine Signalling,30
OLFML3,EMT,Mesenchymal Markers,mesenchymal_markers_louvain_4,Cytokine & Chemokine Signalling,30
PVR,EMT,Mesenchymal Markers,mesenchymal_markers_louvain_4,Cytokine & Chemokine Signalling,30
SLIT2,EMT,Mesenchymal Markers,mesenchymal_markers_louvain_4,Cytokine & Chemokine Signalling,30
SLIT3,EMT,Mesenchymal Markers,mesenchymal_markers_louvain_4,Cytokine & Chemokine Signalling,30
TNFAIP3,EMT,Mesenchymal Markers,mesenchymal_markers_louvain_4,Cytokine & Chemokine Signalling,30
TNFRSF12A,EMT,Mesenchymal Markers,mesenchymal_markers_louvain_4,Cytokine & Chemokine Signalling,30
VSIG4,EMT,Mesenchymal Markers,mesenchymal_markers_louvain_4,Cytokine & Chemokine Signalling,30
ANGPTL2,EMT,Mesenchymal Markers,mesenchymal_markers_louvain_1,ECM-Receptor Interaction,35
ANK2,EMT,Mesenchymal Markers,mesenchymal_markers_louvain_1,ECM-Receptor Interaction,35
COMP,EMT,Mesenchymal Markers,mesenchymal_markers_louvain_1,ECM-Receptor Interaction,35
COPA,EMT,Mesenchymal Markers,mesenchymal_markers_louvain_1,ECM-Receptor Interaction,35
CRLF1,EMT,Mesenchymal Markers,mesenchymal_markers_louvain_1,ECM-Receptor Interaction,35
DPYSL3,EMT,Mesenchymal Markers,mesenchymal_markers_louvain_1,ECM-Receptor Interaction,35
DST,EMT,Mesenchymal Markers,mesenchymal_markers_louvain_1,ECM-Receptor Interaction,35
DTNA,EMT,Mesenchymal Markers,mesenchymal_markers_louvain_1,ECM-Receptor Interaction,35
EDIL3,EMT,Mesenchymal Markers,mesenchymal_markers_louvain_1,ECM-Receptor Interaction,35
FERMT2,EMT,Mesenchymal Markers,mesenchymal_markers_louvain_1,ECM-Receptor Interaction,35
FLRT2,EMT,Mesenchymal Markers,mesenchymal_markers_louvain_1,ECM-Receptor Interaction,35
FN1,EMT,Mesenchymal Markers,mesenchymal_markers_louvain_1,ECM-Receptor Interaction,35
ITGA2,EMT,Mesenchymal Markers,mesenchymal_markers_louvain_1,ECM-Receptor Interaction,35
ITGA5,EMT,Mesenchymal Markers,mesenchymal_markers_louvain_1,ECM-Receptor Interaction,35
ITGAV,EMT,Mesenchymal Markers,mesenchymal_markers_louvain_1,ECM-Receptor Interaction,35
ITGB1,EMT,Mesenchymal Markers,mesenchymal_markers_louvain_1,ECM-Receptor Interaction,35
ITGB3,EMT,Mesenchymal Markers,mesenchymal_markers_louvain_1,ECM-Receptor Interaction,35
ITGB5,EMT,Mesenchymal Markers,mesenchymal_markers_louvain_1,ECM-Receptor Interaction,35
JAM2,EMT,Mesenchymal Markers,mesenchymal_markers_louvain_1,ECM-Receptor Interaction,35
JAM3,EMT,Mesenchymal Markers,mesenchymal_markers_louvain_1,ECM-Receptor Interaction,35
LAMA1,EMT,Mesenchymal Markers,mesenchymal_markers_louvain_1,ECM-Receptor Interaction,35
LAMA2,EMT,Mesenchymal Markers,mesenchymal_markers_louvain_1,ECM-Receptor Interaction,35
LAMA3,EMT,Mesenchymal Markers,mesenchymal_markers_louvain_1,ECM-Receptor Interaction,35
LAMC1,EMT,Mesenchymal Markers,mesenchymal_markers_louvain_1,ECM-Receptor Interaction,35
LAMC2,EMT,Mesenchymal Markers,mesenchymal_markers_louvain_1,ECM-Receptor Interaction,35
LGALS1,EMT,Mesenchymal Markers,mesenchymal_markers_louvain_1,ECM-Receptor Interaction,35
MAGEE1,EMT,Mesenchymal Markers,mesenchymal_markers_louvain_1,ECM-Receptor Interaction,35
MAP1B,EMT,Mesenchymal Markers,mesenchymal_markers_louvain_1,ECM-Receptor Interaction,35
PDLIM4,EMT,Mesenchymal Markers,mesenchymal_markers_louvain_1,ECM-Receptor Interaction,35
QSOX1,EMT,Mesenchymal Markers,mesenchymal_markers_louvain_1,ECM-Receptor Interaction,35
SYNE1,EMT,Mesenchymal Markers,mesenchymal_markers_louvain_1,ECM-Receptor Interaction,35
SYNE3,EMT,Mesenchymal Markers,mesenchymal_markers_louvain_1,ECM-Receptor Interaction,35
TGM2,EMT,Mesenchymal Markers,mesenchymal_markers_louvain_1,ECM-Receptor Interaction,35
TNC,EMT,Mesenchymal Markers,mesenchymal_markers_louvain_1,ECM-Receptor Interaction,35
TNS1,EMT,Mesenchymal Markers,mesenchymal_markers_louvain_1,ECM-Receptor Interaction,35
APLP1,EMT,Mesenchymal Markers,mesenchymal_markers_louvain_5,EMT Transcription Factors,42
CDH11,EMT,Mesenchymal Markers,mesenchymal_markers_louvain_5,EMT Transcription Factors,42
CDH2,EMT,Mesenchymal Markers,mesenchymal_markers_louvain_5,EMT Transcription Factors,42
CDH6,EMT,Mesenchymal Markers,mesenchymal_markers_louvain_5,EMT Transcription Factors,42
CRISPLD2,EMT,Mesenchymal Markers,mesenchymal_markers_louvain_5,EMT Transcription Factors,42
CYP1B1,EMT,Mesenchymal Markers,mesenchymal_markers_louvain_5,EMT Transcription Factors,42
DAB2,EMT,Mesenchymal Markers,mesenchymal_markers_louvain_5,EMT Transcription Factors,42
DKK1,EMT,Mesenchymal Markers,mesenchymal_markers_louvain_5,EMT Transcription Factors,42
EMP3,EMT,Mesenchymal Markers,mesenchymal_markers_louvain_5,EMT Transcription Factors,42
FLI1,EMT,Mesenchymal Markers,mesenchymal_markers_louvain_5,EMT Transcription Factors,42
FOXC2,EMT,Mesenchymal Markers,mesenchymal_markers_louvain_5,EMT Transcription Factors,42
FXYD5,EMT,Mesenchymal Markers,mesenchymal_markers_louvain_5,EMT Transcription Factors,42
FXYD6,EMT,Mesenchymal Markers,mesenchymal_markers_louvain_5,EMT Transcription Factors,42
FZD8,EMT,Mesenchymal Markers,mesenchymal_markers_louvain_5,EMT Transcription Factors,42
GAS1,EMT,Mesenchymal Markers,mesenchymal_markers_louvain_5,EMT Transcription Factors,42
GJA1,EMT,Mesenchymal Markers,mesenchymal_markers_louvain_5,EMT Transcription Factors,42
ID2,EMT,Mesenchymal Markers,mesenchymal_markers_louvain_5,EMT Transcription Factors,42
KCNJ8,EMT,Mesenchymal Markers,mesenchymal_markers_louvain_5,EMT Transcription Factors,42
MPDZ,EMT,Mesenchymal Markers,mesenchymal_markers_louvain_5,EMT Transcription Factors,42
MSX1,EMT,Mesenchymal Markers,mesenchymal_markers_louvain_5,EMT Transcription Factors,42
PLN,EMT,Mesenchymal Markers,mesenchymal_markers_louvain_5,EMT Transcription Factors,42
PMP22,EMT,Mesenchymal Markers,mesenchymal_markers_louvain_5,EMT Transcription Factors,42
PRRX1,EMT,Mesenchymal Markers,mesenchymal_markers_louvain_5,EMT Transcription Factors,42
QKI,EMT,Mesenchymal Markers,mesenchymal_markers_louvain_5,EMT Transcription Factors,42
RUNX1T1,EMT,Mesenchymal Markers,mesenchymal_markers_louvain_5,EMT Transcription Factors,42
SFRP1,EMT,Mesenchymal Markers,mesenchymal_markers_louvain_5,EMT Transcription Factors,42
SFRP4,EMT,Mesenchymal Markers,mesenchymal_markers_louvain_5,EMT Transcription Factors,42
SNAI1,EMT,Mesenchymal Markers,mesenchymal_markers_louvain_5,EMT Transcription Factors,42
SNAI2,EMT,Mesenchymal Markers,mesenchymal_markers_louvain_5,EMT Transcription Factors,42
STON1,EMT,Mesenchymal Markers,mesenchymal_markers_louvain_5,EMT Transcription Factors,42
SYT11,EMT,Mesenchymal Markers,mesenchymal_markers_louvain_5,EMT Transcription Factors,42
TCF4,EMT,Mesenchymal Markers,mesenchymal_markers_louvain_5,EMT Transcription Factors,42
TUBA1A,EMT,Mesenchymal Markers,mesenchymal_markers_louvain_5,EMT Transcription Factors,42
TUBB6,EMT,Mesenchymal Markers,mesenchymal_markers_louvain_5,EMT Transcription Factors,42
TWIST1,EMT,Mesenchymal Markers,mesenchymal_markers_louvain_5,EMT Transcription Factors,42
TWIST2,EMT,Mesenchymal Markers,mesenchymal_markers_louvain_5,EMT Transcription Factors,42
VIM,EMT,Mesenchymal Markers,mesenchymal_markers_louvain_5,EMT Transcription Factors,42
WIPF1,EMT,Mesenchymal Markers,mesenchymal_markers_louvain_5,EMT Transcription Factors,42
WNT5A,EMT,Mesenchymal Markers,mesenchymal_markers_louvain_5,EMT Transcription Factors,42
ZEB1,EMT,Mesenchymal Markers,mesenchymal_markers_louvain_5,EMT Transcription Factors,42
ZEB2,EMT,Mesenchymal Markers,mesenchymal_markers_louvain_5,EMT Transcription Factors,42
ZFPM2,EMT,Mesenchymal Markers,mesenchymal_markers_louvain_5,EMT Transcription Factors,42
AKT3,EMT,Mesenchymal Markers,mesenchymal_markers_louvain_2,Growth Factor Signalling,27
BDNF,EMT,Mesenchymal Markers,mesenchymal_markers_louvain_2,Growth Factor Signalling,27
CAV1,EMT,Mesenchymal Markers,mesenchymal_markers_louvain_2,Growth Factor Signalling,27
CDK14,EMT,Mesenchymal Markers,mesenchymal_markers_louvain_2,Growth Factor Signalling,27
CLIC4,EMT,Mesenchymal Markers,mesenchymal_markers_louvain_2,Growth Factor Signalling,27
FAS,EMT,Mesenchymal Markers,mesenchymal_markers_louvain_2,Growth Factor Signalling,27
FYN,EMT,Mesenchymal Markers,mesenchymal_markers_louvain_2,Growth Factor Signalling,27
GLYR1,EMT,Mesenchymal Markers,mesenchymal_markers_louvain_2,Growth Factor Signalling,27
GNG11,EMT,Mesenchymal Markers,mesenchymal_markers_louvain_2,Growth Factor Signalling,27
GPX7,EMT,Mesenchymal Markers,mesenchymal_markers_louvain_2,Growth Factor Signalling,27
JUN,EMT,Mesenchymal Markers,mesenchymal_markers_louvain_2,Growth Factor Signalling,27
MAF,EMT,Mesenchymal Markers,mesenchymal_markers_louvain_2,Growth Factor Signalling,27
MAFB,EMT,Mesenchymal Markers,mesenchymal_markers_louvain_2,Growth Factor Signalling,27
MAPK1,EMT,Mesenchymal Markers,mesenchymal_markers_louvain_2,Growth Factor Signalling,27
MEOX2,EMT,Mesenchymal Markers,mesenchymal_markers_louvain_2,Growth Factor Signalling,27
NAP1L3,EMT,Mesenchymal Markers,mesenchymal_markers_louvain_2,Growth Factor Signalling,27
NR3C1,EMT,Mesenchymal Markers,mesenchymal_markers_louvain_2,Growth Factor Signalling,27
OXTR,EMT,Mesenchymal Markers,mesenchymal_markers_louvain_2,Growth Factor Signalling,27
PLEKHO1,EMT,Mesenchymal Markers,mesenchymal_markers_louvain_2,Growth Factor Signalling,27
PLXNC1,EMT,Mesenchymal Markers,mesenchymal_markers_louvain_2,Growth Factor Signalling,27
RGS2,EMT,Mesenchymal Markers,mesenchymal_markers_louvain_2,Growth Factor Signalling,27
RGS4,EMT,Mesenchymal Markers,mesenchymal_markers_louvain_2,Growth Factor Signalling,27
RPS6,EMT,Mesenchymal Markers,mesenchymal_markers_louvain_2,Growth Factor Signalling,27
SCG2,EMT,Mesenchymal Markers,mesenchymal_markers_louvain_2,Growth Factor Signalling,27
STAT3,EMT,Mesenchymal Markers,mesenchymal_markers_louvain_2,Growth Factor Signalling,27
TRPC1,EMT,Mesenchymal Markers,mesenchymal_markers_louvain_2,Growth Factor Signalling,27
VEGFA,EMT,Mesenchymal Markers,mesenchymal_markers_louvain_2,Growth Factor Signalling,27
ASPN,EMT,Mesenchymal Markers,mesenchymal_markers_louvain_6,Matricellular Proteins,26
BGN,EMT,Mesenchymal Markers,mesenchymal_markers_louvain_6,Matricellular Proteins,26
CTSK,EMT,Mesenchymal Markers,mesenchymal_markers_louvain_6,Matricellular Proteins,26
DCN,EMT,Mesenchymal Markers,mesenchymal_markers_louvain_6,Matricellular Proteins,26
DPT,EMT,Mesenchymal Markers,mesenchymal_markers_louvain_6,Matricellular Proteins,26
DSE,EMT,Mesenchymal Markers,mesenchymal_markers_louvain_6,Matricellular Proteins,26
ECM1,EMT,Mesenchymal Markers,mesenchymal_markers_louvain_6,Matricellular Proteins,26
ECM2,EMT,Mesenchymal Markers,mesenchymal_markers_louvain_6,Matricellular Proteins,26
FAP,EMT,Mesenchymal Markers,mesenchymal_markers_louvain_6,Matricellular Proteins,26
FMOD,EMT,Mesenchymal Markers,mesenchymal_markers_louvain_6,Matricellular Proteins,26
HTRA1,EMT,Mesenchymal Markers,mesenchymal_markers_louvain_6,Matricellular Proteins,26
LRRC15,EMT,Mesenchymal Markers,mesenchymal_markers_louvain_6,Matricellular Proteins,26
LUM,EMT,Mesenchymal Markers,mesenchymal_markers_louvain_6,Matricellular Proteins,26
MATN2,EMT,Mesenchymal Markers,mesenchymal_markers_louvain_6,Matricellular Proteins,26
MATN3,EMT,Mesenchymal Markers,mesenchymal_markers_louvain_6,Matricellular Proteins,26
MGP,EMT,Mesenchymal Markers,mesenchymal_markers_louvain_6,Matricellular Proteins,26
MUSK,EMT,Mesenchymal Markers,mesenchymal_markers_louvain_6,Matricellular Proteins,26
PDZRN3,EMT,Mesenchymal Markers,mesenchymal_markers_louvain_6,Matricellular Proteins,26
POSTN,EMT,Mesenchymal Markers,mesenchymal_markers_louvain_6,Matricellular Proteins,26
PRSS2,EMT,Mesenchymal Markers,mesenchymal_markers_louvain_6,Matricellular Proteins,26
SPARC,EMT,Mesenchymal Markers,mesenchymal_markers_louvain_6,Matricellular Proteins,26
SPARCL1,EMT,Mesenchymal Markers,mesenchymal_markers_louvain_6,Matricellular Proteins,26
SRPX,EMT,Mesenchymal Markers,mesenchymal_markers_louvain_6,Matricellular Proteins,26
TGFBI,EMT,Mesenchymal Markers,mesenchymal_markers_louvain_6,Matricellular Proteins,26
THBS2,EMT,Mesenchymal Markers,mesenchymal_markers_louvain_6,Matricellular Proteins,26
VCAN,EMT,Mesenchymal Markers,mesenchymal_markers_louvain_6,Matricellular Proteins,26
ANPEP,EMT,Mesenchymal Markers,mesenchymal_markers_louvain_3,Mesenchymal Secretome,75
AREG,EMT,Mesenchymal Markers,mesenchymal_markers_louvain_3,Mesenchymal Secretome,75
AXL,EMT,Mesenchymal Markers,mesenchymal_markers_louvain_3,Mesenchymal Secretome,75
BICC1,EMT,Mesenchymal Markers,mesenchymal_markers_louvain_3,Mesenchymal Secretome,75
C1R,EMT,Mesenchymal Markers,mesenchymal_markers_louvain_3,Mesenchymal Secretome,75
C1S,EMT,Mesenchymal Markers,mesenchymal_markers_louvain_3,Mesenchymal Secretome,75
CADM1,EMT,Mesenchymal Markers,mesenchymal_markers_louvain_3,Mesenchymal Secretome,75
CCN1,EMT,Mesenchymal Markers,mesenchymal_markers_louvain_3,Mesenchymal Secretome,75
CCN2,EMT,Mesenchymal Markers,mesenchymal_markers_louvain_3,Mesenchymal Secretome,75
CD44,EMT,Mesenchymal Markers,mesenchymal_markers_louvain_3,Mesenchymal Secretome,75
CD59,EMT,Mesenchymal Markers,mesenchymal_markers_louvain_3,Mesenchymal Secretome,75
CEACAM5,EMT,Mesenchymal Markers,mesenchymal_markers_louvain_3,Mesenchymal Secretome,75
CLEC2B,EMT,Mesenchymal Markers,mesenchymal_markers_louvain_3,Mesenchymal Secretome,75
COLEC12,EMT,Mesenchymal Markers,mesenchymal_markers_louvain_3,Mesenchymal Secretome,75
ENO2,EMT,Mesenchymal Markers,mesenchymal_markers_louvain_3,Mesenchymal Secretome,75
ENPP2,EMT,Mesenchymal Markers,mesenchymal_markers_louvain_3,Mesenchymal Secretome,75
EVI2A,EMT,Mesenchymal Markers,mesenchymal_markers_louvain_3,Mesenchymal Secretome,75
FGF2,EMT,Mesenchymal Markers,mesenchymal_markers_louvain_3,Mesenchymal Secretome,75
GADD45A,EMT,Mesenchymal Markers,mesenchymal_markers_louvain_3,Mesenchymal Secretome,75
GADD45B,EMT,Mesenchymal Markers,mesenchymal_markers_louvain_3,Mesenchymal Secretome,75
GLIPR1,EMT,Mesenchymal Markers,mesenchymal_markers_louvain_3,Mesenchymal Secretome,75
GPC1,EMT,Mesenchymal Markers,mesenchymal_markers_louvain_3,Mesenchymal Secretome,75
HMGA2,EMT,Mesenchymal Markers,mesenchymal_markers_louvain_3,Mesenchymal Secretome,75
ICAM1,EMT,Mesenchymal Markers,mesenchymal_markers_louvain_3,Mesenchymal Secretome,75
IGF1,EMT,Mesenchymal Markers,mesenchymal_markers_louvain_3,Mesenchymal Secretome,75
IGF1R,EMT,Mesenchymal Markers,mesenchymal_markers_louvain_3,Mesenchymal Secretome,75
IGFBP2,EMT,Mesenchymal Markers,mesenchymal_markers_louvain_3,Mesenchymal Secretome,75
IGFBP3,EMT,Mesenchymal Markers,mesenchymal_markers_louvain_3,Mesenchymal Secretome,75
IGFBP4,EMT,Mesenchymal Markers,mesenchymal_markers_louvain_3,Mesenchymal Secretome,75
IGFBP5,EMT,Mesenchymal Markers,mesenchymal_markers_louvain_3,Mesenchymal Secretome,75
IL6,EMT,Mesenchymal Markers,mesenchymal_markers_louvain_3,Mesenchymal Secretome,75
LHFPL6,EMT,Mesenchymal Markers,mesenchymal_markers_louvain_3,Mesenchymal Secretome,75
LRP1,EMT,Mesenchymal Markers,mesenchymal_markers_louvain_3,Mesenchymal Secretome,75
LY96,EMT,Mesenchymal Markers,mesenchymal_markers_louvain_3,Mesenchymal Secretome,75
MEST,EMT,Mesenchymal Markers,mesenchymal_markers_louvain_3,Mesenchymal Secretome,75
MMP1,EMT,Mesenchymal Markers,mesenchymal_markers_louvain_3,Mesenchymal Secretome,75
MMP14,EMT,Mesenchymal Markers,mesenchymal_markers_louvain_3,Mesenchymal Secretome,75
MMP2,EMT,Mesenchymal Markers,mesenchymal_markers_louvain_3,Mesenchymal Secretome,75
MMP3,EMT,Mesenchymal Markers,mesenchymal_markers_louvain_3,Mesenchymal Secretome,75
NOTCH2,EMT,Mesenchymal Markers,mesenchymal_markers_louvain_3,Mesenchymal Secretome,75
NT5E,EMT,Mesenchymal Markers,mesenchymal_markers_louvain_3,Mesenchymal Secretome,75
NTM,EMT,Mesenchymal Markers,mesenchymal_markers_louvain_3,Mesenchymal Secretome,75
NUAK1,EMT,Mesenchymal Markers,mesenchymal_markers_louvain_3,Mesenchymal Secretome,75
PDGFC,EMT,Mesenchymal Markers,mesenchymal_markers_louvain_3,Mesenchymal Secretome,75
PDGFRB,EMT,Mesenchymal Markers,mesenchymal_markers_louvain_3,Mesenchymal Secretome,75
PLAUR,EMT,Mesenchymal Markers,mesenchymal_markers_louvain_3,Mesenchymal Secretome,75
PTGDS,EMT,Mesenchymal Markers,mesenchymal_markers_louvain_3,Mesenchymal Secretome,75
PTGIS,EMT,Mesenchymal Markers,mesenchymal_markers_louvain_3,Mesenchymal Secretome,75
PTHLH,EMT,Mesenchymal Markers,mesenchymal_markers_louvain_3,Mesenchymal Secretome,75
PTPRC,EMT,Mesenchymal Markers,mesenchymal_markers_louvain_3,Mesenchymal Secretome,75
PTX3,EMT,Mesenchymal Markers,mesenchymal_markers_louvain_3,Mesenchymal Secretome,75
RARRES2,EMT,Mesenchymal Markers,mesenchymal_markers_louvain_3,Mesenchymal Secretome,75
RECK,EMT,Mesenchymal Markers,mesenchymal_markers_louvain_3,Mesenchymal Secretome,75
SAMSN1,EMT,Mesenchymal Markers,mesenchymal_markers_louvain_3,Mesenchymal Secretome,75
SDC1,EMT,Mesenchymal Markers,mesenchymal_markers_louvain_3,Mesenchymal Secretome,75
SDC2,EMT,Mesenchymal Markers,mesenchymal_markers_louvain_3,Mesenchymal Secretome,75
SDC4,EMT,Mesenchymal Markers,mesenchymal_markers_louvain_3,Mesenchymal Secretome,75
SERPINE1,EMT,Mesenchymal Markers,mesenchymal_markers_louvain_3,Mesenchymal Secretome,75
SERPINE2,EMT,Mesenchymal Markers,mesenchymal_markers_louvain_3,Mesenchymal Secretome,75
SERPINF1,EMT,Mesenchymal Markers,mesenchymal_markers_louvain_3,Mesenchymal Secretome,75
SERPING1,EMT,Mesenchymal Markers,mesenchymal_markers_louvain_3,Mesenchymal Secretome,75
SLC2A3,EMT,Mesenchymal Markers,mesenchymal_markers_louvain_3,Mesenchymal Secretome,75
SPOCK1,EMT,Mesenchymal Markers,mesenchymal_markers_louvain_3,Mesenchymal Secretome,75
SPP1,EMT,Mesenchymal Markers,mesenchymal_markers_louvain_3,Mesenchymal Secretome,75
SRGN,EMT,Mesenchymal Markers,mesenchymal_markers_louvain_3,Mesenchymal Secretome,75
TFPI2,EMT,Mesenchymal Markers,mesenchymal_markers_louvain_3,Mesenchymal Secretome,75
TGFB1,EMT,Mesenchymal Markers,mesenchymal_markers_louvain_3,Mesenchymal Secretome,75
TGFBR3,EMT,Mesenchymal Markers,mesenchymal_markers_louvain_3,Mesenchymal Secretome,75
THBS1,EMT,Mesenchymal Markers,mesenchymal_markers_louvain_3,Mesenchymal Secretome,75
THY1,EMT,Mesenchymal Markers,mesenchymal_markers_louvain_3,Mesenchymal Secretome,75
TIMP1,EMT,Mesenchymal Markers,mesenchymal_markers_louvain_3,Mesenchymal Secretome,75
UCHL1,EMT,Mesenchymal Markers,mesenchymal_markers_louvain_3,Mesenchymal Secretome,75
VCAM1,EMT,Mesenchymal Markers,mesenchymal_markers_louvain_3,Mesenchymal Secretome,75
VEGFC,EMT,Mesenchymal Markers,mesenchymal_markers_louvain_3,Mesenchymal Secretome,75
WWTR1,EMT,Mesenchymal Markers,mesenchymal_markers_louvain_3,Mesenchymal Secretome,75
AGRN,Fibrosis,Cell-Matrix Adhesion,cell-matrix_adhesion_louvain_3,Basement Membrane Organisation,24
COLEC12,Fibrosis,Cell-Matrix Adhesion,cell-matrix_adhesion_louvain_3,Basement Membrane Organisation,24
DAG1,Fibrosis,Cell-Matrix Adhesion,cell-matrix_adhesion_louvain_3,Basement Membrane Organisation,24
EXT1,Fibrosis,Cell-Matrix Adhesion,cell-matrix_adhesion_louvain_3,Basement Membrane Organisation,24
HSPG2,Fibrosis,Cell-Matrix Adhesion,cell-matrix_adhesion_louvain_3,Basement Membrane Organisation,24
ITGA6,Fibrosis,Cell-Matrix Adhesion,cell-matrix_adhesion_louvain_3,Basement Membrane Organisation,24
ITGA7,Fibrosis,Cell-Matrix Adhesion,cell-matrix_adhesion_louvain_3,Basement Membrane Organisation,24
LAMA1,Fibrosis,Cell-Matrix Adhesion,cell-matrix_adhesion_louvain_3,Basement Membrane Organisation,24
LAMA2,Fibrosis,Cell-Matrix Adhesion,cell-matrix_adhesion_louvain_3,Basement Membrane Organisation,24
LAMA3,Fibrosis,Cell-Matrix Adhesion,cell-matrix_adhesion_louvain_3,Basement Membrane Organisation,24
LAMA4,Fibrosis,Cell-Matrix Adhesion,cell-matrix_adhesion_louvain_3,Basement Membrane Organisation,24
LAMA5,Fibrosis,Cell-Matrix Adhesion,cell-matrix_adhesion_louvain_3,Basement Membrane Organisation,24
LAMB1,Fibrosis,Cell-Matrix Adhesion,cell-matrix_adhesion_louvain_3,Basement Membrane Organisation,24
LAMB2,Fibrosis,Cell-Matrix Adhesion,cell-matrix_adhesion_louvain_3,Basement Membrane Organisation,24
LAMB3,Fibrosis,Cell-Matrix Adhesion,cell-matrix_adhesion_louvain_3,Basement Membrane Organisation,24
LAMB4,Fibrosis,Cell-Matrix Adhesion,cell-matrix_adhesion_louvain_3,Basement Membrane Organisation,24
LAMC1,Fibrosis,Cell-Matrix Adhesion,cell-matrix_adhesion_louvain_3,Basement Membrane Organisation,24
LAMC2,Fibrosis,Cell-Matrix Adhesion,cell-matrix_adhesion_louvain_3,Basement Membrane Organisation,24
LAMC3,Fibrosis,Cell-Matrix Adhesion,cell-matrix_adhesion_louvain_3,Basement Membrane Organisation,24
LRP12,Fibrosis,Cell-Matrix Adhesion,cell-matrix_adhesion_louvain_3,Basement Membrane Organisation,24
NTNG2,Fibrosis,Cell-Matrix Adhesion,cell-matrix_adhesion_louvain_3,Basement Membrane Organisation,24
SV2A,Fibrosis,Cell-Matrix Adhesion,cell-matrix_adhesion_louvain_3,Basement Membrane Organisation,24
SV2B,Fibrosis,Cell-Matrix Adhesion,cell-matrix_adhesion_louvain_3,Basement Membrane Organisation,24
SV2C,Fibrosis,Cell-Matrix Adhesion,cell-matrix_adhesion_louvain_3,Basement Membrane Organisation,24
AKT1,Fibrosis,Cell-Matrix Adhesion,cell-matrix_adhesion_louvain_7,Cell Cycle G1/S Transition,26
AR,Fibrosis,Cell-Matrix Adhesion,cell-matrix_adhesion_louvain_7,Cell Cycle G1/S Transition,26
CCND1,Fibrosis,Cell-Matrix Adhesion,cell-matrix_adhesion_louvain_7,Cell Cycle G1/S Transition,26
CCND2,Fibrosis,Cell-Matrix Adhesion,cell-matrix_adhesion_louvain_7,Cell Cycle G1/S Transition,26
CCND3,Fibrosis,Cell-Matrix Adhesion,cell-matrix_adhesion_louvain_7,Cell Cycle G1/S Transition,26
CDH1,Fibrosis,Cell-Matrix Adhesion,cell-matrix_adhesion_louvain_7,Cell Cycle G1/S Transition,26
CDH17,Fibrosis,Cell-Matrix Adhesion,cell-matrix_adhesion_louvain_7,Cell Cycle G1/S Transition,26
CIB1,Fibrosis,Cell-Matrix Adhesion,cell-matrix_adhesion_louvain_7,Cell Cycle G1/S Transition,26
CTNNB1,Fibrosis,Cell-Matrix Adhesion,cell-matrix_adhesion_louvain_7,Cell Cycle G1/S Transition,26
DDR2,Fibrosis,Cell-Matrix Adhesion,cell-matrix_adhesion_louvain_7,Cell Cycle G1/S Transition,26
EGFR,Fibrosis,Cell-Matrix Adhesion,cell-matrix_adhesion_louvain_7,Cell Cycle G1/S Transition,26
EMILIN2,Fibrosis,Cell-Matrix Adhesion,cell-matrix_adhesion_louvain_7,Cell Cycle G1/S Transition,26
FOXC2,Fibrosis,Cell-Matrix Adhesion,cell-matrix_adhesion_louvain_7,Cell Cycle G1/S Transition,26
FYB2,Fibrosis,Cell-Matrix Adhesion,cell-matrix_adhesion_louvain_7,Cell Cycle G1/S Transition,26
GALNT15,Fibrosis,Cell-Matrix Adhesion,cell-matrix_adhesion_louvain_7,Cell Cycle G1/S Transition,26
GSK3B,Fibrosis,Cell-Matrix Adhesion,cell-matrix_adhesion_louvain_7,Cell Cycle G1/S Transition,26
KRIT1,Fibrosis,Cell-Matrix Adhesion,cell-matrix_adhesion_louvain_7,Cell Cycle G1/S Transition,26
LEMD3,Fibrosis,Cell-Matrix Adhesion,cell-matrix_adhesion_louvain_7,Cell Cycle G1/S Transition,26
MUC1,Fibrosis,Cell-Matrix Adhesion,cell-matrix_adhesion_louvain_7,Cell Cycle G1/S Transition,26
PODXL,Fibrosis,Cell-Matrix Adhesion,cell-matrix_adhesion_louvain_7,Cell Cycle G1/S Transition,26
PTGER4,Fibrosis,Cell-Matrix Adhesion,cell-matrix_adhesion_louvain_7,Cell Cycle G1/S Transition,26
RASIP1,Fibrosis,Cell-Matrix Adhesion,cell-matrix_adhesion_louvain_7,Cell Cycle G1/S Transition,26
SFRP2,Fibrosis,Cell-Matrix Adhesion,cell-matrix_adhesion_louvain_7,Cell Cycle G1/S Transition,26
SNAI2,Fibrosis,Cell-Matrix Adhesion,cell-matrix_adhesion_louvain_7,Cell Cycle G1/S Transition,26
ST6GALNAC5,Fibrosis,Cell-Matrix Adhesion,cell-matrix_adhesion_louvain_7,Cell Cycle G1/S Transition,26
WNK1,Fibrosis,Cell-Matrix Adhesion,cell-matrix_adhesion_louvain_7,Cell Cycle G1/S Transition,26
COL16A1,Fibrosis,Cell-Matrix Adhesion,cell-matrix_adhesion_louvain_2,Collagen Formation,28
COL1A1,Fibrosis,Cell-Matrix Adhesion,cell-matrix_adhesion_louvain_2,Collagen Formation,28
COL1A2,Fibrosis,Cell-Matrix Adhesion,cell-matrix_adhesion_louvain_2,Collagen Formation,28
COL2A1,Fibrosis,Cell-Matrix Adhesion,cell-matrix_adhesion_louvain_2,Collagen Formation,28
COL4A1,Fibrosis,Cell-Matrix Adhesion,cell-matrix_adhesion_louvain_2,Collagen Formation,28
COL4A2,Fibrosis,Cell-Matrix Adhesion,cell-matrix_adhesion_louvain_2,Collagen Formation,28
COL4A3,Fibrosis,Cell-Matrix Adhesion,cell-matrix_adhesion_louvain_2,Collagen Formation,28
COL4A4,Fibrosis,Cell-Matrix Adhesion,cell-matrix_adhesion_louvain_2,Collagen Formation,28
COL4A5,Fibrosis,Cell-Matrix Adhesion,cell-matrix_adhesion_louvain_2,Collagen Formation,28
COL4A6,Fibrosis,Cell-Matrix Adhesion,cell-matrix_adhesion_louvain_2,Collagen Formation,28
COL5A1,Fibrosis,Cell-Matrix Adhesion,cell-matrix_adhesion_louvain_2,Collagen Formation,28
COL6A1,Fibrosis,Cell-Matrix Adhesion,cell-matrix_adhesion_louvain_2,Collagen Formation,28
COL6A2,Fibrosis,Cell-Matrix Adhesion,cell-matrix_adhesion_louvain_2,Collagen Formation,28
COL6A3,Fibrosis,Cell-Matrix Adhesion,cell-matrix_adhesion_louvain_2,Collagen Formation,28
COL6A5,Fibrosis,Cell-Matrix Adhesion,cell-matrix_adhesion_louvain_2,Collagen Formation,28
COL6A6,Fibrosis,Cell-Matrix Adhesion,cell-matrix_adhesion_louvain_2,Collagen Formation,28
COL9A1,Fibrosis,Cell-Matrix Adhesion,cell-matrix_adhesion_louvain_2,Collagen Formation,28
COL9A2,Fibrosis,Cell-Matrix Adhesion,cell-matrix_adhesion_louvain_2,Collagen Formation,28
COL9A3,Fibrosis,Cell-Matrix Adhesion,cell-matrix_adhesion_louvain_2,Collagen Formation,28
FBN1,Fibrosis,Cell-Matrix Adhesion,cell-matrix_adhesion_louvain_2,Collagen Formation,28
ITGA1,Fibrosis,Cell-Matrix Adhesion,cell-matrix_adhesion_louvain_2,Collagen Formation,28
ITGA2,Fibrosis,Cell-Matrix Adhesion,cell-matrix_adhesion_louvain_2,Collagen Formation,28
SDC1,Fibrosis,Cell-Matrix Adhesion,cell-matrix_adhesion_louvain_2,Collagen Formation,28
SDC4,Fibrosis,Cell-Matrix Adhesion,cell-matrix_adhesion_louvain_2,Collagen Formation,28
THBS1,Fibrosis,Cell-Matrix Adhesion,cell-matrix_adhesion_louvain_2,Collagen Formation,28
THBS2,Fibrosis,Cell-Matrix Adhesion,cell-matrix_adhesion_louvain_2,Collagen Formation,28
THBS3,Fibrosis,Cell-Matrix Adhesion,cell-matrix_adhesion_louvain_2,Collagen Formation,28
THBS4,Fibrosis,Cell-Matrix Adhesion,cell-matrix_adhesion_louvain_2,Collagen Formation,28
CRLF2,Fibrosis,Cell-Matrix Adhesion,cell-matrix_adhesion_louvain_5,Growth Factor Signalling,30
CXCL12,Fibrosis,Cell-Matrix Adhesion,cell-matrix_adhesion_louvain_5,Growth Factor Signalling,30
EFNA1,Fibrosis,Cell-Matrix Adhesion,cell-matrix_adhesion_louvain_5,Growth Factor Signalling,30
EGF,Fibrosis,Cell-Matrix Adhesion,cell-matrix_adhesion_louvain_5,Growth Factor Signalling,30
EPHA2,Fibrosis,Cell-Matrix Adhesion,cell-matrix_adhesion_louvain_5,Growth Factor Signalling,30
EPHA8,Fibrosis,Cell-Matrix Adhesion,cell-matrix_adhesion_louvain_5,Growth Factor Signalling,30
ERBB2,Fibrosis,Cell-Matrix Adhesion,cell-matrix_adhesion_louvain_5,Growth Factor Signalling,30
FLT1,Fibrosis,Cell-Matrix Adhesion,cell-matrix_adhesion_louvain_5,Growth Factor Signalling,30
FLT4,Fibrosis,Cell-Matrix Adhesion,cell-matrix_adhesion_louvain_5,Growth Factor Signalling,30
HGF,Fibrosis,Cell-Matrix Adhesion,cell-matrix_adhesion_louvain_5,Growth Factor Signalling,30
IGF1,Fibrosis,Cell-Matrix Adhesion,cell-matrix_adhesion_louvain_5,Growth Factor Signalling,30
IGF1R,Fibrosis,Cell-Matrix Adhesion,cell-matrix_adhesion_louvain_5,Growth Factor Signalling,30
KDR,Fibrosis,Cell-Matrix Adhesion,cell-matrix_adhesion_louvain_5,Growth Factor Signalling,30
LIF,Fibrosis,Cell-Matrix Adhesion,cell-matrix_adhesion_louvain_5,Growth Factor Signalling,30
MET,Fibrosis,Cell-Matrix Adhesion,cell-matrix_adhesion_louvain_5,Growth Factor Signalling,30
NEXMIF,Fibrosis,Cell-Matrix Adhesion,cell-matrix_adhesion_louvain_5,Growth Factor Signalling,30
PDGFA,Fibrosis,Cell-Matrix Adhesion,cell-matrix_adhesion_louvain_5,Growth Factor Signalling,30
PDGFB,Fibrosis,Cell-Matrix Adhesion,cell-matrix_adhesion_louvain_5,Growth Factor Signalling,30
PDGFC,Fibrosis,Cell-Matrix Adhesion,cell-matrix_adhesion_louvain_5,Growth Factor Signalling,30
PDGFD,Fibrosis,Cell-Matrix Adhesion,cell-matrix_adhesion_louvain_5,Growth Factor Signalling,30
PDGFRA,Fibrosis,Cell-Matrix Adhesion,cell-matrix_adhesion_louvain_5,Growth Factor Signalling,30
PDGFRB,Fibrosis,Cell-Matrix Adhesion,cell-matrix_adhesion_louvain_5,Growth Factor Signalling,30
PGF,Fibrosis,Cell-Matrix Adhesion,cell-matrix_adhesion_louvain_5,Growth Factor Signalling,30
TGFB1,Fibrosis,Cell-Matrix Adhesion,cell-matrix_adhesion_louvain_5,Growth Factor Signalling,30
TGFB2,Fibrosis,Cell-Matrix Adhesion,cell-matrix_adhesion_louvain_5,Growth Factor Signalling,30
TMEFF2,Fibrosis,Cell-Matrix Adhesion,cell-matrix_adhesion_louvain_5,Growth Factor Signalling,30
VEGFA,Fibrosis,Cell-Matrix Adhesion,cell-matrix_adhesion_louvain_5,Growth Factor Signalling,30
VEGFB,Fibrosis,Cell-Matrix Adhesion,cell-matrix_adhesion_louvain_5,Growth Factor Signalling,30
VEGFC,Fibrosis,Cell-Matrix Adhesion,cell-matrix_adhesion_louvain_5,Growth Factor Signalling,30
VEGFD,Fibrosis,Cell-Matrix Adhesion,cell-matrix_adhesion_louvain_5,Growth Factor Signalling,30
ACER2,Fibrosis,Cell-Matrix Adhesion,cell-matrix_adhesion_louvain_0,Integrin-Mediated Focal Adhesion,38
ACTB,Fibrosis,Cell-Matrix Adhesion,cell-matrix_adhesion_louvain_0,Integrin-Mediated Focal Adhesion,38
ACTG1,Fibrosis,Cell-Matrix Adhesion,cell-matrix_adhesion_louvain_0,Integrin-Mediated Focal Adhesion,38
ACTN1,Fibrosis,Cell-Matrix Adhesion,cell-matrix_adhesion_louvain_0,Integrin-Mediated Focal Adhesion,38
ACTN4,Fibrosis,Cell-Matrix Adhesion,cell-matrix_adhesion_louvain_0,Integrin-Mediated Focal Adhesion,38
ARHGEF6,Fibrosis,Cell-Matrix Adhesion,cell-matrix_adhesion_louvain_0,Integrin-Mediated Focal Adhesion,38
CAPZA1,Fibrosis,Cell-Matrix Adhesion,cell-matrix_adhesion_louvain_0,Integrin-Mediated Focal Adhesion,38
CAPZB,Fibrosis,Cell-Matrix Adhesion,cell-matrix_adhesion_louvain_0,Integrin-Mediated Focal Adhesion,38
CYP1B1,Fibrosis,Cell-Matrix Adhesion,cell-matrix_adhesion_louvain_0,Integrin-Mediated Focal Adhesion,38
FBLIM1,Fibrosis,Cell-Matrix Adhesion,cell-matrix_adhesion_louvain_0,Integrin-Mediated Focal Adhesion,38
FERMT1,Fibrosis,Cell-Matrix Adhesion,cell-matrix_adhesion_louvain_0,Integrin-Mediated Focal Adhesion,38
FERMT2,Fibrosis,Cell-Matrix Adhesion,cell-matrix_adhesion_louvain_0,Integrin-Mediated Focal Adhesion,38
FERMT3,Fibrosis,Cell-Matrix Adhesion,cell-matrix_adhesion_louvain_0,Integrin-Mediated Focal Adhesion,38
FLNA,Fibrosis,Cell-Matrix Adhesion,cell-matrix_adhesion_louvain_0,Integrin-Mediated Focal Adhesion,38
FLNB,Fibrosis,Cell-Matrix Adhesion,cell-matrix_adhesion_louvain_0,Integrin-Mediated Focal Adhesion,38
FRAS1,Fibrosis,Cell-Matrix Adhesion,cell-matrix_adhesion_louvain_0,Integrin-Mediated Focal Adhesion,38
FREM1,Fibrosis,Cell-Matrix Adhesion,cell-matrix_adhesion_louvain_0,Integrin-Mediated Focal Adhesion,38
FREM2,Fibrosis,Cell-Matrix Adhesion,cell-matrix_adhesion_louvain_0,Integrin-Mediated Focal Adhesion,38
IFT74,Fibrosis,Cell-Matrix Adhesion,cell-matrix_adhesion_louvain_0,Integrin-Mediated Focal Adhesion,38
ILK,Fibrosis,Cell-Matrix Adhesion,cell-matrix_adhesion_louvain_0,Integrin-Mediated Focal Adhesion,38
ITGB1,Fibrosis,Cell-Matrix Adhesion,cell-matrix_adhesion_louvain_0,Integrin-Mediated Focal Adhesion,38
ITGB1BP1,Fibrosis,Cell-Matrix Adhesion,cell-matrix_adhesion_louvain_0,Integrin-Mediated Focal Adhesion,38
KIF3A,Fibrosis,Cell-Matrix Adhesion,cell-matrix_adhesion_louvain_0,Integrin-Mediated Focal Adhesion,38
LIMS1,Fibrosis,Cell-Matrix Adhesion,cell-matrix_adhesion_louvain_0,Integrin-Mediated Focal Adhesion,38
LIMS2,Fibrosis,Cell-Matrix Adhesion,cell-matrix_adhesion_louvain_0,Integrin-Mediated Focal Adhesion,38
LPXN,Fibrosis,Cell-Matrix Adhesion,cell-matrix_adhesion_louvain_0,Integrin-Mediated Focal Adhesion,38
NPNT,Fibrosis,Cell-Matrix Adhesion,cell-matrix_adhesion_louvain_0,Integrin-Mediated Focal Adhesion,38
PARVA,Fibrosis,Cell-Matrix Adhesion,cell-matrix_adhesion_louvain_0,Integrin-Mediated Focal Adhesion,38
PARVB,Fibrosis,Cell-Matrix Adhesion,cell-matrix_adhesion_louvain_0,Integrin-Mediated Focal Adhesion,38
PARVG,Fibrosis,Cell-Matrix Adhesion,cell-matrix_adhesion_louvain_0,Integrin-Mediated Focal Adhesion,38
PIEZO1,Fibrosis,Cell-Matrix Adhesion,cell-matrix_adhesion_louvain_0,Integrin-Mediated Focal Adhesion,38
PLPP3,Fibrosis,Cell-Matrix Adhesion,cell-matrix_adhesion_louvain_0,Integrin-Mediated Focal Adhesion,38
PXN,Fibrosis,Cell-Matrix Adhesion,cell-matrix_adhesion_louvain_0,Integrin-Mediated Focal Adhesion,38
RFLNA,Fibrosis,Cell-Matrix Adhesion,cell-matrix_adhesion_louvain_0,Integrin-Mediated Focal Adhesion,38
TLN1,Fibrosis,Cell-Matrix Adhesion,cell-matrix_adhesion_louvain_0,Integrin-Mediated Focal Adhesion,38
TLN2,Fibrosis,Cell-Matrix Adhesion,cell-matrix_adhesion_louvain_0,Integrin-Mediated Focal Adhesion,38
TMOD3,Fibrosis,Cell-Matrix Adhesion,cell-matrix_adhesion_louvain_0,Integrin-Mediated Focal Adhesion,38
VCL,Fibrosis,Cell-Matrix Adhesion,cell-matrix_adhesion_louvain_0,Integrin-Mediated Focal Adhesion,38
AKT2,Fibrosis,Cell-Matrix Adhesion,cell-matrix_adhesion_louvain_6,Intracellular Signal Transduction,37
AKT3,Fibrosis,Cell-Matrix Adhesion,cell-matrix_adhesion_louvain_6,Intracellular Signal Transduction,37
CDC42,Fibrosis,Cell-Matrix Adhesion,cell-matrix_adhesion_louvain_6,Intracellular Signal Transduction,37
CHN1,Fibrosis,Cell-Matrix Adhesion,cell-matrix_adhesion_louvain_6,Intracellular Signal Transduction,37
CRK,Fibrosis,Cell-Matrix Adhesion,cell-matrix_adhesion_louvain_6,Intracellular Signal Transduction,37
CRKL,Fibrosis,Cell-Matrix Adhesion,cell-matrix_adhesion_louvain_6,Intracellular Signal Transduction,37
FARP2,Fibrosis,Cell-Matrix Adhesion,cell-matrix_adhesion_louvain_6,Intracellular Signal Transduction,37
GUCA1A,Fibrosis,Cell-Matrix Adhesion,cell-matrix_adhesion_louvain_6,Intracellular Signal Transduction,37
GUCY2F,Fibrosis,Cell-Matrix Adhesion,cell-matrix_adhesion_louvain_6,Intracellular Signal Transduction,37
LYN,Fibrosis,Cell-Matrix Adhesion,cell-matrix_adhesion_louvain_6,Intracellular Signal Transduction,37
MTOR,Fibrosis,Cell-Matrix Adhesion,cell-matrix_adhesion_louvain_6,Intracellular Signal Transduction,37
NCK2,Fibrosis,Cell-Matrix Adhesion,cell-matrix_adhesion_louvain_6,Intracellular Signal Transduction,37
NCKAP1L,Fibrosis,Cell-Matrix Adhesion,cell-matrix_adhesion_louvain_6,Intracellular Signal Transduction,37
NOX1,Fibrosis,Cell-Matrix Adhesion,cell-matrix_adhesion_louvain_6,Intracellular Signal Transduction,37
P3R3URF-PIK3R3,Fibrosis,Cell-Matrix Adhesion,cell-matrix_adhesion_louvain_6,Intracellular Signal Transduction,37
PDE3B,Fibrosis,Cell-Matrix Adhesion,cell-matrix_adhesion_louvain_6,Intracellular Signal Transduction,37
PIK3CA,Fibrosis,Cell-Matrix Adhesion,cell-matrix_adhesion_louvain_6,Intracellular Signal Transduction,37
PIK3CB,Fibrosis,Cell-Matrix Adhesion,cell-matrix_adhesion_louvain_6,Intracellular Signal Transduction,37
PIK3CD,Fibrosis,Cell-Matrix Adhesion,cell-matrix_adhesion_louvain_6,Intracellular Signal Transduction,37
PIK3CG,Fibrosis,Cell-Matrix Adhesion,cell-matrix_adhesion_louvain_6,Intracellular Signal Transduction,37
PIK3R1,Fibrosis,Cell-Matrix Adhesion,cell-matrix_adhesion_louvain_6,Intracellular Signal Transduction,37
PIK3R2,Fibrosis,Cell-Matrix Adhesion,cell-matrix_adhesion_louvain_6,Intracellular Signal Transduction,37
PIK3R3,Fibrosis,Cell-Matrix Adhesion,cell-matrix_adhesion_louvain_6,Intracellular Signal Transduction,37
PLEK,Fibrosis,Cell-Matrix Adhesion,cell-matrix_adhesion_louvain_6,Intracellular Signal Transduction,37
PTPN11,Fibrosis,Cell-Matrix Adhesion,cell-matrix_adhesion_louvain_6,Intracellular Signal Transduction,37
PTPN6,Fibrosis,Cell-Matrix Adhesion,cell-matrix_adhesion_louvain_6,Intracellular Signal Transduction,37
RAC1,Fibrosis,Cell-Matrix Adhesion,cell-matrix_adhesion_louvain_6,Intracellular Signal Transduction,37
RAC2,Fibrosis,Cell-Matrix Adhesion,cell-matrix_adhesion_louvain_6,Intracellular Signal Transduction,37
RAC3,Fibrosis,Cell-Matrix Adhesion,cell-matrix_adhesion_louvain_6,Intracellular Signal Transduction,37
RAP1B,Fibrosis,Cell-Matrix Adhesion,cell-matrix_adhesion_louvain_6,Intracellular Signal Transduction,37
RET,Fibrosis,Cell-Matrix Adhesion,cell-matrix_adhesion_louvain_6,Intracellular Signal Transduction,37
SKAP1,Fibrosis,Cell-Matrix Adhesion,cell-matrix_adhesion_louvain_6,Intracellular Signal Transduction,37
SRC,Fibrosis,Cell-Matrix Adhesion,cell-matrix_adhesion_louvain_6,Intracellular Signal Transduction,37
SWAP70,Fibrosis,Cell-Matrix Adhesion,cell-matrix_adhesion_louvain_6,Intracellular Signal Transduction,37
SYK,Fibrosis,Cell-Matrix Adhesion,cell-matrix_adhesion_louvain_6,Intracellular Signal Transduction,37
TESC,Fibrosis,Cell-Matrix Adhesion,cell-matrix_adhesion_louvain_6,Intracellular Signal Transduction,37
UNC119,Fibrosis,Cell-Matrix Adhesion,cell-matrix_adhesion_louvain_6,Intracellular Signal Transduction,37
ADA,Fibrosis,Cell-Matrix Adhesion,cell-matrix_adhesion_louvain_1,Leukocyte and Platelet Adhesion,53
ADAM17,Fibrosis,Cell-Matrix Adhesion,cell-matrix_adhesion_louvain_1,Leukocyte and Platelet Adhesion,53
ADAM9,Fibrosis,Cell-Matrix Adhesion,cell-matrix_adhesion_louvain_1,Leukocyte and Platelet Adhesion,53
C3,Fibrosis,Cell-Matrix Adhesion,cell-matrix_adhesion_louvain_1,Leukocyte and Platelet Adhesion,53
CCL21,Fibrosis,Cell-Matrix Adhesion,cell-matrix_adhesion_louvain_1,Leukocyte and Platelet Adhesion,53
CCL5,Fibrosis,Cell-Matrix Adhesion,cell-matrix_adhesion_louvain_1,Leukocyte and Platelet Adhesion,53
CCN3,Fibrosis,Cell-Matrix Adhesion,cell-matrix_adhesion_louvain_1,Leukocyte and Platelet Adhesion,53
CD36,Fibrosis,Cell-Matrix Adhesion,cell-matrix_adhesion_louvain_1,Leukocyte and Platelet Adhesion,53
CD3E,Fibrosis,Cell-Matrix Adhesion,cell-matrix_adhesion_louvain_1,Leukocyte and Platelet Adhesion,53
CD44,Fibrosis,Cell-Matrix Adhesion,cell-matrix_adhesion_louvain_1,Leukocyte and Platelet Adhesion,53
CD47,Fibrosis,Cell-Matrix Adhesion,cell-matrix_adhesion_louvain_1,Leukocyte and Platelet Adhesion,53
CLEC5A,Fibrosis,Cell-Matrix Adhesion,cell-matrix_adhesion_louvain_1,Leukocyte and Platelet Adhesion,53
CX3CL1,Fibrosis,Cell-Matrix Adhesion,cell-matrix_adhesion_louvain_1,Leukocyte and Platelet Adhesion,53
CXCL13,Fibrosis,Cell-Matrix Adhesion,cell-matrix_adhesion_louvain_1,Leukocyte and Platelet Adhesion,53
DPP4,Fibrosis,Cell-Matrix Adhesion,cell-matrix_adhesion_louvain_1,Leukocyte and Platelet Adhesion,53
FGA,Fibrosis,Cell-Matrix Adhesion,cell-matrix_adhesion_louvain_1,Leukocyte and Platelet Adhesion,53
FGB,Fibrosis,Cell-Matrix Adhesion,cell-matrix_adhesion_louvain_1,Leukocyte and Platelet Adhesion,53
FGG,Fibrosis,Cell-Matrix Adhesion,cell-matrix_adhesion_louvain_1,Leukocyte and Platelet Adhesion,53
FN1,Fibrosis,Cell-Matrix Adhesion,cell-matrix_adhesion_louvain_1,Leukocyte and Platelet Adhesion,53
GP1BA,Fibrosis,Cell-Matrix Adhesion,cell-matrix_adhesion_louvain_1,Leukocyte and Platelet Adhesion,53
GP1BB,Fibrosis,Cell-Matrix Adhesion,cell-matrix_adhesion_louvain_1,Leukocyte and Platelet Adhesion,53
GP5,Fibrosis,Cell-Matrix Adhesion,cell-matrix_adhesion_louvain_1,Leukocyte and Platelet Adhesion,53
GP6,Fibrosis,Cell-Matrix Adhesion,cell-matrix_adhesion_louvain_1,Leukocyte and Platelet Adhesion,53
GP9,Fibrosis,Cell-Matrix Adhesion,cell-matrix_adhesion_louvain_1,Leukocyte and Platelet Adhesion,53
HMMR,Fibrosis,Cell-Matrix Adhesion,cell-matrix_adhesion_louvain_1,Leukocyte and Platelet Adhesion,53
HRG,Fibrosis,Cell-Matrix Adhesion,cell-matrix_adhesion_louvain_1,Leukocyte and Platelet Adhesion,53
ICAM1,Fibrosis,Cell-Matrix Adhesion,cell-matrix_adhesion_louvain_1,Leukocyte and Platelet Adhesion,53
ICAM2,Fibrosis,Cell-Matrix Adhesion,cell-matrix_adhesion_louvain_1,Leukocyte and Platelet Adhesion,53
ICAM3,Fibrosis,Cell-Matrix Adhesion,cell-matrix_adhesion_louvain_1,Leukocyte and Platelet Adhesion,53
ICAM4,Fibrosis,Cell-Matrix Adhesion,cell-matrix_adhesion_louvain_1,Leukocyte and Platelet Adhesion,53
ITGAD,Fibrosis,Cell-Matrix Adhesion,cell-matrix_adhesion_louvain_1,Leukocyte and Platelet Adhesion,53
ITGAE,Fibrosis,Cell-Matrix Adhesion,cell-matrix_adhesion_louvain_1,Leukocyte and Platelet Adhesion,53
ITGAL,Fibrosis,Cell-Matrix Adhesion,cell-matrix_adhesion_louvain_1,Leukocyte and Platelet Adhesion,53
ITGAM,Fibrosis,Cell-Matrix Adhesion,cell-matrix_adhesion_louvain_1,Leukocyte and Platelet Adhesion,53
ITGAX,Fibrosis,Cell-Matrix Adhesion,cell-matrix_adhesion_louvain_1,Leukocyte and Platelet Adhesion,53
ITGB2,Fibrosis,Cell-Matrix Adhesion,cell-matrix_adhesion_louvain_1,Leukocyte and Platelet Adhesion,53
JAM3,Fibrosis,Cell-Matrix Adhesion,cell-matrix_adhesion_louvain_1,Leukocyte and Platelet Adhesion,53
KIF14,Fibrosis,Cell-Matrix Adhesion,cell-matrix_adhesion_louvain_1,Leukocyte and Platelet Adhesion,53
MADCAM1,Fibrosis,Cell-Matrix Adhesion,cell-matrix_adhesion_louvain_1,Leukocyte and Platelet Adhesion,53
MEDAG,Fibrosis,Cell-Matrix Adhesion,cell-matrix_adhesion_louvain_1,Leukocyte and Platelet Adhesion,53
MMRN1,Fibrosis,Cell-Matrix Adhesion,cell-matrix_adhesion_louvain_1,Leukocyte and Platelet Adhesion,53
MRC2,Fibrosis,Cell-Matrix Adhesion,cell-matrix_adhesion_louvain_1,Leukocyte and Platelet Adhesion,53
MZB1,Fibrosis,Cell-Matrix Adhesion,cell-matrix_adhesion_louvain_1,Leukocyte and Platelet Adhesion,53
P2RY12,Fibrosis,Cell-Matrix Adhesion,cell-matrix_adhesion_louvain_1,Leukocyte and Platelet Adhesion,53
PLAU,Fibrosis,Cell-Matrix Adhesion,cell-matrix_adhesion_louvain_1,Leukocyte and Platelet Adhesion,53
SCARF2,Fibrosis,Cell-Matrix Adhesion,cell-matrix_adhesion_louvain_1,Leukocyte and Platelet Adhesion,53
SELP,Fibrosis,Cell-Matrix Adhesion,cell-matrix_adhesion_louvain_1,Leukocyte and Platelet Adhesion,53
SERPINE1,Fibrosis,Cell-Matrix Adhesion,cell-matrix_adhesion_louvain_1,Leukocyte and Platelet Adhesion,53
SGCD,Fibrosis,Cell-Matrix Adhesion,cell-matrix_adhesion_louvain_1,Leukocyte and Platelet Adhesion,53
TMEM119,Fibrosis,Cell-Matrix Adhesion,cell-matrix_adhesion_louvain_1,Leukocyte and Platelet Adhesion,53
VCAM1,Fibrosis,Cell-Matrix Adhesion,cell-matrix_adhesion_louvain_1,Leukocyte and Platelet Adhesion,53
VTN,Fibrosis,Cell-Matrix Adhesion,cell-matrix_adhesion_louvain_1,Leukocyte and Platelet Adhesion,53
VWF,Fibrosis,Cell-Matrix Adhesion,cell-matrix_adhesion_louvain_1,Leukocyte and Platelet Adhesion,53
CHAD,Fibrosis,Cell-Matrix Adhesion,cell-matrix_adhesion_louvain_4,Matrix Adhesion Signalling,30
COMP,Fibrosis,Cell-Matrix Adhesion,cell-matrix_adhesion_louvain_4,Matrix Adhesion Signalling,30
DMP1,Fibrosis,Cell-Matrix Adhesion,cell-matrix_adhesion_louvain_4,Matrix Adhesion Signalling,30
DSPP,Fibrosis,Cell-Matrix Adhesion,cell-matrix_adhesion_louvain_4,Matrix Adhesion Signalling,30
EMILIN1,Fibrosis,Cell-Matrix Adhesion,cell-matrix_adhesion_louvain_4,Matrix Adhesion Signalling,30
IBSP,Fibrosis,Cell-Matrix Adhesion,cell-matrix_adhesion_louvain_4,Matrix Adhesion Signalling,30
ITGA10,Fibrosis,Cell-Matrix Adhesion,cell-matrix_adhesion_louvain_4,Matrix Adhesion Signalling,30
ITGA11,Fibrosis,Cell-Matrix Adhesion,cell-matrix_adhesion_louvain_4,Matrix Adhesion Signalling,30
ITGA2B,Fibrosis,Cell-Matrix Adhesion,cell-matrix_adhesion_louvain_4,Matrix Adhesion Signalling,30
ITGA3,Fibrosis,Cell-Matrix Adhesion,cell-matrix_adhesion_louvain_4,Matrix Adhesion Signalling,30
ITGA4,Fibrosis,Cell-Matrix Adhesion,cell-matrix_adhesion_louvain_4,Matrix Adhesion Signalling,30
ITGA5,Fibrosis,Cell-Matrix Adhesion,cell-matrix_adhesion_louvain_4,Matrix Adhesion Signalling,30
ITGA8,Fibrosis,Cell-Matrix Adhesion,cell-matrix_adhesion_louvain_4,Matrix Adhesion Signalling,30
ITGA9,Fibrosis,Cell-Matrix Adhesion,cell-matrix_adhesion_louvain_4,Matrix Adhesion Signalling,30
ITGAV,Fibrosis,Cell-Matrix Adhesion,cell-matrix_adhesion_louvain_4,Matrix Adhesion Signalling,30
ITGB3,Fibrosis,Cell-Matrix Adhesion,cell-matrix_adhesion_louvain_4,Matrix Adhesion Signalling,30
ITGB4,Fibrosis,Cell-Matrix Adhesion,cell-matrix_adhesion_louvain_4,Matrix Adhesion Signalling,30
ITGB5,Fibrosis,Cell-Matrix Adhesion,cell-matrix_adhesion_louvain_4,Matrix Adhesion Signalling,30
ITGB6,Fibrosis,Cell-Matrix Adhesion,cell-matrix_adhesion_louvain_4,Matrix Adhesion Signalling,30
ITGB7,Fibrosis,Cell-Matrix Adhesion,cell-matrix_adhesion_louvain_4,Matrix Adhesion Signalling,30
ITGB8,Fibrosis,Cell-Matrix Adhesion,cell-matrix_adhesion_louvain_4,Matrix Adhesion Signalling,30
ITGBL1,Fibrosis,Cell-Matrix Adhesion,cell-matrix_adhesion_louvain_4,Matrix Adhesion Signalling,30
MEPE,Fibrosis,Cell-Matrix Adhesion,cell-matrix_adhesion_louvain_4,Matrix Adhesion Signalling,30
PTK2,Fibrosis,Cell-Matrix Adhesion,cell-matrix_adhesion_louvain_4,Matrix Adhesion Signalling,30
RELN,Fibrosis,Cell-Matrix Adhesion,cell-matrix_adhesion_louvain_4,Matrix Adhesion Signalling,30
SPP1,Fibrosis,Cell-Matrix Adhesion,cell-matrix_adhesion_louvain_4,Matrix Adhesion Signalling,30
TNC,Fibrosis,Cell-Matrix Adhesion,cell-matrix_adhesion_louvain_4,Matrix Adhesion Signalling,30
TNN,Fibrosis,Cell-Matrix Adhesion,cell-matrix_adhesion_louvain_4,Matrix Adhesion Signalling,30
TNR,Fibrosis,Cell-Matrix Adhesion,cell-matrix_adhesion_louvain_4,Matrix Adhesion Signalling,30
TNXB,Fibrosis,Cell-Matrix Adhesion,cell-matrix_adhesion_louvain_4,Matrix Adhesion Signalling,30
ADAMTS12,Fibrosis,ECM Remodelling,ecm_remodelling_louvain_5,Collagen Fibril Organisation,70
ADAMTS14,Fibrosis,ECM Remodelling,ecm_remodelling_louvain_5,Collagen Fibril Organisation,70
ADAMTS2,Fibrosis,ECM Remodelling,ecm_remodelling_louvain_5,Collagen Fibril Organisation,70
ADAMTS7,Fibrosis,ECM Remodelling,ecm_remodelling_louvain_5,Collagen Fibril Organisation,70
AEBP1,Fibrosis,ECM Remodelling,ecm_remodelling_louvain_5,Collagen Fibril Organisation,70
ANTXR1,Fibrosis,ECM Remodelling,ecm_remodelling_louvain_5,Collagen Fibril Organisation,70
BMP1,Fibrosis,ECM Remodelling,ecm_remodelling_louvain_5,Collagen Fibril Organisation,70
CLN3,Fibrosis,ECM Remodelling,ecm_remodelling_louvain_5,Collagen Fibril Organisation,70
COL11A1,Fibrosis,ECM Remodelling,ecm_remodelling_louvain_5,Collagen Fibril Organisation,70
COL11A2,Fibrosis,ECM Remodelling,ecm_remodelling_louvain_5,Collagen Fibril Organisation,70
COL12A1,Fibrosis,ECM Remodelling,ecm_remodelling_louvain_5,Collagen Fibril Organisation,70
COL14A1,Fibrosis,ECM Remodelling,ecm_remodelling_louvain_5,Collagen Fibril Organisation,70
COL15A1,Fibrosis,ECM Remodelling,ecm_remodelling_louvain_5,Collagen Fibril Organisation,70
COL16A1,Fibrosis,ECM Remodelling,ecm_remodelling_louvain_5,Collagen Fibril Organisation,70
COL1A1,Fibrosis,ECM Remodelling,ecm_remodelling_louvain_5,Collagen Fibril Organisation,70
COL1A2,Fibrosis,ECM Remodelling,ecm_remodelling_louvain_5,Collagen Fibril Organisation,70
COL24A1,Fibrosis,ECM Remodelling,ecm_remodelling_louvain_5,Collagen Fibril Organisation,70
COL2A1,Fibrosis,ECM Remodelling,ecm_remodelling_louvain_5,Collagen Fibril Organisation,70
COL3A1,Fibrosis,ECM Remodelling,ecm_remodelling_louvain_5,Collagen Fibril Organisation,70
COL4A1,Fibrosis,ECM Remodelling,ecm_remodelling_louvain_5,Collagen Fibril Organisation,70
COL4A2,Fibrosis,ECM Remodelling,ecm_remodelling_louvain_5,Collagen Fibril Organisation,70
COL4A3,Fibrosis,ECM Remodelling,ecm_remodelling_louvain_5,Collagen Fibril Organisation,70
COL4A4,Fibrosis,ECM Remodelling,ecm_remodelling_louvain_5,Collagen Fibril Organisation,70
COL4A5,Fibrosis,ECM Remodelling,ecm_remodelling_louvain_5,Collagen Fibril Organisation,70
COL4A6,Fibrosis,ECM Remodelling,ecm_remodelling_louvain_5,Collagen Fibril Organisation,70
COL5A1,Fibrosis,ECM Remodelling,ecm_remodelling_louvain_5,Collagen Fibril Organisation,70
COL5A2,Fibrosis,ECM Remodelling,ecm_remodelling_louvain_5,Collagen Fibril Organisation,70
COL5A3,Fibrosis,ECM Remodelling,ecm_remodelling_louvain_5,Collagen Fibril Organisation,70
COL6A1,Fibrosis,ECM Remodelling,ecm_remodelling_louvain_5,Collagen Fibril Organisation,70
COL6A2,Fibrosis,ECM Remodelling,ecm_remodelling_louvain_5,Collagen Fibril Organisation,70
COL6A3,Fibrosis,ECM Remodelling,ecm_remodelling_louvain_5,Collagen Fibril Organisation,70
COL6A5,Fibrosis,ECM Remodelling,ecm_remodelling_louvain_5,Collagen Fibril Organisation,70
COL6A6,Fibrosis,ECM Remodelling,ecm_remodelling_louvain_5,Collagen Fibril Organisation,70
COL8A1,Fibrosis,ECM Remodelling,ecm_remodelling_louvain_5,Collagen Fibril Organisation,70
COL8A2,Fibrosis,ECM Remodelling,ecm_remodelling_louvain_5,Collagen Fibril Organisation,70
COL9A1,Fibrosis,ECM Remodelling,ecm_remodelling_louvain_5,Collagen Fibril Organisation,70
COL9A2,Fibrosis,ECM Remodelling,ecm_remodelling_louvain_5,Collagen Fibril Organisation,70
COL9A3,Fibrosis,ECM Remodelling,ecm_remodelling_louvain_5,Collagen Fibril Organisation,70
COLGALT1,Fibrosis,ECM Remodelling,ecm_remodelling_louvain_5,Collagen Fibril Organisation,70
COLGALT2,Fibrosis,ECM Remodelling,ecm_remodelling_louvain_5,Collagen Fibril Organisation,70
CREB3L1,Fibrosis,ECM Remodelling,ecm_remodelling_louvain_5,Collagen Fibril Organisation,70
CRTAP,Fibrosis,ECM Remodelling,ecm_remodelling_louvain_5,Collagen Fibril Organisation,70
DDR1,Fibrosis,ECM Remodelling,ecm_remodelling_louvain_5,Collagen Fibril Organisation,70
DDR2,Fibrosis,ECM Remodelling,ecm_remodelling_louvain_5,Collagen Fibril Organisation,70
FKBP10,Fibrosis,ECM Remodelling,ecm_remodelling_louvain_5,Collagen Fibril Organisation,70
FNDC1,Fibrosis,ECM Remodelling,ecm_remodelling_louvain_5,Collagen Fibril Organisation,70
GP6,Fibrosis,ECM Remodelling,ecm_remodelling_louvain_5,Collagen Fibril Organisation,70
LOXL2,Fibrosis,ECM Remodelling,ecm_remodelling_louvain_5,Collagen Fibril Organisation,70
MXRA8,Fibrosis,ECM Remodelling,ecm_remodelling_louvain_5,Collagen Fibril Organisation,70
NAGLU,Fibrosis,ECM Remodelling,ecm_remodelling_louvain_5,Collagen Fibril Organisation,70
P3H1,Fibrosis,ECM Remodelling,ecm_remodelling_louvain_5,Collagen Fibril Organisation,70
P3H2,Fibrosis,ECM Remodelling,ecm_remodelling_louvain_5,Collagen Fibril Organisation,70
P3H3,Fibrosis,ECM Remodelling,ecm_remodelling_louvain_5,Collagen Fibril Organisation,70
P3H4,Fibrosis,ECM Remodelling,ecm_remodelling_louvain_5,Collagen Fibril Organisation,70
P4HA1,Fibrosis,ECM Remodelling,ecm_remodelling_louvain_5,Collagen Fibril Organisation,70
P4HA3,Fibrosis,ECM Remodelling,ecm_remodelling_louvain_5,Collagen Fibril Organisation,70
PCOLCE,Fibrosis,ECM Remodelling,ecm_remodelling_louvain_5,Collagen Fibril Organisation,70
PEPD,Fibrosis,ECM Remodelling,ecm_remodelling_louvain_5,Collagen Fibril Organisation,70
PLOD1,Fibrosis,ECM Remodelling,ecm_remodelling_louvain_5,Collagen Fibril Organisation,70
PLOD2,Fibrosis,ECM Remodelling,ecm_remodelling_louvain_5,Collagen Fibril Organisation,70
PLOD3,Fibrosis,ECM Remodelling,ecm_remodelling_louvain_5,Collagen Fibril Organisation,70
RCN3,Fibrosis,ECM Remodelling,ecm_remodelling_louvain_5,Collagen Fibril Organisation,70
SDC4,Fibrosis,ECM Remodelling,ecm_remodelling_louvain_5,Collagen Fibril Organisation,70
SELENON,Fibrosis,ECM Remodelling,ecm_remodelling_louvain_5,Collagen Fibril Organisation,70
SERPINH1,Fibrosis,ECM Remodelling,ecm_remodelling_louvain_5,Collagen Fibril Organisation,70
TLL1,Fibrosis,ECM Remodelling,ecm_remodelling_louvain_5,Collagen Fibril Organisation,70
TLL2,Fibrosis,ECM Remodelling,ecm_remodelling_louvain_5,Collagen Fibril Organisation,70
VIPAS39,Fibrosis,ECM Remodelling,ecm_remodelling_louvain_5,Collagen Fibril Organisation,70
VPS33B,Fibrosis,ECM Remodelling,ecm_remodelling_louvain_5,Collagen Fibril Organisation,70
ZNF469,Fibrosis,ECM Remodelling,ecm_remodelling_louvain_5,Collagen Fibril Organisation,70
ADAM19,Fibrosis,ECM Remodelling,ecm_remodelling_louvain_4,ECM-Receptor Interaction,72
AGRN,Fibrosis,ECM Remodelling,ecm_remodelling_louvain_4,ECM-Receptor Interaction,72
CD36,Fibrosis,ECM Remodelling,ecm_remodelling_louvain_4,ECM-Receptor Interaction,72
CD47,Fibrosis,ECM Remodelling,ecm_remodelling_louvain_4,ECM-Receptor Interaction,72
CHAD,Fibrosis,ECM Remodelling,ecm_remodelling_louvain_4,ECM-Receptor Interaction,72
COMP,Fibrosis,ECM Remodelling,ecm_remodelling_louvain_4,ECM-Receptor Interaction,72
DAG1,Fibrosis,ECM Remodelling,ecm_remodelling_louvain_4,ECM-Receptor Interaction,72
EMILIN1,Fibrosis,ECM Remodelling,ecm_remodelling_louvain_4,ECM-Receptor Interaction,72
FRAS1,Fibrosis,ECM Remodelling,ecm_remodelling_louvain_4,ECM-Receptor Interaction,72
FREM1,Fibrosis,ECM Remodelling,ecm_remodelling_louvain_4,ECM-Receptor Interaction,72
FREM2,Fibrosis,ECM Remodelling,ecm_remodelling_louvain_4,ECM-Receptor Interaction,72
GP1BA,Fibrosis,ECM Remodelling,ecm_remodelling_louvain_4,ECM-Receptor Interaction,72
GP1BB,Fibrosis,ECM Remodelling,ecm_remodelling_louvain_4,ECM-Receptor Interaction,72
GP5,Fibrosis,ECM Remodelling,ecm_remodelling_louvain_4,ECM-Receptor Interaction,72
GP9,Fibrosis,ECM Remodelling,ecm_remodelling_louvain_4,ECM-Receptor Interaction,72
HMCN1,Fibrosis,ECM Remodelling,ecm_remodelling_louvain_4,ECM-Receptor Interaction,72
IBSP,Fibrosis,ECM Remodelling,ecm_remodelling_louvain_4,ECM-Receptor Interaction,72
ITGA1,Fibrosis,ECM Remodelling,ecm_remodelling_louvain_4,ECM-Receptor Interaction,72
ITGA10,Fibrosis,ECM Remodelling,ecm_remodelling_louvain_4,ECM-Receptor Interaction,72
ITGA11,Fibrosis,ECM Remodelling,ecm_remodelling_louvain_4,ECM-Receptor Interaction,72
ITGA2,Fibrosis,ECM Remodelling,ecm_remodelling_louvain_4,ECM-Receptor Interaction,72
ITGA2B,Fibrosis,ECM Remodelling,ecm_remodelling_louvain_4,ECM-Receptor Interaction,72
ITGA3,Fibrosis,ECM Remodelling,ecm_remodelling_louvain_4,ECM-Receptor Interaction,72
ITGA4,Fibrosis,ECM Remodelling,ecm_remodelling_louvain_4,ECM-Receptor Interaction,72
ITGA5,Fibrosis,ECM Remodelling,ecm_remodelling_louvain_4,ECM-Receptor Interaction,72
ITGA6,Fibrosis,ECM Remodelling,ecm_remodelling_louvain_4,ECM-Receptor Interaction,72
ITGA7,Fibrosis,ECM Remodelling,ecm_remodelling_louvain_4,ECM-Receptor Interaction,72
ITGA8,Fibrosis,ECM Remodelling,ecm_remodelling_louvain_4,ECM-Receptor Interaction,72
ITGA9,Fibrosis,ECM Remodelling,ecm_remodelling_louvain_4,ECM-Receptor Interaction,72
ITGAV,Fibrosis,ECM Remodelling,ecm_remodelling_louvain_4,ECM-Receptor Interaction,72
ITGB1,Fibrosis,ECM Remodelling,ecm_remodelling_louvain_4,ECM-Receptor Interaction,72
ITGB3,Fibrosis,ECM Remodelling,ecm_remodelling_louvain_4,ECM-Receptor Interaction,72
ITGB4,Fibrosis,ECM Remodelling,ecm_remodelling_louvain_4,ECM-Receptor Interaction,72
ITGB5,Fibrosis,ECM Remodelling,ecm_remodelling_louvain_4,ECM-Receptor Interaction,72
ITGB6,Fibrosis,ECM Remodelling,ecm_remodelling_louvain_4,ECM-Receptor Interaction,72
ITGB7,Fibrosis,ECM Remodelling,ecm_remodelling_louvain_4,ECM-Receptor Interaction,72
ITGB8,Fibrosis,ECM Remodelling,ecm_remodelling_louvain_4,ECM-Receptor Interaction,72
LAMA1,Fibrosis,ECM Remodelling,ecm_remodelling_louvain_4,ECM-Receptor Interaction,72
LAMA2,Fibrosis,ECM Remodelling,ecm_remodelling_louvain_4,ECM-Receptor Interaction,72
LAMA3,Fibrosis,ECM Remodelling,ecm_remodelling_louvain_4,ECM-Receptor Interaction,72
LAMA4,Fibrosis,ECM Remodelling,ecm_remodelling_louvain_4,ECM-Receptor Interaction,72
LAMA5,Fibrosis,ECM Remodelling,ecm_remodelling_louvain_4,ECM-Receptor Interaction,72
LAMB1,Fibrosis,ECM Remodelling,ecm_remodelling_louvain_4,ECM-Receptor Interaction,72
LAMB2,Fibrosis,ECM Remodelling,ecm_remodelling_louvain_4,ECM-Receptor Interaction,72
LAMB3,Fibrosis,ECM Remodelling,ecm_remodelling_louvain_4,ECM-Receptor Interaction,72
LAMB4,Fibrosis,ECM Remodelling,ecm_remodelling_louvain_4,ECM-Receptor Interaction,72
LAMC1,Fibrosis,ECM Remodelling,ecm_remodelling_louvain_4,ECM-Receptor Interaction,72
LAMC2,Fibrosis,ECM Remodelling,ecm_remodelling_louvain_4,ECM-Receptor Interaction,72
LAMC3,Fibrosis,ECM Remodelling,ecm_remodelling_louvain_4,ECM-Receptor Interaction,72
NID2,Fibrosis,ECM Remodelling,ecm_remodelling_louvain_4,ECM-Receptor Interaction,72
NPNT,Fibrosis,ECM Remodelling,ecm_remodelling_louvain_4,ECM-Receptor Interaction,72
NTN4,Fibrosis,ECM Remodelling,ecm_remodelling_louvain_4,ECM-Receptor Interaction,72
RAP1A,Fibrosis,ECM Remodelling,ecm_remodelling_louvain_4,ECM-Receptor Interaction,72
RELN,Fibrosis,ECM Remodelling,ecm_remodelling_louvain_4,ECM-Receptor Interaction,72
RETREG3,Fibrosis,ECM Remodelling,ecm_remodelling_louvain_4,ECM-Receptor Interaction,72
SDC1,Fibrosis,ECM Remodelling,ecm_remodelling_louvain_4,ECM-Receptor Interaction,72
SV2A,Fibrosis,ECM Remodelling,ecm_remodelling_louvain_4,ECM-Receptor Interaction,72
SV2B,Fibrosis,ECM Remodelling,ecm_remodelling_louvain_4,ECM-Receptor Interaction,72
SV2C,Fibrosis,ECM Remodelling,ecm_remodelling_louvain_4,ECM-Receptor Interaction,72
THBS2,Fibrosis,ECM Remodelling,ecm_remodelling_louvain_4,ECM-Receptor Interaction,72
THBS3,Fibrosis,ECM Remodelling,ecm_remodelling_louvain_4,ECM-Receptor Interaction,72
THBS4,Fibrosis,ECM Remodelling,ecm_remodelling_louvain_4,ECM-Receptor Interaction,72
THSD4,Fibrosis,ECM Remodelling,ecm_remodelling_louvain_4,ECM-Receptor Interaction,72
TMPRSS6,Fibrosis,ECM Remodelling,ecm_remodelling_louvain_4,ECM-Receptor Interaction,72
TNC,Fibrosis,ECM Remodelling,ecm_remodelling_louvain_4,ECM-Receptor Interaction,72
TNN,Fibrosis,ECM Remodelling,ecm_remodelling_louvain_4,ECM-Receptor Interaction,72
TNR,Fibrosis,ECM Remodelling,ecm_remodelling_louvain_4,ECM-Receptor Interaction,72
TNS2,Fibrosis,ECM Remodelling,ecm_remodelling_louvain_4,ECM-Receptor Interaction,72
TNXB,Fibrosis,ECM Remodelling,ecm_remodelling_louvain_4,ECM-Receptor Interaction,72
TSPAN9,Fibrosis,ECM Remodelling,ecm_remodelling_louvain_4,ECM-Receptor Interaction,72
VTN,Fibrosis,ECM Remodelling,ecm_remodelling_louvain_4,ECM-Receptor Interaction,72
VWF,Fibrosis,ECM Remodelling,ecm_remodelling_louvain_4,ECM-Receptor Interaction,72
ADAMTS16,Fibrosis,ECM Remodelling,ecm_remodelling_louvain_6,Elastic Fibre & Proteoglycan Matrix Assembly,49
ADAMTS6,Fibrosis,ECM Remodelling,ecm_remodelling_louvain_6,Elastic Fibre & Proteoglycan Matrix Assembly,49
ASPN,Fibrosis,ECM Remodelling,ecm_remodelling_louvain_6,Elastic Fibre & Proteoglycan Matrix Assembly,49
CCDC80,Fibrosis,ECM Remodelling,ecm_remodelling_louvain_6,Elastic Fibre & Proteoglycan Matrix Assembly,49
CHADL,Fibrosis,ECM Remodelling,ecm_remodelling_louvain_6,Elastic Fibre & Proteoglycan Matrix Assembly,49
CILP2,Fibrosis,ECM Remodelling,ecm_remodelling_louvain_6,Elastic Fibre & Proteoglycan Matrix Assembly,49
CSGALNACT2,Fibrosis,ECM Remodelling,ecm_remodelling_louvain_6,Elastic Fibre & Proteoglycan Matrix Assembly,49
DCN,Fibrosis,ECM Remodelling,ecm_remodelling_louvain_6,Elastic Fibre & Proteoglycan Matrix Assembly,49
DPT,Fibrosis,ECM Remodelling,ecm_remodelling_louvain_6,Elastic Fibre & Proteoglycan Matrix Assembly,49
ECM2,Fibrosis,ECM Remodelling,ecm_remodelling_louvain_6,Elastic Fibre & Proteoglycan Matrix Assembly,49
EFEMP2,Fibrosis,ECM Remodelling,ecm_remodelling_louvain_6,Elastic Fibre & Proteoglycan Matrix Assembly,49
ELN,Fibrosis,ECM Remodelling,ecm_remodelling_louvain_6,Elastic Fibre & Proteoglycan Matrix Assembly,49
EPYC,Fibrosis,ECM Remodelling,ecm_remodelling_louvain_6,Elastic Fibre & Proteoglycan Matrix Assembly,49
ERO1A,Fibrosis,ECM Remodelling,ecm_remodelling_louvain_6,Elastic Fibre & Proteoglycan Matrix Assembly,49
EXT1,Fibrosis,ECM Remodelling,ecm_remodelling_louvain_6,Elastic Fibre & Proteoglycan Matrix Assembly,49
FBLN2,Fibrosis,ECM Remodelling,ecm_remodelling_louvain_6,Elastic Fibre & Proteoglycan Matrix Assembly,49
FBLN5,Fibrosis,ECM Remodelling,ecm_remodelling_louvain_6,Elastic Fibre & Proteoglycan Matrix Assembly,49
FBN1,Fibrosis,ECM Remodelling,ecm_remodelling_louvain_6,Elastic Fibre & Proteoglycan Matrix Assembly,49
FIBIN,Fibrosis,ECM Remodelling,ecm_remodelling_louvain_6,Elastic Fibre & Proteoglycan Matrix Assembly,49
FMOD,Fibrosis,ECM Remodelling,ecm_remodelling_louvain_6,Elastic Fibre & Proteoglycan Matrix Assembly,49
GLT8D2,Fibrosis,ECM Remodelling,ecm_remodelling_louvain_6,Elastic Fibre & Proteoglycan Matrix Assembly,49
GPC6,Fibrosis,ECM Remodelling,ecm_remodelling_louvain_6,Elastic Fibre & Proteoglycan Matrix Assembly,49
HAPLN2,Fibrosis,ECM Remodelling,ecm_remodelling_louvain_6,Elastic Fibre & Proteoglycan Matrix Assembly,49
HSPG2,Fibrosis,ECM Remodelling,ecm_remodelling_louvain_6,Elastic Fibre & Proteoglycan Matrix Assembly,49
ISLR,Fibrosis,ECM Remodelling,ecm_remodelling_louvain_6,Elastic Fibre & Proteoglycan Matrix Assembly,49
KERA,Fibrosis,ECM Remodelling,ecm_remodelling_louvain_6,Elastic Fibre & Proteoglycan Matrix Assembly,49
LOX,Fibrosis,ECM Remodelling,ecm_remodelling_louvain_6,Elastic Fibre & Proteoglycan Matrix Assembly,49
LOXL1,Fibrosis,ECM Remodelling,ecm_remodelling_louvain_6,Elastic Fibre & Proteoglycan Matrix Assembly,49
LOXL3,Fibrosis,ECM Remodelling,ecm_remodelling_louvain_6,Elastic Fibre & Proteoglycan Matrix Assembly,49
LOXL4,Fibrosis,ECM Remodelling,ecm_remodelling_louvain_6,Elastic Fibre & Proteoglycan Matrix Assembly,49
LTBP2,Fibrosis,ECM Remodelling,ecm_remodelling_louvain_6,Elastic Fibre & Proteoglycan Matrix Assembly,49
LTBP4,Fibrosis,ECM Remodelling,ecm_remodelling_louvain_6,Elastic Fibre & Proteoglycan Matrix Assembly,49
LUM,Fibrosis,ECM Remodelling,ecm_remodelling_louvain_6,Elastic Fibre & Proteoglycan Matrix Assembly,49
MATN3,Fibrosis,ECM Remodelling,ecm_remodelling_louvain_6,Elastic Fibre & Proteoglycan Matrix Assembly,49
MEIS3,Fibrosis,ECM Remodelling,ecm_remodelling_louvain_6,Elastic Fibre & Proteoglycan Matrix Assembly,49
MFAP2,Fibrosis,ECM Remodelling,ecm_remodelling_louvain_6,Elastic Fibre & Proteoglycan Matrix Assembly,49
MFAP4,Fibrosis,ECM Remodelling,ecm_remodelling_louvain_6,Elastic Fibre & Proteoglycan Matrix Assembly,49
MFAP5,Fibrosis,ECM Remodelling,ecm_remodelling_louvain_6,Elastic Fibre & Proteoglycan Matrix Assembly,49
MYH11,Fibrosis,ECM Remodelling,ecm_remodelling_louvain_6,Elastic Fibre & Proteoglycan Matrix Assembly,49
OLFML1,Fibrosis,ECM Remodelling,ecm_remodelling_louvain_6,Elastic Fibre & Proteoglycan Matrix Assembly,49
OLFML2B,Fibrosis,ECM Remodelling,ecm_remodelling_louvain_6,Elastic Fibre & Proteoglycan Matrix Assembly,49
OMD,Fibrosis,ECM Remodelling,ecm_remodelling_louvain_6,Elastic Fibre & Proteoglycan Matrix Assembly,49
PBX4,Fibrosis,ECM Remodelling,ecm_remodelling_louvain_6,Elastic Fibre & Proteoglycan Matrix Assembly,49
PODN,Fibrosis,ECM Remodelling,ecm_remodelling_louvain_6,Elastic Fibre & Proteoglycan Matrix Assembly,49
QSOX1,Fibrosis,ECM Remodelling,ecm_remodelling_louvain_6,Elastic Fibre & Proteoglycan Matrix Assembly,49
SCX,Fibrosis,ECM Remodelling,ecm_remodelling_louvain_6,Elastic Fibre & Proteoglycan Matrix Assembly,49
TRAM2,Fibrosis,ECM Remodelling,ecm_remodelling_louvain_6,Elastic Fibre & Proteoglycan Matrix Assembly,49
VCAN,Fibrosis,ECM Remodelling,ecm_remodelling_louvain_6,Elastic Fibre & Proteoglycan Matrix Assembly,49
VGLL3,Fibrosis,ECM Remodelling,ecm_remodelling_louvain_6,Elastic Fibre & Proteoglycan Matrix Assembly,49
ADAM10,Fibrosis,ECM Remodelling,ecm_remodelling_louvain_1,Matrix Degradation,80
ADAM15,Fibrosis,ECM Remodelling,ecm_remodelling_louvain_1,Matrix Degradation,80
ADAM8,Fibrosis,ECM Remodelling,ecm_remodelling_louvain_1,Matrix Degradation,80
ADAMTS15,Fibrosis,ECM Remodelling,ecm_remodelling_louvain_1,Matrix Degradation,80
ADAMTS3,Fibrosis,ECM Remodelling,ecm_remodelling_louvain_1,Matrix Degradation,80
ADAMTS4,Fibrosis,ECM Remodelling,ecm_remodelling_louvain_1,Matrix Degradation,80
ADAMTS5,Fibrosis,ECM Remodelling,ecm_remodelling_louvain_1,Matrix Degradation,80
AMELX,Fibrosis,ECM Remodelling,ecm_remodelling_louvain_1,Matrix Degradation,80
CMA1,Fibrosis,ECM Remodelling,ecm_remodelling_louvain_1,Matrix Degradation,80
CORIN,Fibrosis,ECM Remodelling,ecm_remodelling_louvain_1,Matrix Degradation,80
CPXM1,Fibrosis,ECM Remodelling,ecm_remodelling_louvain_1,Matrix Degradation,80
CST3,Fibrosis,ECM Remodelling,ecm_remodelling_louvain_1,Matrix Degradation,80
CTSB,Fibrosis,ECM Remodelling,ecm_remodelling_louvain_1,Matrix Degradation,80
CTSG,Fibrosis,ECM Remodelling,ecm_remodelling_louvain_1,Matrix Degradation,80
CTSK,Fibrosis,ECM Remodelling,ecm_remodelling_louvain_1,Matrix Degradation,80
CTSL,Fibrosis,ECM Remodelling,ecm_remodelling_louvain_1,Matrix Degradation,80
CTSS,Fibrosis,ECM Remodelling,ecm_remodelling_louvain_1,Matrix Degradation,80
CTSV,Fibrosis,ECM Remodelling,ecm_remodelling_louvain_1,Matrix Degradation,80
DMP1,Fibrosis,ECM Remodelling,ecm_remodelling_louvain_1,Matrix Degradation,80
DSPP,Fibrosis,ECM Remodelling,ecm_remodelling_louvain_1,Matrix Degradation,80
ELANE,Fibrosis,ECM Remodelling,ecm_remodelling_louvain_1,Matrix Degradation,80
F2R,Fibrosis,ECM Remodelling,ecm_remodelling_louvain_1,Matrix Degradation,80
FURIN,Fibrosis,ECM Remodelling,ecm_remodelling_louvain_1,Matrix Degradation,80
HPN,Fibrosis,ECM Remodelling,ecm_remodelling_louvain_1,Matrix Degradation,80
HTRA1,Fibrosis,ECM Remodelling,ecm_remodelling_louvain_1,Matrix Degradation,80
IHH,Fibrosis,ECM Remodelling,ecm_remodelling_louvain_1,Matrix Degradation,80
ITGAM,Fibrosis,ECM Remodelling,ecm_remodelling_louvain_1,Matrix Degradation,80
KLK4,Fibrosis,ECM Remodelling,ecm_remodelling_louvain_1,Matrix Degradation,80
KLK5,Fibrosis,ECM Remodelling,ecm_remodelling_louvain_1,Matrix Degradation,80
KLK6,Fibrosis,ECM Remodelling,ecm_remodelling_louvain_1,Matrix Degradation,80
KLK7,Fibrosis,ECM Remodelling,ecm_remodelling_louvain_1,Matrix Degradation,80
MEPE,Fibrosis,ECM Remodelling,ecm_remodelling_louvain_1,Matrix Degradation,80
MIR21,Fibrosis,ECM Remodelling,ecm_remodelling_louvain_1,Matrix Degradation,80
MMP1,Fibrosis,ECM Remodelling,ecm_remodelling_louvain_1,Matrix Degradation,80
MMP10,Fibrosis,ECM Remodelling,ecm_remodelling_louvain_1,Matrix Degradation,80
MMP11,Fibrosis,ECM Remodelling,ecm_remodelling_louvain_1,Matrix Degradation,80
MMP12,Fibrosis,ECM Remodelling,ecm_remodelling_louvain_1,Matrix Degradation,80
MMP13,Fibrosis,ECM Remodelling,ecm_remodelling_louvain_1,Matrix Degradation,80
MMP14,Fibrosis,ECM Remodelling,ecm_remodelling_louvain_1,Matrix Degradation,80
MMP15,Fibrosis,ECM Remodelling,ecm_remodelling_louvain_1,Matrix Degradation,80
MMP16,Fibrosis,ECM Remodelling,ecm_remodelling_louvain_1,Matrix Degradation,80
MMP17,Fibrosis,ECM Remodelling,ecm_remodelling_louvain_1,Matrix Degradation,80
MMP19,Fibrosis,ECM Remodelling,ecm_remodelling_louvain_1,Matrix Degradation,80
MMP2,Fibrosis,ECM Remodelling,ecm_remodelling_louvain_1,Matrix Degradation,80
MMP20,Fibrosis,ECM Remodelling,ecm_remodelling_louvain_1,Matrix Degradation,80
MMP21,Fibrosis,ECM Remodelling,ecm_remodelling_louvain_1,Matrix Degradation,80
MMP23B,Fibrosis,ECM Remodelling,ecm_remodelling_louvain_1,Matrix Degradation,80
MMP24,Fibrosis,ECM Remodelling,ecm_remodelling_louvain_1,Matrix Degradation,80
MMP25,Fibrosis,ECM Remodelling,ecm_remodelling_louvain_1,Matrix Degradation,80
MMP26,Fibrosis,ECM Remodelling,ecm_remodelling_louvain_1,Matrix Degradation,80
MMP27,Fibrosis,ECM Remodelling,ecm_remodelling_louvain_1,Matrix Degradation,80
MMP28,Fibrosis,ECM Remodelling,ecm_remodelling_louvain_1,Matrix Degradation,80
MMP3,Fibrosis,ECM Remodelling,ecm_remodelling_louvain_1,Matrix Degradation,80
MMP7,Fibrosis,ECM Remodelling,ecm_remodelling_louvain_1,Matrix Degradation,80
MMP8,Fibrosis,ECM Remodelling,ecm_remodelling_louvain_1,Matrix Degradation,80
MMP9,Fibrosis,ECM Remodelling,ecm_remodelling_louvain_1,Matrix Degradation,80
MMRN1,Fibrosis,ECM Remodelling,ecm_remodelling_louvain_1,Matrix Degradation,80
NPPC,Fibrosis,ECM Remodelling,ecm_remodelling_louvain_1,Matrix Degradation,80
OPTC,Fibrosis,ECM Remodelling,ecm_remodelling_louvain_1,Matrix Degradation,80
OSCAR,Fibrosis,ECM Remodelling,ecm_remodelling_louvain_1,Matrix Degradation,80
P2RX7,Fibrosis,ECM Remodelling,ecm_remodelling_louvain_1,Matrix Degradation,80
PODNL1,Fibrosis,ECM Remodelling,ecm_remodelling_louvain_1,Matrix Degradation,80
PRICKLE1,Fibrosis,ECM Remodelling,ecm_remodelling_louvain_1,Matrix Degradation,80
PRSS1,Fibrosis,ECM Remodelling,ecm_remodelling_louvain_1,Matrix Degradation,80
PRSS2,Fibrosis,ECM Remodelling,ecm_remodelling_louvain_1,Matrix Degradation,80
PRTN3,Fibrosis,ECM Remodelling,ecm_remodelling_louvain_1,Matrix Degradation,80
RECK,Fibrosis,ECM Remodelling,ecm_remodelling_louvain_1,Matrix Degradation,80
SFRP2,Fibrosis,ECM Remodelling,ecm_remodelling_louvain_1,Matrix Degradation,80
SH3PXD2B,Fibrosis,ECM Remodelling,ecm_remodelling_louvain_1,Matrix Degradation,80
SMPD3,Fibrosis,ECM Remodelling,ecm_remodelling_louvain_1,Matrix Degradation,80
SOX9,Fibrosis,ECM Remodelling,ecm_remodelling_louvain_1,Matrix Degradation,80
SPARC,Fibrosis,ECM Remodelling,ecm_remodelling_louvain_1,Matrix Degradation,80
SPOCK1,Fibrosis,ECM Remodelling,ecm_remodelling_louvain_1,Matrix Degradation,80
SPP1,Fibrosis,ECM Remodelling,ecm_remodelling_louvain_1,Matrix Degradation,80
SRC,Fibrosis,ECM Remodelling,ecm_remodelling_louvain_1,Matrix Degradation,80
TIMP2,Fibrosis,ECM Remodelling,ecm_remodelling_louvain_1,Matrix Degradation,80
TIMP3,Fibrosis,ECM Remodelling,ecm_remodelling_louvain_1,Matrix Degradation,80
TPSAB1,Fibrosis,ECM Remodelling,ecm_remodelling_louvain_1,Matrix Degradation,80
VSIR,Fibrosis,ECM Remodelling,ecm_remodelling_louvain_1,Matrix Degradation,80
WNT4,Fibrosis,ECM Remodelling,ecm_remodelling_louvain_1,Matrix Degradation,80
AGT,Fibrosis,ECM Remodelling,ecm_remodelling_louvain_2,Plasminogen Activation and Fibrinolysis,33
ANXA2,Fibrosis,ECM Remodelling,ecm_remodelling_louvain_2,Plasminogen Activation and Fibrinolysis,33
BRS3,Fibrosis,ECM Remodelling,ecm_remodelling_louvain_2,Plasminogen Activation and Fibrinolysis,33
C6orf89,Fibrosis,ECM Remodelling,ecm_remodelling_louvain_2,Plasminogen Activation and Fibrinolysis,33
CYGB,Fibrosis,ECM Remodelling,ecm_remodelling_louvain_2,Plasminogen Activation and Fibrinolysis,33
DPP4,Fibrosis,ECM Remodelling,ecm_remodelling_louvain_2,Plasminogen Activation and Fibrinolysis,33
ESR1,Fibrosis,ECM Remodelling,ecm_remodelling_louvain_2,Plasminogen Activation and Fibrinolysis,33
F2,Fibrosis,ECM Remodelling,ecm_remodelling_louvain_2,Plasminogen Activation and Fibrinolysis,33
GAS6,Fibrosis,ECM Remodelling,ecm_remodelling_louvain_2,Plasminogen Activation and Fibrinolysis,33
GOT1,Fibrosis,ECM Remodelling,ecm_remodelling_louvain_2,Plasminogen Activation and Fibrinolysis,33
HTRA3,Fibrosis,ECM Remodelling,ecm_remodelling_louvain_2,Plasminogen Activation and Fibrinolysis,33
KIF9,Fibrosis,ECM Remodelling,ecm_remodelling_louvain_2,Plasminogen Activation and Fibrinolysis,33
LEP,Fibrosis,ECM Remodelling,ecm_remodelling_louvain_2,Plasminogen Activation and Fibrinolysis,33
LRP1,Fibrosis,ECM Remodelling,ecm_remodelling_louvain_2,Plasminogen Activation and Fibrinolysis,33
MELTF,Fibrosis,ECM Remodelling,ecm_remodelling_louvain_2,Plasminogen Activation and Fibrinolysis,33
MIR19A,Fibrosis,ECM Remodelling,ecm_remodelling_louvain_2,Plasminogen Activation and Fibrinolysis,33
MIR19B1,Fibrosis,ECM Remodelling,ecm_remodelling_louvain_2,Plasminogen Activation and Fibrinolysis,33
MIR9-1,Fibrosis,ECM Remodelling,ecm_remodelling_louvain_2,Plasminogen Activation and Fibrinolysis,33
MRC2,Fibrosis,ECM Remodelling,ecm_remodelling_louvain_2,Plasminogen Activation and Fibrinolysis,33
NFKB1,Fibrosis,ECM Remodelling,ecm_remodelling_louvain_2,Plasminogen Activation and Fibrinolysis,33
NOX1,Fibrosis,ECM Remodelling,ecm_remodelling_louvain_2,Plasminogen Activation and Fibrinolysis,33
NOXO1,Fibrosis,ECM Remodelling,ecm_remodelling_louvain_2,Plasminogen Activation and Fibrinolysis,33
PBXIP1,Fibrosis,ECM Remodelling,ecm_remodelling_louvain_2,Plasminogen Activation and Fibrinolysis,33
PLAU,Fibrosis,ECM Remodelling,ecm_remodelling_louvain_2,Plasminogen Activation and Fibrinolysis,33
PLG,Fibrosis,ECM Remodelling,ecm_remodelling_louvain_2,Plasminogen Activation and Fibrinolysis,33
PRDX1,Fibrosis,ECM Remodelling,ecm_remodelling_louvain_2,Plasminogen Activation and Fibrinolysis,33
PRDX5,Fibrosis,ECM Remodelling,ecm_remodelling_louvain_2,Plasminogen Activation and Fibrinolysis,33
RAC2,Fibrosis,ECM Remodelling,ecm_remodelling_louvain_2,Plasminogen Activation and Fibrinolysis,33
SERPINB7,Fibrosis,ECM Remodelling,ecm_remodelling_louvain_2,Plasminogen Activation and Fibrinolysis,33
SERPINF2,Fibrosis,ECM Remodelling,ecm_remodelling_louvain_2,Plasminogen Activation and Fibrinolysis,33
THBS1,Fibrosis,ECM Remodelling,ecm_remodelling_louvain_2,Plasminogen Activation and Fibrinolysis,33
TIE1,Fibrosis,ECM Remodelling,ecm_remodelling_louvain_2,Plasminogen Activation and Fibrinolysis,33
UCN,Fibrosis,ECM Remodelling,ecm_remodelling_louvain_2,Plasminogen Activation and Fibrinolysis,33
ANTXR2,Fibrosis,ECM Remodelling,ecm_remodelling_louvain_3,TGF-β/Smad-driven Transcriptional Programme,73
AR,Fibrosis,ECM Remodelling,ecm_remodelling_louvain_3,TGF-β/Smad-driven Transcriptional Programme,73
ATP7A,Fibrosis,ECM Remodelling,ecm_remodelling_louvain_3,TGF-β/Smad-driven Transcriptional Programme,73
BMP4,Fibrosis,ECM Remodelling,ecm_remodelling_louvain_3,TGF-β/Smad-driven Transcriptional Programme,73
CAPG,Fibrosis,ECM Remodelling,ecm_remodelling_louvain_3,TGF-β/Smad-driven Transcriptional Programme,73
CAPZA1,Fibrosis,ECM Remodelling,ecm_remodelling_louvain_3,TGF-β/Smad-driven Transcriptional Programme,73
CARMIL2,Fibrosis,ECM Remodelling,ecm_remodelling_louvain_3,TGF-β/Smad-driven Transcriptional Programme,73
CBX8,Fibrosis,ECM Remodelling,ecm_remodelling_louvain_3,TGF-β/Smad-driven Transcriptional Programme,73
CD44,Fibrosis,ECM Remodelling,ecm_remodelling_louvain_3,TGF-β/Smad-driven Transcriptional Programme,73
CIITA,Fibrosis,ECM Remodelling,ecm_remodelling_louvain_3,TGF-β/Smad-driven Transcriptional Programme,73
CRISPLD2,Fibrosis,ECM Remodelling,ecm_remodelling_louvain_3,TGF-β/Smad-driven Transcriptional Programme,73
CTNND2,Fibrosis,ECM Remodelling,ecm_remodelling_louvain_3,TGF-β/Smad-driven Transcriptional Programme,73
CYP1B1,Fibrosis,ECM Remodelling,ecm_remodelling_louvain_3,TGF-β/Smad-driven Transcriptional Programme,73
CYP7A1,Fibrosis,ECM Remodelling,ecm_remodelling_louvain_3,TGF-β/Smad-driven Transcriptional Programme,73
ENG,Fibrosis,ECM Remodelling,ecm_remodelling_louvain_3,TGF-β/Smad-driven Transcriptional Programme,73
ERRFI1,Fibrosis,ECM Remodelling,ecm_remodelling_louvain_3,TGF-β/Smad-driven Transcriptional Programme,73
FAP,Fibrosis,ECM Remodelling,ecm_remodelling_louvain_3,TGF-β/Smad-driven Transcriptional Programme,73
FGFR4,Fibrosis,ECM Remodelling,ecm_remodelling_louvain_3,TGF-β/Smad-driven Transcriptional Programme,73
FLOT1,Fibrosis,ECM Remodelling,ecm_remodelling_louvain_3,TGF-β/Smad-driven Transcriptional Programme,73
FN1,Fibrosis,ECM Remodelling,ecm_remodelling_louvain_3,TGF-β/Smad-driven Transcriptional Programme,73
FOSL2,Fibrosis,ECM Remodelling,ecm_remodelling_louvain_3,TGF-β/Smad-driven Transcriptional Programme,73
FOXC1,Fibrosis,ECM Remodelling,ecm_remodelling_louvain_3,TGF-β/Smad-driven Transcriptional Programme,73
FOXC2,Fibrosis,ECM Remodelling,ecm_remodelling_louvain_3,TGF-β/Smad-driven Transcriptional Programme,73
FSCN1,Fibrosis,ECM Remodelling,ecm_remodelling_louvain_3,TGF-β/Smad-driven Transcriptional Programme,73
GART,Fibrosis,ECM Remodelling,ecm_remodelling_louvain_3,TGF-β/Smad-driven Transcriptional Programme,73
GREM1,Fibrosis,ECM Remodelling,ecm_remodelling_louvain_3,TGF-β/Smad-driven Transcriptional Programme,73
GSN,Fibrosis,ECM Remodelling,ecm_remodelling_louvain_3,TGF-β/Smad-driven Transcriptional Programme,73
HAS1,Fibrosis,ECM Remodelling,ecm_remodelling_louvain_3,TGF-β/Smad-driven Transcriptional Programme,73
HAS2,Fibrosis,ECM Remodelling,ecm_remodelling_louvain_3,TGF-β/Smad-driven Transcriptional Programme,73
HAS3,Fibrosis,ECM Remodelling,ecm_remodelling_louvain_3,TGF-β/Smad-driven Transcriptional Programme,73
HIF1A,Fibrosis,ECM Remodelling,ecm_remodelling_louvain_3,TGF-β/Smad-driven Transcriptional Programme,73
HMGA2,Fibrosis,ECM Remodelling,ecm_remodelling_louvain_3,TGF-β/Smad-driven Transcriptional Programme,73
HMMR,Fibrosis,ECM Remodelling,ecm_remodelling_louvain_3,TGF-β/Smad-driven Transcriptional Programme,73
ID1,Fibrosis,ECM Remodelling,ecm_remodelling_louvain_3,TGF-β/Smad-driven Transcriptional Programme,73
IL6,Fibrosis,ECM Remodelling,ecm_remodelling_louvain_3,TGF-β/Smad-driven Transcriptional Programme,73
IL6R,Fibrosis,ECM Remodelling,ecm_remodelling_louvain_3,TGF-β/Smad-driven Transcriptional Programme,73
INHBA,Fibrosis,ECM Remodelling,ecm_remodelling_louvain_3,TGF-β/Smad-driven Transcriptional Programme,73
JAK2,Fibrosis,ECM Remodelling,ecm_remodelling_louvain_3,TGF-β/Smad-driven Transcriptional Programme,73
LCP1,Fibrosis,ECM Remodelling,ecm_remodelling_louvain_3,TGF-β/Smad-driven Transcriptional Programme,73
MIR205,Fibrosis,ECM Remodelling,ecm_remodelling_louvain_3,TGF-β/Smad-driven Transcriptional Programme,73
MIR29A,Fibrosis,ECM Remodelling,ecm_remodelling_louvain_3,TGF-β/Smad-driven Transcriptional Programme,73
MIR29B1,Fibrosis,ECM Remodelling,ecm_remodelling_louvain_3,TGF-β/Smad-driven Transcriptional Programme,73
MIR29C,Fibrosis,ECM Remodelling,ecm_remodelling_louvain_3,TGF-β/Smad-driven Transcriptional Programme,73
MIR98,Fibrosis,ECM Remodelling,ecm_remodelling_louvain_3,TGF-β/Smad-driven Transcriptional Programme,73
MYB,Fibrosis,ECM Remodelling,ecm_remodelling_louvain_3,TGF-β/Smad-driven Transcriptional Programme,73
NF1,Fibrosis,ECM Remodelling,ecm_remodelling_louvain_3,TGF-β/Smad-driven Transcriptional Programme,73
NOTCH1,Fibrosis,ECM Remodelling,ecm_remodelling_louvain_3,TGF-β/Smad-driven Transcriptional Programme,73
PDGFRA,Fibrosis,ECM Remodelling,ecm_remodelling_louvain_3,TGF-β/Smad-driven Transcriptional Programme,73
PDPN,Fibrosis,ECM Remodelling,ecm_remodelling_louvain_3,TGF-β/Smad-driven Transcriptional Programme,73
PPARD,Fibrosis,ECM Remodelling,ecm_remodelling_louvain_3,TGF-β/Smad-driven Transcriptional Programme,73
PPARG,Fibrosis,ECM Remodelling,ecm_remodelling_louvain_3,TGF-β/Smad-driven Transcriptional Programme,73
PXDN,Fibrosis,ECM Remodelling,ecm_remodelling_louvain_3,TGF-β/Smad-driven Transcriptional Programme,73
RB1,Fibrosis,ECM Remodelling,ecm_remodelling_louvain_3,TGF-β/Smad-driven Transcriptional Programme,73
RETREG1,Fibrosis,ECM Remodelling,ecm_remodelling_louvain_3,TGF-β/Smad-driven Transcriptional Programme,73
RETREG2,Fibrosis,ECM Remodelling,ecm_remodelling_louvain_3,TGF-β/Smad-driven Transcriptional Programme,73
RGCC,Fibrosis,ECM Remodelling,ecm_remodelling_louvain_3,TGF-β/Smad-driven Transcriptional Programme,73
RUNX1,Fibrosis,ECM Remodelling,ecm_remodelling_louvain_3,TGF-β/Smad-driven Transcriptional Programme,73
SMAD3,Fibrosis,ECM Remodelling,ecm_remodelling_louvain_3,TGF-β/Smad-driven Transcriptional Programme,73
SMAD4,Fibrosis,ECM Remodelling,ecm_remodelling_louvain_3,TGF-β/Smad-driven Transcriptional Programme,73
STAT3,Fibrosis,ECM Remodelling,ecm_remodelling_louvain_3,TGF-β/Smad-driven Transcriptional Programme,73
SUCO,Fibrosis,ECM Remodelling,ecm_remodelling_louvain_3,TGF-β/Smad-driven Transcriptional Programme,73
SYK,Fibrosis,ECM Remodelling,ecm_remodelling_louvain_3,TGF-β/Smad-driven Transcriptional Programme,73
TGFB1,Fibrosis,ECM Remodelling,ecm_remodelling_louvain_3,TGF-β/Smad-driven Transcriptional Programme,73
TGFB2,Fibrosis,ECM Remodelling,ecm_remodelling_louvain_3,TGF-β/Smad-driven Transcriptional Programme,73
TGFB3,Fibrosis,ECM Remodelling,ecm_remodelling_louvain_3,TGF-β/Smad-driven Transcriptional Programme,73
TGFBR1,Fibrosis,ECM Remodelling,ecm_remodelling_louvain_3,TGF-β/Smad-driven Transcriptional Programme,73
TGFBR3,Fibrosis,ECM Remodelling,ecm_remodelling_louvain_3,TGF-β/Smad-driven Transcriptional Programme,73
TMEFF2,Fibrosis,ECM Remodelling,ecm_remodelling_louvain_3,TGF-β/Smad-driven Transcriptional Programme,73
TNFAIP6,Fibrosis,ECM Remodelling,ecm_remodelling_louvain_3,TGF-β/Smad-driven Transcriptional Programme,73
UBASH3B,Fibrosis,ECM Remodelling,ecm_remodelling_louvain_3,TGF-β/Smad-driven Transcriptional Programme,73
VIM,Fibrosis,ECM Remodelling,ecm_remodelling_louvain_3,TGF-β/Smad-driven Transcriptional Programme,73
WASHC1,Fibrosis,ECM Remodelling,ecm_remodelling_louvain_3,TGF-β/Smad-driven Transcriptional Programme,73
ZEB2,Fibrosis,ECM Remodelling,ecm_remodelling_louvain_3,TGF-β/Smad-driven Transcriptional Programme,73
CLASP1,Fibrosis,ECM Remodelling,ecm_remodelling_louvain_0,Vesicle-Mediated Trafficking,14
CLASP2,Fibrosis,ECM Remodelling,ecm_remodelling_louvain_0,Vesicle-Mediated Trafficking,14
DHX9,Fibrosis,ECM Remodelling,ecm_remodelling_louvain_0,Vesicle-Mediated Trafficking,14
EGFR,Fibrosis,ECM Remodelling,ecm_remodelling_louvain_0,Vesicle-Mediated Trafficking,14
EXOC8,Fibrosis,ECM Remodelling,ecm_remodelling_louvain_0,Vesicle-Mediated Trafficking,14
GPM6B,Fibrosis,ECM Remodelling,ecm_remodelling_louvain_0,Vesicle-Mediated Trafficking,14
GRB2,Fibrosis,ECM Remodelling,ecm_remodelling_louvain_0,Vesicle-Mediated Trafficking,14
GSK3B,Fibrosis,ECM Remodelling,ecm_remodelling_louvain_0,Vesicle-Mediated Trafficking,14
LARP6,Fibrosis,ECM Remodelling,ecm_remodelling_louvain_0,Vesicle-Mediated Trafficking,14
MIR145,Fibrosis,ECM Remodelling,ecm_remodelling_louvain_0,Vesicle-Mediated Trafficking,14
MIR195,Fibrosis,ECM Remodelling,ecm_remodelling_louvain_0,Vesicle-Mediated Trafficking,14
RAMP2,Fibrosis,ECM Remodelling,ecm_remodelling_louvain_0,Vesicle-Mediated Trafficking,14
TMEM131,Fibrosis,ECM Remodelling,ecm_remodelling_louvain_0,Vesicle-Mediated Trafficking,14
TRAPPC8,Fibrosis,ECM Remodelling,ecm_remodelling_louvain_0,Vesicle-Mediated Trafficking,14
ABL1,Fibrosis,Fibroblast Signature,fibroblast_signature_louvain_3,Chromatin-Regulated Cell Cycle Control,96
AFF1,Fibrosis,Fibroblast Signature,fibroblast_signature_louvain_3,Chromatin-Regulated Cell Cycle Control,96
ARID5B,Fibrosis,Fibroblast Signature,fibroblast_signature_louvain_3,Chromatin-Regulated Cell Cycle Control,96
BAG4,Fibrosis,Fibroblast Signature,fibroblast_signature_louvain_3,Chromatin-Regulated Cell Cycle Control,96
BAX,Fibrosis,Fibroblast Signature,fibroblast_signature_louvain_3,Chromatin-Regulated Cell Cycle Control,96
BMI1,Fibrosis,Fibroblast Signature,fibroblast_signature_louvain_3,Chromatin-Regulated Cell Cycle Control,96
CCNA2,Fibrosis,Fibroblast Signature,fibroblast_signature_louvain_3,Chromatin-Regulated Cell Cycle Control,96
CCNB1,Fibrosis,Fibroblast Signature,fibroblast_signature_louvain_3,Chromatin-Regulated Cell Cycle Control,96
CD74,Fibrosis,Fibroblast Signature,fibroblast_signature_louvain_3,Chromatin-Regulated Cell Cycle Control,96
CDC6,Fibrosis,Fibroblast Signature,fibroblast_signature_louvain_3,Chromatin-Regulated Cell Cycle Control,96
CDC73,Fibrosis,Fibroblast Signature,fibroblast_signature_louvain_3,Chromatin-Regulated Cell Cycle Control,96
CDK1,Fibrosis,Fibroblast Signature,fibroblast_signature_louvain_3,Chromatin-Regulated Cell Cycle Control,96
CDK4,Fibrosis,Fibroblast Signature,fibroblast_signature_louvain_3,Chromatin-Regulated Cell Cycle Control,96
CDK6,Fibrosis,Fibroblast Signature,fibroblast_signature_louvain_3,Chromatin-Regulated Cell Cycle Control,96
CDKN1A,Fibrosis,Fibroblast Signature,fibroblast_signature_louvain_3,Chromatin-Regulated Cell Cycle Control,96
CKS2,Fibrosis,Fibroblast Signature,fibroblast_signature_louvain_3,Chromatin-Regulated Cell Cycle Control,96
CLN3,Fibrosis,Fibroblast Signature,fibroblast_signature_louvain_3,Chromatin-Regulated Cell Cycle Control,96
CPZ,Fibrosis,Fibroblast Signature,fibroblast_signature_louvain_3,Chromatin-Regulated Cell Cycle Control,96
CREB1,Fibrosis,Fibroblast Signature,fibroblast_signature_louvain_3,Chromatin-Regulated Cell Cycle Control,96
CRKL,Fibrosis,Fibroblast Signature,fibroblast_signature_louvain_3,Chromatin-Regulated Cell Cycle Control,96
CTC1,Fibrosis,Fibroblast Signature,fibroblast_signature_louvain_3,Chromatin-Regulated Cell Cycle Control,96
CYGB,Fibrosis,Fibroblast Signature,fibroblast_signature_louvain_3,Chromatin-Regulated Cell Cycle Control,96
DACH1,Fibrosis,Fibroblast Signature,fibroblast_signature_louvain_3,Chromatin-Regulated Cell Cycle Control,96
DAZAP1,Fibrosis,Fibroblast Signature,fibroblast_signature_louvain_3,Chromatin-Regulated Cell Cycle Control,96
DDR1,Fibrosis,Fibroblast Signature,fibroblast_signature_louvain_3,Chromatin-Regulated Cell Cycle Control,96
DHX9,Fibrosis,Fibroblast Signature,fibroblast_signature_louvain_3,Chromatin-Regulated Cell Cycle Control,96
E2F1,Fibrosis,Fibroblast Signature,fibroblast_signature_louvain_3,Chromatin-Regulated Cell Cycle Control,96
E2F8,Fibrosis,Fibroblast Signature,fibroblast_signature_louvain_3,Chromatin-Regulated Cell Cycle Control,96
ECD,Fibrosis,Fibroblast Signature,fibroblast_signature_louvain_3,Chromatin-Regulated Cell Cycle Control,96
EPOR,Fibrosis,Fibroblast Signature,fibroblast_signature_louvain_3,Chromatin-Regulated Cell Cycle Control,96
ESR1,Fibrosis,Fibroblast Signature,fibroblast_signature_louvain_3,Chromatin-Regulated Cell Cycle Control,96
FBXO4,Fibrosis,Fibroblast Signature,fibroblast_signature_louvain_3,Chromatin-Regulated Cell Cycle Control,96
FILIP1L,Fibrosis,Fibroblast Signature,fibroblast_signature_louvain_3,Chromatin-Regulated Cell Cycle Control,96
FOSL2,Fibrosis,Fibroblast Signature,fibroblast_signature_louvain_3,Chromatin-Regulated Cell Cycle Control,96
FTH1,Fibrosis,Fibroblast Signature,fibroblast_signature_louvain_3,Chromatin-Regulated Cell Cycle Control,96
GCLC,Fibrosis,Fibroblast Signature,fibroblast_signature_louvain_3,Chromatin-Regulated Cell Cycle Control,96
GCLM,Fibrosis,Fibroblast Signature,fibroblast_signature_louvain_3,Chromatin-Regulated Cell Cycle Control,96
GGT5,Fibrosis,Fibroblast Signature,fibroblast_signature_louvain_3,Chromatin-Regulated Cell Cycle Control,96
GSTP1,Fibrosis,Fibroblast Signature,fibroblast_signature_louvain_3,Chromatin-Regulated Cell Cycle Control,96
GUF1,Fibrosis,Fibroblast Signature,fibroblast_signature_louvain_3,Chromatin-Regulated Cell Cycle Control,96
HDAC1,Fibrosis,Fibroblast Signature,fibroblast_signature_louvain_3,Chromatin-Regulated Cell Cycle Control,96
HMGA2,Fibrosis,Fibroblast Signature,fibroblast_signature_louvain_3,Chromatin-Regulated Cell Cycle Control,96
HTN3,Fibrosis,Fibroblast Signature,fibroblast_signature_louvain_3,Chromatin-Regulated Cell Cycle Control,96
IFI30,Fibrosis,Fibroblast Signature,fibroblast_signature_louvain_3,Chromatin-Regulated Cell Cycle Control,96
IFNA7,Fibrosis,Fibroblast Signature,fibroblast_signature_louvain_3,Chromatin-Regulated Cell Cycle Control,96
INCA1,Fibrosis,Fibroblast Signature,fibroblast_signature_louvain_3,Chromatin-Regulated Cell Cycle Control,96
ING5,Fibrosis,Fibroblast Signature,fibroblast_signature_louvain_3,Chromatin-Regulated Cell Cycle Control,96
JUN,Fibrosis,Fibroblast Signature,fibroblast_signature_louvain_3,Chromatin-Regulated Cell Cycle Control,96
KAT2A,Fibrosis,Fibroblast Signature,fibroblast_signature_louvain_3,Chromatin-Regulated Cell Cycle Control,96
KMT2A,Fibrosis,Fibroblast Signature,fibroblast_signature_louvain_3,Chromatin-Regulated Cell Cycle Control,96
LIG4,Fibrosis,Fibroblast Signature,fibroblast_signature_louvain_3,Chromatin-Regulated Cell Cycle Control,96
MACIR,Fibrosis,Fibroblast Signature,fibroblast_signature_louvain_3,Chromatin-Regulated Cell Cycle Control,96
MAPK1,Fibrosis,Fibroblast Signature,fibroblast_signature_louvain_3,Chromatin-Regulated Cell Cycle Control,96
MDM2,Fibrosis,Fibroblast Signature,fibroblast_signature_louvain_3,Chromatin-Regulated Cell Cycle Control,96
MED25,Fibrosis,Fibroblast Signature,fibroblast_signature_louvain_3,Chromatin-Regulated Cell Cycle Control,96
MED31,Fibrosis,Fibroblast Signature,fibroblast_signature_louvain_3,Chromatin-Regulated Cell Cycle Control,96
MICAL2,Fibrosis,Fibroblast Signature,fibroblast_signature_louvain_3,Chromatin-Regulated Cell Cycle Control,96
MIF,Fibrosis,Fibroblast Signature,fibroblast_signature_louvain_3,Chromatin-Regulated Cell Cycle Control,96
MORC3,Fibrosis,Fibroblast Signature,fibroblast_signature_louvain_3,Chromatin-Regulated Cell Cycle Control,96
MORF4L1,Fibrosis,Fibroblast Signature,fibroblast_signature_louvain_3,Chromatin-Regulated Cell Cycle Control,96
MSC,Fibrosis,Fibroblast Signature,fibroblast_signature_louvain_3,Chromatin-Regulated Cell Cycle Control,96
MTA2,Fibrosis,Fibroblast Signature,fibroblast_signature_louvain_3,Chromatin-Regulated Cell Cycle Control,96
MTOR,Fibrosis,Fibroblast Signature,fibroblast_signature_louvain_3,Chromatin-Regulated Cell Cycle Control,96
MUC1,Fibrosis,Fibroblast Signature,fibroblast_signature_louvain_3,Chromatin-Regulated Cell Cycle Control,96
MYB,Fibrosis,Fibroblast Signature,fibroblast_signature_louvain_3,Chromatin-Regulated Cell Cycle Control,96
MYC,Fibrosis,Fibroblast Signature,fibroblast_signature_louvain_3,Chromatin-Regulated Cell Cycle Control,96
NUAK1,Fibrosis,Fibroblast Signature,fibroblast_signature_louvain_3,Chromatin-Regulated Cell Cycle Control,96
NUPR1,Fibrosis,Fibroblast Signature,fibroblast_signature_louvain_3,Chromatin-Regulated Cell Cycle Control,96
PAWR,Fibrosis,Fibroblast Signature,fibroblast_signature_louvain_3,Chromatin-Regulated Cell Cycle Control,96
PEX2,Fibrosis,Fibroblast Signature,fibroblast_signature_louvain_3,Chromatin-Regulated Cell Cycle Control,96
PML,Fibrosis,Fibroblast Signature,fibroblast_signature_louvain_3,Chromatin-Regulated Cell Cycle Control,96
PRDX1,Fibrosis,Fibroblast Signature,fibroblast_signature_louvain_3,Chromatin-Regulated Cell Cycle Control,96
PRR5L,Fibrosis,Fibroblast Signature,fibroblast_signature_louvain_3,Chromatin-Regulated Cell Cycle Control,96
PXDN,Fibrosis,Fibroblast Signature,fibroblast_signature_louvain_3,Chromatin-Regulated Cell Cycle Control,96
RCC2,Fibrosis,Fibroblast Signature,fibroblast_signature_louvain_3,Chromatin-Regulated Cell Cycle Control,96
RFFL,Fibrosis,Fibroblast Signature,fibroblast_signature_louvain_3,Chromatin-Regulated Cell Cycle Control,96
RGCC,Fibrosis,Fibroblast Signature,fibroblast_signature_louvain_3,Chromatin-Regulated Cell Cycle Control,96
RNASEH2B,Fibrosis,Fibroblast Signature,fibroblast_signature_louvain_3,Chromatin-Regulated Cell Cycle Control,96
RPS6KA1,Fibrosis,Fibroblast Signature,fibroblast_signature_louvain_3,Chromatin-Regulated Cell Cycle Control,96
RRN3,Fibrosis,Fibroblast Signature,fibroblast_signature_louvain_3,Chromatin-Regulated Cell Cycle Control,96
RUVBL1,Fibrosis,Fibroblast Signature,fibroblast_signature_louvain_3,Chromatin-Regulated Cell Cycle Control,96
S100A6,Fibrosis,Fibroblast Signature,fibroblast_signature_louvain_3,Chromatin-Regulated Cell Cycle Control,96
SIRT6,Fibrosis,Fibroblast Signature,fibroblast_signature_louvain_3,Chromatin-Regulated Cell Cycle Control,96
SMAD2,Fibrosis,Fibroblast Signature,fibroblast_signature_louvain_3,Chromatin-Regulated Cell Cycle Control,96
SOD2,Fibrosis,Fibroblast Signature,fibroblast_signature_louvain_3,Chromatin-Regulated Cell Cycle Control,96
SOX11,Fibrosis,Fibroblast Signature,fibroblast_signature_louvain_3,Chromatin-Regulated Cell Cycle Control,96
SPDEF,Fibrosis,Fibroblast Signature,fibroblast_signature_louvain_3,Chromatin-Regulated Cell Cycle Control,96
TGIF1,Fibrosis,Fibroblast Signature,fibroblast_signature_louvain_3,Chromatin-Regulated Cell Cycle Control,96
TIPARP,Fibrosis,Fibroblast Signature,fibroblast_signature_louvain_3,Chromatin-Regulated Cell Cycle Control,96
TP53,Fibrosis,Fibroblast Signature,fibroblast_signature_louvain_3,Chromatin-Regulated Cell Cycle Control,96
TP53INP1,Fibrosis,Fibroblast Signature,fibroblast_signature_louvain_3,Chromatin-Regulated Cell Cycle Control,96
TTK,Fibrosis,Fibroblast Signature,fibroblast_signature_louvain_3,Chromatin-Regulated Cell Cycle Control,96
ULK3,Fibrosis,Fibroblast Signature,fibroblast_signature_louvain_3,Chromatin-Regulated Cell Cycle Control,96
ZEB2,Fibrosis,Fibroblast Signature,fibroblast_signature_louvain_3,Chromatin-Regulated Cell Cycle Control,96
ZFAND5,Fibrosis,Fibroblast Signature,fibroblast_signature_louvain_3,Chromatin-Regulated Cell Cycle Control,96
ZMIZ1,Fibrosis,Fibroblast Signature,fibroblast_signature_louvain_3,Chromatin-Regulated Cell Cycle Control,96
ABCC9,Fibrosis,Fibroblast Signature,fibroblast_signature_louvain_0,Cytoskeletal Remodelling,50
AKAP12,Fibrosis,Fibroblast Signature,fibroblast_signature_louvain_0,Cytoskeletal Remodelling,50
AKT1,Fibrosis,Fibroblast Signature,fibroblast_signature_louvain_0,Cytoskeletal Remodelling,50
APPL1,Fibrosis,Fibroblast Signature,fibroblast_signature_louvain_0,Cytoskeletal Remodelling,50
APPL2,Fibrosis,Fibroblast Signature,fibroblast_signature_louvain_0,Cytoskeletal Remodelling,50
AQP1,Fibrosis,Fibroblast Signature,fibroblast_signature_louvain_0,Cytoskeletal Remodelling,50
ARHGAP4,Fibrosis,Fibroblast Signature,fibroblast_signature_louvain_0,Cytoskeletal Remodelling,50
ARHGEF7,Fibrosis,Fibroblast Signature,fibroblast_signature_louvain_0,Cytoskeletal Remodelling,50
BRAF,Fibrosis,Fibroblast Signature,fibroblast_signature_louvain_0,Cytoskeletal Remodelling,50
BRK1,Fibrosis,Fibroblast Signature,fibroblast_signature_louvain_0,Cytoskeletal Remodelling,50
BTC,Fibrosis,Fibroblast Signature,fibroblast_signature_louvain_0,Cytoskeletal Remodelling,50
CAV1,Fibrosis,Fibroblast Signature,fibroblast_signature_louvain_0,Cytoskeletal Remodelling,50
CD300A,Fibrosis,Fibroblast Signature,fibroblast_signature_louvain_0,Cytoskeletal Remodelling,50
CORO1C,Fibrosis,Fibroblast Signature,fibroblast_signature_louvain_0,Cytoskeletal Remodelling,50
DAB2IP,Fibrosis,Fibroblast Signature,fibroblast_signature_louvain_0,Cytoskeletal Remodelling,50
DMTN,Fibrosis,Fibroblast Signature,fibroblast_signature_louvain_0,Cytoskeletal Remodelling,50
DPH1,Fibrosis,Fibroblast Signature,fibroblast_signature_louvain_0,Cytoskeletal Remodelling,50
EEF2,Fibrosis,Fibroblast Signature,fibroblast_signature_louvain_0,Cytoskeletal Remodelling,50
EGFR,Fibrosis,Fibroblast Signature,fibroblast_signature_louvain_0,Cytoskeletal Remodelling,50
EREG,Fibrosis,Fibroblast Signature,fibroblast_signature_louvain_0,Cytoskeletal Remodelling,50
GNA12,Fibrosis,Fibroblast Signature,fibroblast_signature_louvain_0,Cytoskeletal Remodelling,50
GNA13,Fibrosis,Fibroblast Signature,fibroblast_signature_louvain_0,Cytoskeletal Remodelling,50
GNG2,Fibrosis,Fibroblast Signature,fibroblast_signature_louvain_0,Cytoskeletal Remodelling,50
HRAS,Fibrosis,Fibroblast Signature,fibroblast_signature_louvain_0,Cytoskeletal Remodelling,50
ILK,Fibrosis,Fibroblast Signature,fibroblast_signature_louvain_0,Cytoskeletal Remodelling,50
IQGAP1,Fibrosis,Fibroblast Signature,fibroblast_signature_louvain_0,Cytoskeletal Remodelling,50
ITGB1,Fibrosis,Fibroblast Signature,fibroblast_signature_louvain_0,Cytoskeletal Remodelling,50
ITGB1BP1,Fibrosis,Fibroblast Signature,fibroblast_signature_louvain_0,Cytoskeletal Remodelling,50
ITGB3,Fibrosis,Fibroblast Signature,fibroblast_signature_louvain_0,Cytoskeletal Remodelling,50
KCND2,Fibrosis,Fibroblast Signature,fibroblast_signature_louvain_0,Cytoskeletal Remodelling,50
KCNJ8,Fibrosis,Fibroblast Signature,fibroblast_signature_louvain_0,Cytoskeletal Remodelling,50
KDM8,Fibrosis,Fibroblast Signature,fibroblast_signature_louvain_0,Cytoskeletal Remodelling,50
LAMTOR2,Fibrosis,Fibroblast Signature,fibroblast_signature_louvain_0,Cytoskeletal Remodelling,50
LMCD1,Fibrosis,Fibroblast Signature,fibroblast_signature_louvain_0,Cytoskeletal Remodelling,50
MIR145,Fibrosis,Fibroblast Signature,fibroblast_signature_louvain_0,Cytoskeletal Remodelling,50
NF1,Fibrosis,Fibroblast Signature,fibroblast_signature_louvain_0,Cytoskeletal Remodelling,50
NHERF1,Fibrosis,Fibroblast Signature,fibroblast_signature_louvain_0,Cytoskeletal Remodelling,50
NNMT,Fibrosis,Fibroblast Signature,fibroblast_signature_louvain_0,Cytoskeletal Remodelling,50
PAK1,Fibrosis,Fibroblast Signature,fibroblast_signature_louvain_0,Cytoskeletal Remodelling,50
PIP5K1A,Fibrosis,Fibroblast Signature,fibroblast_signature_louvain_0,Cytoskeletal Remodelling,50
PRKCE,Fibrosis,Fibroblast Signature,fibroblast_signature_louvain_0,Cytoskeletal Remodelling,50
PTK2,Fibrosis,Fibroblast Signature,fibroblast_signature_louvain_0,Cytoskeletal Remodelling,50
RAB31,Fibrosis,Fibroblast Signature,fibroblast_signature_louvain_0,Cytoskeletal Remodelling,50
RAC1,Fibrosis,Fibroblast Signature,fibroblast_signature_louvain_0,Cytoskeletal Remodelling,50
RGS4,Fibrosis,Fibroblast Signature,fibroblast_signature_louvain_0,Cytoskeletal Remodelling,50
RPS6,Fibrosis,Fibroblast Signature,fibroblast_signature_louvain_0,Cytoskeletal Remodelling,50
SGPL1,Fibrosis,Fibroblast Signature,fibroblast_signature_louvain_0,Cytoskeletal Remodelling,50
SPHK1,Fibrosis,Fibroblast Signature,fibroblast_signature_louvain_0,Cytoskeletal Remodelling,50
TNS1,Fibrosis,Fibroblast Signature,fibroblast_signature_louvain_0,Cytoskeletal Remodelling,50
VCL,Fibrosis,Fibroblast Signature,fibroblast_signature_louvain_0,Cytoskeletal Remodelling,50
ACTA2,Fibrosis,Fibroblast Signature,fibroblast_signature_louvain_1,Myofibroblast Differentiation,54
AEBP1,Fibrosis,Fibroblast Signature,fibroblast_signature_louvain_1,Myofibroblast Differentiation,54
AGT,Fibrosis,Fibroblast Signature,fibroblast_signature_louvain_1,Myofibroblast Differentiation,54
ANTXR1,Fibrosis,Fibroblast Signature,fibroblast_signature_louvain_1,Myofibroblast Differentiation,54
B4GALT7,Fibrosis,Fibroblast Signature,fibroblast_signature_louvain_1,Myofibroblast Differentiation,54
BRS3,Fibrosis,Fibroblast Signature,fibroblast_signature_louvain_1,Myofibroblast Differentiation,54
C1QL4,Fibrosis,Fibroblast Signature,fibroblast_signature_louvain_1,Myofibroblast Differentiation,54
C6orf89,Fibrosis,Fibroblast Signature,fibroblast_signature_louvain_1,Myofibroblast Differentiation,54
CALD1,Fibrosis,Fibroblast Signature,fibroblast_signature_louvain_1,Myofibroblast Differentiation,54
CCN3,Fibrosis,Fibroblast Signature,fibroblast_signature_louvain_1,Myofibroblast Differentiation,54
CD248,Fibrosis,Fibroblast Signature,fibroblast_signature_louvain_1,Myofibroblast Differentiation,54
CDH11,Fibrosis,Fibroblast Signature,fibroblast_signature_louvain_1,Myofibroblast Differentiation,54
COL3A1,Fibrosis,Fibroblast Signature,fibroblast_signature_louvain_1,Myofibroblast Differentiation,54
DDR2,Fibrosis,Fibroblast Signature,fibroblast_signature_louvain_1,Myofibroblast Differentiation,54
FAP,Fibrosis,Fibroblast Signature,fibroblast_signature_louvain_1,Myofibroblast Differentiation,54
FBLN1,Fibrosis,Fibroblast Signature,fibroblast_signature_louvain_1,Myofibroblast Differentiation,54
FGF10,Fibrosis,Fibroblast Signature,fibroblast_signature_louvain_1,Myofibroblast Differentiation,54
FGF2,Fibrosis,Fibroblast Signature,fibroblast_signature_louvain_1,Myofibroblast Differentiation,54
FN1,Fibrosis,Fibroblast Signature,fibroblast_signature_louvain_1,Myofibroblast Differentiation,54
FUT8,Fibrosis,Fibroblast Signature,fibroblast_signature_louvain_1,Myofibroblast Differentiation,54
GAS6,Fibrosis,Fibroblast Signature,fibroblast_signature_louvain_1,Myofibroblast Differentiation,54
HAS1,Fibrosis,Fibroblast Signature,fibroblast_signature_louvain_1,Myofibroblast Differentiation,54
HYAL2,Fibrosis,Fibroblast Signature,fibroblast_signature_louvain_1,Myofibroblast Differentiation,54
IGF1,Fibrosis,Fibroblast Signature,fibroblast_signature_louvain_1,Myofibroblast Differentiation,54
IL13,Fibrosis,Fibroblast Signature,fibroblast_signature_louvain_1,Myofibroblast Differentiation,54
IL17A,Fibrosis,Fibroblast Signature,fibroblast_signature_louvain_1,Myofibroblast Differentiation,54
IL17RA,Fibrosis,Fibroblast Signature,fibroblast_signature_louvain_1,Myofibroblast Differentiation,54
IL1B,Fibrosis,Fibroblast Signature,fibroblast_signature_louvain_1,Myofibroblast Differentiation,54
LEP,Fibrosis,Fibroblast Signature,fibroblast_signature_louvain_1,Myofibroblast Differentiation,54
LIF,Fibrosis,Fibroblast Signature,fibroblast_signature_louvain_1,Myofibroblast Differentiation,54
LTA,Fibrosis,Fibroblast Signature,fibroblast_signature_louvain_1,Myofibroblast Differentiation,54
MIR17,Fibrosis,Fibroblast Signature,fibroblast_signature_louvain_1,Myofibroblast Differentiation,54
MIR19A,Fibrosis,Fibroblast Signature,fibroblast_signature_louvain_1,Myofibroblast Differentiation,54
MIR19B1,Fibrosis,Fibroblast Signature,fibroblast_signature_louvain_1,Myofibroblast Differentiation,54
MXRA8,Fibrosis,Fibroblast Signature,fibroblast_signature_louvain_1,Myofibroblast Differentiation,54
NGFR,Fibrosis,Fibroblast Signature,fibroblast_signature_louvain_1,Myofibroblast Differentiation,54
NLRC3,Fibrosis,Fibroblast Signature,fibroblast_signature_louvain_1,Myofibroblast Differentiation,54
PALLD,Fibrosis,Fibroblast Signature,fibroblast_signature_louvain_1,Myofibroblast Differentiation,54
PDGFA,Fibrosis,Fibroblast Signature,fibroblast_signature_louvain_1,Myofibroblast Differentiation,54
PDGFB,Fibrosis,Fibroblast Signature,fibroblast_signature_louvain_1,Myofibroblast Differentiation,54
PDGFC,Fibrosis,Fibroblast Signature,fibroblast_signature_louvain_1,Myofibroblast Differentiation,54
PDGFD,Fibrosis,Fibroblast Signature,fibroblast_signature_louvain_1,Myofibroblast Differentiation,54
PDGFRA,Fibrosis,Fibroblast Signature,fibroblast_signature_louvain_1,Myofibroblast Differentiation,54
PDLIM1,Fibrosis,Fibroblast Signature,fibroblast_signature_louvain_1,Myofibroblast Differentiation,54
PDPN,Fibrosis,Fibroblast Signature,fibroblast_signature_louvain_1,Myofibroblast Differentiation,54
PLA2G1B,Fibrosis,Fibroblast Signature,fibroblast_signature_louvain_1,Myofibroblast Differentiation,54
PLXDC1,Fibrosis,Fibroblast Signature,fibroblast_signature_louvain_1,Myofibroblast Differentiation,54
SDC4,Fibrosis,Fibroblast Signature,fibroblast_signature_louvain_1,Myofibroblast Differentiation,54
TAGLN,Fibrosis,Fibroblast Signature,fibroblast_signature_louvain_1,Myofibroblast Differentiation,54
TGFB1,Fibrosis,Fibroblast Signature,fibroblast_signature_louvain_1,Myofibroblast Differentiation,54
THBS1,Fibrosis,Fibroblast Signature,fibroblast_signature_louvain_1,Myofibroblast Differentiation,54
THY1,Fibrosis,Fibroblast Signature,fibroblast_signature_louvain_1,Myofibroblast Differentiation,54
VEGFD,Fibrosis,Fibroblast Signature,fibroblast_signature_louvain_1,Myofibroblast Differentiation,54
VIM,Fibrosis,Fibroblast Signature,fibroblast_signature_louvain_1,Myofibroblast Differentiation,54
ALDH1L2,Fibrosis,Fibroblast Signature,fibroblast_signature_louvain_2,Wnt Signalling,20
CTNNB1,Fibrosis,Fibroblast Signature,fibroblast_signature_louvain_2,Wnt Signalling,20
EMD,Fibrosis,Fibroblast Signature,fibroblast_signature_louvain_2,Wnt Signalling,20
FER,Fibrosis,Fibroblast Signature,fibroblast_signature_louvain_2,Wnt Signalling,20
GART,Fibrosis,Fibroblast Signature,fibroblast_signature_louvain_2,Wnt Signalling,20
LZTS1,Fibrosis,Fibroblast Signature,fibroblast_signature_louvain_2,Wnt Signalling,20
LZTS2,Fibrosis,Fibroblast Signature,fibroblast_signature_louvain_2,Wnt Signalling,20
PARP10,Fibrosis,Fibroblast Signature,fibroblast_signature_louvain_2,Wnt Signalling,20
PLEC,Fibrosis,Fibroblast Signature,fibroblast_signature_louvain_2,Wnt Signalling,20
SFRP1,Fibrosis,Fibroblast Signature,fibroblast_signature_louvain_2,Wnt Signalling,20
SKI,Fibrosis,Fibroblast Signature,fibroblast_signature_louvain_2,Wnt Signalling,20
TMEM201,Fibrosis,Fibroblast Signature,fibroblast_signature_louvain_2,Wnt Signalling,20
TRIM32,Fibrosis,Fibroblast Signature,fibroblast_signature_louvain_2,Wnt Signalling,20
WDPCP,Fibrosis,Fibroblast Signature,fibroblast_signature_louvain_2,Wnt Signalling,20
WNT1,Fibrosis,Fibroblast Signature,fibroblast_signature_louvain_2,Wnt Signalling,20
WNT2,Fibrosis,Fibroblast Signature,fibroblast_signature_louvain_2,Wnt Signalling,20
WNT5A,Fibrosis,Fibroblast Signature,fibroblast_signature_louvain_2,Wnt Signalling,20
WNT7B,Fibrosis,Fibroblast Signature,fibroblast_signature_louvain_2,Wnt Signalling,20
XIRP1,Fibrosis,Fibroblast Signature,fibroblast_signature_louvain_2,Wnt Signalling,20
ZMPSTE24,Fibrosis,Fibroblast Signature,fibroblast_signature_louvain_2,Wnt Signalling,20
ACVR1,Fibrosis,Pro-Fibrotic Signalling,pro-fibrotic_signalling_louvain_5,BMP/Smad signalling,78
ACVR1B,Fibrosis,Pro-Fibrotic Signalling,pro-fibrotic_signalling_louvain_5,BMP/Smad signalling,78
ACVR1C,Fibrosis,Pro-Fibrotic Signalling,pro-fibrotic_signalling_louvain_5,BMP/Smad signalling,78
ACVR2A,Fibrosis,Pro-Fibrotic Signalling,pro-fibrotic_signalling_louvain_5,BMP/Smad signalling,78
ACVR2B,Fibrosis,Pro-Fibrotic Signalling,pro-fibrotic_signalling_louvain_5,BMP/Smad signalling,78
AMH,Fibrosis,Pro-Fibrotic Signalling,pro-fibrotic_signalling_louvain_5,BMP/Smad signalling,78
AMHR2,Fibrosis,Pro-Fibrotic Signalling,pro-fibrotic_signalling_louvain_5,BMP/Smad signalling,78
BAMBI,Fibrosis,Pro-Fibrotic Signalling,pro-fibrotic_signalling_louvain_5,BMP/Smad signalling,78
BMP2,Fibrosis,Pro-Fibrotic Signalling,pro-fibrotic_signalling_louvain_5,BMP/Smad signalling,78
BMP4,Fibrosis,Pro-Fibrotic Signalling,pro-fibrotic_signalling_louvain_5,BMP/Smad signalling,78
BMP5,Fibrosis,Pro-Fibrotic Signalling,pro-fibrotic_signalling_louvain_5,BMP/Smad signalling,78
BMP6,Fibrosis,Pro-Fibrotic Signalling,pro-fibrotic_signalling_louvain_5,BMP/Smad signalling,78
BMP7,Fibrosis,Pro-Fibrotic Signalling,pro-fibrotic_signalling_louvain_5,BMP/Smad signalling,78
BMP8A,Fibrosis,Pro-Fibrotic Signalling,pro-fibrotic_signalling_louvain_5,BMP/Smad signalling,78
BMP8B,Fibrosis,Pro-Fibrotic Signalling,pro-fibrotic_signalling_louvain_5,BMP/Smad signalling,78
BMPR1A,Fibrosis,Pro-Fibrotic Signalling,pro-fibrotic_signalling_louvain_5,BMP/Smad signalling,78
BMPR1B,Fibrosis,Pro-Fibrotic Signalling,pro-fibrotic_signalling_louvain_5,BMP/Smad signalling,78
BMPR2,Fibrosis,Pro-Fibrotic Signalling,pro-fibrotic_signalling_louvain_5,BMP/Smad signalling,78
CHRD,Fibrosis,Pro-Fibrotic Signalling,pro-fibrotic_signalling_louvain_5,BMP/Smad signalling,78
FSHR,Fibrosis,Pro-Fibrotic Signalling,pro-fibrotic_signalling_louvain_5,BMP/Smad signalling,78
FST,Fibrosis,Pro-Fibrotic Signalling,pro-fibrotic_signalling_louvain_5,BMP/Smad signalling,78
GDF5,Fibrosis,Pro-Fibrotic Signalling,pro-fibrotic_signalling_louvain_5,BMP/Smad signalling,78
GDF6,Fibrosis,Pro-Fibrotic Signalling,pro-fibrotic_signalling_louvain_5,BMP/Smad signalling,78
GDF7,Fibrosis,Pro-Fibrotic Signalling,pro-fibrotic_signalling_louvain_5,BMP/Smad signalling,78
GREM1,Fibrosis,Pro-Fibrotic Signalling,pro-fibrotic_signalling_louvain_5,BMP/Smad signalling,78
GREM2,Fibrosis,Pro-Fibrotic Signalling,pro-fibrotic_signalling_louvain_5,BMP/Smad signalling,78
HAMP,Fibrosis,Pro-Fibrotic Signalling,pro-fibrotic_signalling_louvain_5,BMP/Smad signalling,78
HFE,Fibrosis,Pro-Fibrotic Signalling,pro-fibrotic_signalling_louvain_5,BMP/Smad signalling,78
HJV,Fibrosis,Pro-Fibrotic Signalling,pro-fibrotic_signalling_louvain_5,BMP/Smad signalling,78
HTRA1,Fibrosis,Pro-Fibrotic Signalling,pro-fibrotic_signalling_louvain_5,BMP/Smad signalling,78
ID1,Fibrosis,Pro-Fibrotic Signalling,pro-fibrotic_signalling_louvain_5,BMP/Smad signalling,78
ID2,Fibrosis,Pro-Fibrotic Signalling,pro-fibrotic_signalling_louvain_5,BMP/Smad signalling,78
ID3,Fibrosis,Pro-Fibrotic Signalling,pro-fibrotic_signalling_louvain_5,BMP/Smad signalling,78
ID4,Fibrosis,Pro-Fibrotic Signalling,pro-fibrotic_signalling_louvain_5,BMP/Smad signalling,78
IGSF1,Fibrosis,Pro-Fibrotic Signalling,pro-fibrotic_signalling_louvain_5,BMP/Smad signalling,78
INHBA,Fibrosis,Pro-Fibrotic Signalling,pro-fibrotic_signalling_louvain_5,BMP/Smad signalling,78
INHBB,Fibrosis,Pro-Fibrotic Signalling,pro-fibrotic_signalling_louvain_5,BMP/Smad signalling,78
INHBC,Fibrosis,Pro-Fibrotic Signalling,pro-fibrotic_signalling_louvain_5,BMP/Smad signalling,78
INHBE,Fibrosis,Pro-Fibrotic Signalling,pro-fibrotic_signalling_louvain_5,BMP/Smad signalling,78
LEFTY1,Fibrosis,Pro-Fibrotic Signalling,pro-fibrotic_signalling_louvain_5,BMP/Smad signalling,78
LEFTY2,Fibrosis,Pro-Fibrotic Signalling,pro-fibrotic_signalling_louvain_5,BMP/Smad signalling,78
LEMD3,Fibrosis,Pro-Fibrotic Signalling,pro-fibrotic_signalling_louvain_5,BMP/Smad signalling,78
LRIG2,Fibrosis,Pro-Fibrotic Signalling,pro-fibrotic_signalling_louvain_5,BMP/Smad signalling,78
MAGEL2,Fibrosis,Pro-Fibrotic Signalling,pro-fibrotic_signalling_louvain_5,BMP/Smad signalling,78
MICOS10-NBL1,Fibrosis,Pro-Fibrotic Signalling,pro-fibrotic_signalling_louvain_5,BMP/Smad signalling,78
MSRB3,Fibrosis,Pro-Fibrotic Signalling,pro-fibrotic_signalling_louvain_5,BMP/Smad signalling,78
NEO1,Fibrosis,Pro-Fibrotic Signalling,pro-fibrotic_signalling_louvain_5,BMP/Smad signalling,78
NODAL,Fibrosis,Pro-Fibrotic Signalling,pro-fibrotic_signalling_louvain_5,BMP/Smad signalling,78
NOG,Fibrosis,Pro-Fibrotic Signalling,pro-fibrotic_signalling_louvain_5,BMP/Smad signalling,78
PIAS4,Fibrosis,Pro-Fibrotic Signalling,pro-fibrotic_signalling_louvain_5,BMP/Smad signalling,78
PITX2,Fibrosis,Pro-Fibrotic Signalling,pro-fibrotic_signalling_louvain_5,BMP/Smad signalling,78
PLEKHA1,Fibrosis,Pro-Fibrotic Signalling,pro-fibrotic_signalling_louvain_5,BMP/Smad signalling,78
PMEPA1,Fibrosis,Pro-Fibrotic Signalling,pro-fibrotic_signalling_louvain_5,BMP/Smad signalling,78
PRDM14,Fibrosis,Pro-Fibrotic Signalling,pro-fibrotic_signalling_louvain_5,BMP/Smad signalling,78
RGMA,Fibrosis,Pro-Fibrotic Signalling,pro-fibrotic_signalling_louvain_5,BMP/Smad signalling,78
RGMB,Fibrosis,Pro-Fibrotic Signalling,pro-fibrotic_signalling_louvain_5,BMP/Smad signalling,78
RUNX2,Fibrosis,Pro-Fibrotic Signalling,pro-fibrotic_signalling_louvain_5,BMP/Smad signalling,78
SKI,Fibrosis,Pro-Fibrotic Signalling,pro-fibrotic_signalling_louvain_5,BMP/Smad signalling,78
SKIL,Fibrosis,Pro-Fibrotic Signalling,pro-fibrotic_signalling_louvain_5,BMP/Smad signalling,78
SMAD1,Fibrosis,Pro-Fibrotic Signalling,pro-fibrotic_signalling_louvain_5,BMP/Smad signalling,78
SMAD2,Fibrosis,Pro-Fibrotic Signalling,pro-fibrotic_signalling_louvain_5,BMP/Smad signalling,78
SMAD3,Fibrosis,Pro-Fibrotic Signalling,pro-fibrotic_signalling_louvain_5,BMP/Smad signalling,78
SMAD4,Fibrosis,Pro-Fibrotic Signalling,pro-fibrotic_signalling_louvain_5,BMP/Smad signalling,78
SMAD5,Fibrosis,Pro-Fibrotic Signalling,pro-fibrotic_signalling_louvain_5,BMP/Smad signalling,78
SMAD6,Fibrosis,Pro-Fibrotic Signalling,pro-fibrotic_signalling_louvain_5,BMP/Smad signalling,78
SMAD7,Fibrosis,Pro-Fibrotic Signalling,pro-fibrotic_signalling_louvain_5,BMP/Smad signalling,78
SMAD9,Fibrosis,Pro-Fibrotic Signalling,pro-fibrotic_signalling_louvain_5,BMP/Smad signalling,78
SMURF1,Fibrosis,Pro-Fibrotic Signalling,pro-fibrotic_signalling_louvain_5,BMP/Smad signalling,78
SMURF2,Fibrosis,Pro-Fibrotic Signalling,pro-fibrotic_signalling_louvain_5,BMP/Smad signalling,78
TBX2,Fibrosis,Pro-Fibrotic Signalling,pro-fibrotic_signalling_louvain_5,BMP/Smad signalling,78
TF,Fibrosis,Pro-Fibrotic Signalling,pro-fibrotic_signalling_louvain_5,BMP/Smad signalling,78
TFR2,Fibrosis,Pro-Fibrotic Signalling,pro-fibrotic_signalling_louvain_5,BMP/Smad signalling,78
TGFB1I1,Fibrosis,Pro-Fibrotic Signalling,pro-fibrotic_signalling_louvain_5,BMP/Smad signalling,78
TGIF1,Fibrosis,Pro-Fibrotic Signalling,pro-fibrotic_signalling_louvain_5,BMP/Smad signalling,78
TGIF2,Fibrosis,Pro-Fibrotic Signalling,pro-fibrotic_signalling_louvain_5,BMP/Smad signalling,78
ZFYVE16,Fibrosis,Pro-Fibrotic Signalling,pro-fibrotic_signalling_louvain_5,BMP/Smad signalling,78
ZFYVE9,Fibrosis,Pro-Fibrotic Signalling,pro-fibrotic_signalling_louvain_5,BMP/Smad signalling,78
ZNF521,Fibrosis,Pro-Fibrotic Signalling,pro-fibrotic_signalling_louvain_5,BMP/Smad signalling,78
AOX1,Fibrosis,Pro-Fibrotic Signalling,pro-fibrotic_signalling_louvain_10,Canonical Wnt Signalling,23
APC,Fibrosis,Pro-Fibrotic Signalling,pro-fibrotic_signalling_louvain_10,Canonical Wnt Signalling,23
APC2,Fibrosis,Pro-Fibrotic Signalling,pro-fibrotic_signalling_louvain_10,Canonical Wnt Signalling,23
AXIN1,Fibrosis,Pro-Fibrotic Signalling,pro-fibrotic_signalling_louvain_10,Canonical Wnt Signalling,23
AXIN2,Fibrosis,Pro-Fibrotic Signalling,pro-fibrotic_signalling_louvain_10,Canonical Wnt Signalling,23
CACYBP,Fibrosis,Pro-Fibrotic Signalling,pro-fibrotic_signalling_louvain_10,Canonical Wnt Signalling,23
CBY1,Fibrosis,Pro-Fibrotic Signalling,pro-fibrotic_signalling_louvain_10,Canonical Wnt Signalling,23
CSNK1A1,Fibrosis,Pro-Fibrotic Signalling,pro-fibrotic_signalling_louvain_10,Canonical Wnt Signalling,23
CSNK1A1L,Fibrosis,Pro-Fibrotic Signalling,pro-fibrotic_signalling_louvain_10,Canonical Wnt Signalling,23
CTNNB1,Fibrosis,Pro-Fibrotic Signalling,pro-fibrotic_signalling_louvain_10,Canonical Wnt Signalling,23
CTNNBIP1,Fibrosis,Pro-Fibrotic Signalling,pro-fibrotic_signalling_louvain_10,Canonical Wnt Signalling,23
CTNND2,Fibrosis,Pro-Fibrotic Signalling,pro-fibrotic_signalling_louvain_10,Canonical Wnt Signalling,23
FER,Fibrosis,Pro-Fibrotic Signalling,pro-fibrotic_signalling_louvain_10,Canonical Wnt Signalling,23
FRAT1,Fibrosis,Pro-Fibrotic Signalling,pro-fibrotic_signalling_louvain_10,Canonical Wnt Signalling,23
FRAT2,Fibrosis,Pro-Fibrotic Signalling,pro-fibrotic_signalling_louvain_10,Canonical Wnt Signalling,23
LEF1,Fibrosis,Pro-Fibrotic Signalling,pro-fibrotic_signalling_louvain_10,Canonical Wnt Signalling,23
NLK,Fibrosis,Pro-Fibrotic Signalling,pro-fibrotic_signalling_louvain_10,Canonical Wnt Signalling,23
NNMT,Fibrosis,Pro-Fibrotic Signalling,pro-fibrotic_signalling_louvain_10,Canonical Wnt Signalling,23
SOX17,Fibrosis,Pro-Fibrotic Signalling,pro-fibrotic_signalling_louvain_10,Canonical Wnt Signalling,23
TCF7,Fibrosis,Pro-Fibrotic Signalling,pro-fibrotic_signalling_louvain_10,Canonical Wnt Signalling,23
TCF7L1,Fibrosis,Pro-Fibrotic Signalling,pro-fibrotic_signalling_louvain_10,Canonical Wnt Signalling,23
TCF7L2,Fibrosis,Pro-Fibrotic Signalling,pro-fibrotic_signalling_louvain_10,Canonical Wnt Signalling,23
TSHZ3,Fibrosis,Pro-Fibrotic Signalling,pro-fibrotic_signalling_louvain_10,Canonical Wnt Signalling,23
ABL1,Fibrosis,Pro-Fibrotic Signalling,pro-fibrotic_signalling_louvain_3,Cell Cycle G1/S Transition,21
CCND1,Fibrosis,Pro-Fibrotic Signalling,pro-fibrotic_signalling_louvain_3,Cell Cycle G1/S Transition,21
CCND2,Fibrosis,Pro-Fibrotic Signalling,pro-fibrotic_signalling_louvain_3,Cell Cycle G1/S Transition,21
CCND3,Fibrosis,Pro-Fibrotic Signalling,pro-fibrotic_signalling_louvain_3,Cell Cycle G1/S Transition,21
CDKN1A,Fibrosis,Pro-Fibrotic Signalling,pro-fibrotic_signalling_louvain_3,Cell Cycle G1/S Transition,21
CDKN1B,Fibrosis,Pro-Fibrotic Signalling,pro-fibrotic_signalling_louvain_3,Cell Cycle G1/S Transition,21
CDKN2B,Fibrosis,Pro-Fibrotic Signalling,pro-fibrotic_signalling_louvain_3,Cell Cycle G1/S Transition,21
CUL1,Fibrosis,Pro-Fibrotic Signalling,pro-fibrotic_signalling_louvain_3,Cell Cycle G1/S Transition,21
E2F4,Fibrosis,Pro-Fibrotic Signalling,pro-fibrotic_signalling_louvain_3,Cell Cycle G1/S Transition,21
E2F5,Fibrosis,Pro-Fibrotic Signalling,pro-fibrotic_signalling_louvain_3,Cell Cycle G1/S Transition,21
MCL1,Fibrosis,Pro-Fibrotic Signalling,pro-fibrotic_signalling_louvain_3,Cell Cycle G1/S Transition,21
MIR1-1,Fibrosis,Pro-Fibrotic Signalling,pro-fibrotic_signalling_louvain_3,Cell Cycle G1/S Transition,21
MIR16-1,Fibrosis,Pro-Fibrotic Signalling,pro-fibrotic_signalling_louvain_3,Cell Cycle G1/S Transition,21
MIR221,Fibrosis,Pro-Fibrotic Signalling,pro-fibrotic_signalling_louvain_3,Cell Cycle G1/S Transition,21
MYC,Fibrosis,Pro-Fibrotic Signalling,pro-fibrotic_signalling_louvain_3,Cell Cycle G1/S Transition,21
PIM1,Fibrosis,Pro-Fibrotic Signalling,pro-fibrotic_signalling_louvain_3,Cell Cycle G1/S Transition,21
RBL1,Fibrosis,Pro-Fibrotic Signalling,pro-fibrotic_signalling_louvain_3,Cell Cycle G1/S Transition,21
SGPL1,Fibrosis,Pro-Fibrotic Signalling,pro-fibrotic_signalling_louvain_3,Cell Cycle G1/S Transition,21
SKP1,Fibrosis,Pro-Fibrotic Signalling,pro-fibrotic_signalling_louvain_3,Cell Cycle G1/S Transition,21
TFDP1,Fibrosis,Pro-Fibrotic Signalling,pro-fibrotic_signalling_louvain_3,Cell Cycle G1/S Transition,21
ZDHHC16,Fibrosis,Pro-Fibrotic Signalling,pro-fibrotic_signalling_louvain_3,Cell Cycle G1/S Transition,21
ARID5B,Fibrosis,Pro-Fibrotic Signalling,pro-fibrotic_signalling_louvain_13,Cytokine-Cyotkine Receptor Interaction,67
CLCF1,Fibrosis,Pro-Fibrotic Signalling,pro-fibrotic_signalling_louvain_13,Cytokine-Cyotkine Receptor Interaction,67
CLEC11A,Fibrosis,Pro-Fibrotic Signalling,pro-fibrotic_signalling_louvain_13,Cytokine-Cyotkine Receptor Interaction,67
CNTF,Fibrosis,Pro-Fibrotic Signalling,pro-fibrotic_signalling_louvain_13,Cytokine-Cyotkine Receptor Interaction,67
CNTFR,Fibrosis,Pro-Fibrotic Signalling,pro-fibrotic_signalling_louvain_13,Cytokine-Cyotkine Receptor Interaction,67
CRLF2,Fibrosis,Pro-Fibrotic Signalling,pro-fibrotic_signalling_louvain_13,Cytokine-Cyotkine Receptor Interaction,67
CSF2,Fibrosis,Pro-Fibrotic Signalling,pro-fibrotic_signalling_louvain_13,Cytokine-Cyotkine Receptor Interaction,67
CSF2RA,Fibrosis,Pro-Fibrotic Signalling,pro-fibrotic_signalling_louvain_13,Cytokine-Cyotkine Receptor Interaction,67
CSF2RB,Fibrosis,Pro-Fibrotic Signalling,pro-fibrotic_signalling_louvain_13,Cytokine-Cyotkine Receptor Interaction,67
CSF3R,Fibrosis,Pro-Fibrotic Signalling,pro-fibrotic_signalling_louvain_13,Cytokine-Cyotkine Receptor Interaction,67
CTF1,Fibrosis,Pro-Fibrotic Signalling,pro-fibrotic_signalling_louvain_13,Cytokine-Cyotkine Receptor Interaction,67
EPOR,Fibrosis,Pro-Fibrotic Signalling,pro-fibrotic_signalling_louvain_13,Cytokine-Cyotkine Receptor Interaction,67
IFNA1,Fibrosis,Pro-Fibrotic Signalling,pro-fibrotic_signalling_louvain_13,Cytokine-Cyotkine Receptor Interaction,67
IFNA10,Fibrosis,Pro-Fibrotic Signalling,pro-fibrotic_signalling_louvain_13,Cytokine-Cyotkine Receptor Interaction,67
IFNA13,Fibrosis,Pro-Fibrotic Signalling,pro-fibrotic_signalling_louvain_13,Cytokine-Cyotkine Receptor Interaction,67
IFNA14,Fibrosis,Pro-Fibrotic Signalling,pro-fibrotic_signalling_louvain_13,Cytokine-Cyotkine Receptor Interaction,67
IFNA16,Fibrosis,Pro-Fibrotic Signalling,pro-fibrotic_signalling_louvain_13,Cytokine-Cyotkine Receptor Interaction,67
IFNA17,Fibrosis,Pro-Fibrotic Signalling,pro-fibrotic_signalling_louvain_13,Cytokine-Cyotkine Receptor Interaction,67
IFNA2,Fibrosis,Pro-Fibrotic Signalling,pro-fibrotic_signalling_louvain_13,Cytokine-Cyotkine Receptor Interaction,67
IFNA21,Fibrosis,Pro-Fibrotic Signalling,pro-fibrotic_signalling_louvain_13,Cytokine-Cyotkine Receptor Interaction,67
IFNA4,Fibrosis,Pro-Fibrotic Signalling,pro-fibrotic_signalling_louvain_13,Cytokine-Cyotkine Receptor Interaction,67
IFNA5,Fibrosis,Pro-Fibrotic Signalling,pro-fibrotic_signalling_louvain_13,Cytokine-Cyotkine Receptor Interaction,67
IFNA6,Fibrosis,Pro-Fibrotic Signalling,pro-fibrotic_signalling_louvain_13,Cytokine-Cyotkine Receptor Interaction,67
IFNA7,Fibrosis,Pro-Fibrotic Signalling,pro-fibrotic_signalling_louvain_13,Cytokine-Cyotkine Receptor Interaction,67
IFNA8,Fibrosis,Pro-Fibrotic Signalling,pro-fibrotic_signalling_louvain_13,Cytokine-Cyotkine Receptor Interaction,67
IFNAR1,Fibrosis,Pro-Fibrotic Signalling,pro-fibrotic_signalling_louvain_13,Cytokine-Cyotkine Receptor Interaction,67
IFNAR2,Fibrosis,Pro-Fibrotic Signalling,pro-fibrotic_signalling_louvain_13,Cytokine-Cyotkine Receptor Interaction,67
IFNB1,Fibrosis,Pro-Fibrotic Signalling,pro-fibrotic_signalling_louvain_13,Cytokine-Cyotkine Receptor Interaction,67
IFNGR1,Fibrosis,Pro-Fibrotic Signalling,pro-fibrotic_signalling_louvain_13,Cytokine-Cyotkine Receptor Interaction,67
IFNGR2,Fibrosis,Pro-Fibrotic Signalling,pro-fibrotic_signalling_louvain_13,Cytokine-Cyotkine Receptor Interaction,67
IFNW1,Fibrosis,Pro-Fibrotic Signalling,pro-fibrotic_signalling_louvain_13,Cytokine-Cyotkine Receptor Interaction,67
IL11,Fibrosis,Pro-Fibrotic Signalling,pro-fibrotic_signalling_louvain_13,Cytokine-Cyotkine Receptor Interaction,67
IL11RA,Fibrosis,Pro-Fibrotic Signalling,pro-fibrotic_signalling_louvain_13,Cytokine-Cyotkine Receptor Interaction,67
IL12A,Fibrosis,Pro-Fibrotic Signalling,pro-fibrotic_signalling_louvain_13,Cytokine-Cyotkine Receptor Interaction,67
IL12B,Fibrosis,Pro-Fibrotic Signalling,pro-fibrotic_signalling_louvain_13,Cytokine-Cyotkine Receptor Interaction,67
IL12RB1,Fibrosis,Pro-Fibrotic Signalling,pro-fibrotic_signalling_louvain_13,Cytokine-Cyotkine Receptor Interaction,67
IL12RB2,Fibrosis,Pro-Fibrotic Signalling,pro-fibrotic_signalling_louvain_13,Cytokine-Cyotkine Receptor Interaction,67
IL13RA1,Fibrosis,Pro-Fibrotic Signalling,pro-fibrotic_signalling_louvain_13,Cytokine-Cyotkine Receptor Interaction,67
IL13RA2,Fibrosis,Pro-Fibrotic Signalling,pro-fibrotic_signalling_louvain_13,Cytokine-Cyotkine Receptor Interaction,67
IL15,Fibrosis,Pro-Fibrotic Signalling,pro-fibrotic_signalling_louvain_13,Cytokine-Cyotkine Receptor Interaction,67
IL15RA,Fibrosis,Pro-Fibrotic Signalling,pro-fibrotic_signalling_louvain_13,Cytokine-Cyotkine Receptor Interaction,67
IL2,Fibrosis,Pro-Fibrotic Signalling,pro-fibrotic_signalling_louvain_13,Cytokine-Cyotkine Receptor Interaction,67
IL21,Fibrosis,Pro-Fibrotic Signalling,pro-fibrotic_signalling_louvain_13,Cytokine-Cyotkine Receptor Interaction,67
IL21R,Fibrosis,Pro-Fibrotic Signalling,pro-fibrotic_signalling_louvain_13,Cytokine-Cyotkine Receptor Interaction,67
IL23A,Fibrosis,Pro-Fibrotic Signalling,pro-fibrotic_signalling_louvain_13,Cytokine-Cyotkine Receptor Interaction,67
IL23R,Fibrosis,Pro-Fibrotic Signalling,pro-fibrotic_signalling_louvain_13,Cytokine-Cyotkine Receptor Interaction,67
IL27,Fibrosis,Pro-Fibrotic Signalling,pro-fibrotic_signalling_louvain_13,Cytokine-Cyotkine Receptor Interaction,67
IL27RA,Fibrosis,Pro-Fibrotic Signalling,pro-fibrotic_signalling_louvain_13,Cytokine-Cyotkine Receptor Interaction,67
IL2RA,Fibrosis,Pro-Fibrotic Signalling,pro-fibrotic_signalling_louvain_13,Cytokine-Cyotkine Receptor Interaction,67
IL2RB,Fibrosis,Pro-Fibrotic Signalling,pro-fibrotic_signalling_louvain_13,Cytokine-Cyotkine Receptor Interaction,67
IL2RG,Fibrosis,Pro-Fibrotic Signalling,pro-fibrotic_signalling_louvain_13,Cytokine-Cyotkine Receptor Interaction,67
IL3,Fibrosis,Pro-Fibrotic Signalling,pro-fibrotic_signalling_louvain_13,Cytokine-Cyotkine Receptor Interaction,67
IL31,Fibrosis,Pro-Fibrotic Signalling,pro-fibrotic_signalling_louvain_13,Cytokine-Cyotkine Receptor Interaction,67
IL31RA,Fibrosis,Pro-Fibrotic Signalling,pro-fibrotic_signalling_louvain_13,Cytokine-Cyotkine Receptor Interaction,67
IL3RA,Fibrosis,Pro-Fibrotic Signalling,pro-fibrotic_signalling_louvain_13,Cytokine-Cyotkine Receptor Interaction,67
IL4R,Fibrosis,Pro-Fibrotic Signalling,pro-fibrotic_signalling_louvain_13,Cytokine-Cyotkine Receptor Interaction,67
IL5RA,Fibrosis,Pro-Fibrotic Signalling,pro-fibrotic_signalling_louvain_13,Cytokine-Cyotkine Receptor Interaction,67
IL6R,Fibrosis,Pro-Fibrotic Signalling,pro-fibrotic_signalling_louvain_13,Cytokine-Cyotkine Receptor Interaction,67
IL6ST,Fibrosis,Pro-Fibrotic Signalling,pro-fibrotic_signalling_louvain_13,Cytokine-Cyotkine Receptor Interaction,67
IL7,Fibrosis,Pro-Fibrotic Signalling,pro-fibrotic_signalling_louvain_13,Cytokine-Cyotkine Receptor Interaction,67
IL9,Fibrosis,Pro-Fibrotic Signalling,pro-fibrotic_signalling_louvain_13,Cytokine-Cyotkine Receptor Interaction,67
IL9R,Fibrosis,Pro-Fibrotic Signalling,pro-fibrotic_signalling_louvain_13,Cytokine-Cyotkine Receptor Interaction,67
IRF9,Fibrosis,Pro-Fibrotic Signalling,pro-fibrotic_signalling_louvain_13,Cytokine-Cyotkine Receptor Interaction,67
LIF,Fibrosis,Pro-Fibrotic Signalling,pro-fibrotic_signalling_louvain_13,Cytokine-Cyotkine Receptor Interaction,67
LIFR,Fibrosis,Pro-Fibrotic Signalling,pro-fibrotic_signalling_louvain_13,Cytokine-Cyotkine Receptor Interaction,67
OSM,Fibrosis,Pro-Fibrotic Signalling,pro-fibrotic_signalling_louvain_13,Cytokine-Cyotkine Receptor Interaction,67
OSMR,Fibrosis,Pro-Fibrotic Signalling,pro-fibrotic_signalling_louvain_13,Cytokine-Cyotkine Receptor Interaction,67
APOD,Fibrosis,Pro-Fibrotic Signalling,pro-fibrotic_signalling_louvain_8,FGF Signalling,55
BICC1,Fibrosis,Pro-Fibrotic Signalling,pro-fibrotic_signalling_louvain_8,FGF Signalling,55
CEP57,Fibrosis,Pro-Fibrotic Signalling,pro-fibrotic_signalling_louvain_8,FGF Signalling,55
CSPG4,Fibrosis,Pro-Fibrotic Signalling,pro-fibrotic_signalling_louvain_8,FGF Signalling,55
EGF,Fibrosis,Pro-Fibrotic Signalling,pro-fibrotic_signalling_louvain_8,FGF Signalling,55
EXT1,Fibrosis,Pro-Fibrotic Signalling,pro-fibrotic_signalling_louvain_8,FGF Signalling,55
FGF1,Fibrosis,Pro-Fibrotic Signalling,pro-fibrotic_signalling_louvain_8,FGF Signalling,55
FGF10,Fibrosis,Pro-Fibrotic Signalling,pro-fibrotic_signalling_louvain_8,FGF Signalling,55
FGF12,Fibrosis,Pro-Fibrotic Signalling,pro-fibrotic_signalling_louvain_8,FGF Signalling,55
FGF14,Fibrosis,Pro-Fibrotic Signalling,pro-fibrotic_signalling_louvain_8,FGF Signalling,55
FGF16,Fibrosis,Pro-Fibrotic Signalling,pro-fibrotic_signalling_louvain_8,FGF Signalling,55
FGF17,Fibrosis,Pro-Fibrotic Signalling,pro-fibrotic_signalling_louvain_8,FGF Signalling,55
FGF18,Fibrosis,Pro-Fibrotic Signalling,pro-fibrotic_signalling_louvain_8,FGF Signalling,55
FGF19,Fibrosis,Pro-Fibrotic Signalling,pro-fibrotic_signalling_louvain_8,FGF Signalling,55
FGF2,Fibrosis,Pro-Fibrotic Signalling,pro-fibrotic_signalling_louvain_8,FGF Signalling,55
FGF20,Fibrosis,Pro-Fibrotic Signalling,pro-fibrotic_signalling_louvain_8,FGF Signalling,55
FGF21,Fibrosis,Pro-Fibrotic Signalling,pro-fibrotic_signalling_louvain_8,FGF Signalling,55
FGF22,Fibrosis,Pro-Fibrotic Signalling,pro-fibrotic_signalling_louvain_8,FGF Signalling,55
FGF23,Fibrosis,Pro-Fibrotic Signalling,pro-fibrotic_signalling_louvain_8,FGF Signalling,55
FGF3,Fibrosis,Pro-Fibrotic Signalling,pro-fibrotic_signalling_louvain_8,FGF Signalling,55
FGF4,Fibrosis,Pro-Fibrotic Signalling,pro-fibrotic_signalling_louvain_8,FGF Signalling,55
FGF5,Fibrosis,Pro-Fibrotic Signalling,pro-fibrotic_signalling_louvain_8,FGF Signalling,55
FGF6,Fibrosis,Pro-Fibrotic Signalling,pro-fibrotic_signalling_louvain_8,FGF Signalling,55
FGF7,Fibrosis,Pro-Fibrotic Signalling,pro-fibrotic_signalling_louvain_8,FGF Signalling,55
FGF8,Fibrosis,Pro-Fibrotic Signalling,pro-fibrotic_signalling_louvain_8,FGF Signalling,55
FGF9,Fibrosis,Pro-Fibrotic Signalling,pro-fibrotic_signalling_louvain_8,FGF Signalling,55
FGFBP1,Fibrosis,Pro-Fibrotic Signalling,pro-fibrotic_signalling_louvain_8,FGF Signalling,55
FGFBP3,Fibrosis,Pro-Fibrotic Signalling,pro-fibrotic_signalling_louvain_8,FGF Signalling,55
FGFR1,Fibrosis,Pro-Fibrotic Signalling,pro-fibrotic_signalling_louvain_8,FGF Signalling,55
FGFR2,Fibrosis,Pro-Fibrotic Signalling,pro-fibrotic_signalling_louvain_8,FGF Signalling,55
FGFR3,Fibrosis,Pro-Fibrotic Signalling,pro-fibrotic_signalling_louvain_8,FGF Signalling,55
FGFR4,Fibrosis,Pro-Fibrotic Signalling,pro-fibrotic_signalling_louvain_8,FGF Signalling,55
FGFRL1,Fibrosis,Pro-Fibrotic Signalling,pro-fibrotic_signalling_louvain_8,FGF Signalling,55
FIBP,Fibrosis,Pro-Fibrotic Signalling,pro-fibrotic_signalling_louvain_8,FGF Signalling,55
FLRT1,Fibrosis,Pro-Fibrotic Signalling,pro-fibrotic_signalling_louvain_8,FGF Signalling,55
FLRT2,Fibrosis,Pro-Fibrotic Signalling,pro-fibrotic_signalling_louvain_8,FGF Signalling,55
FLRT3,Fibrosis,Pro-Fibrotic Signalling,pro-fibrotic_signalling_louvain_8,FGF Signalling,55
FRS2,Fibrosis,Pro-Fibrotic Signalling,pro-fibrotic_signalling_louvain_8,FGF Signalling,55
FRS3,Fibrosis,Pro-Fibrotic Signalling,pro-fibrotic_signalling_louvain_8,FGF Signalling,55
GALNT3,Fibrosis,Pro-Fibrotic Signalling,pro-fibrotic_signalling_louvain_8,FGF Signalling,55
GFAP,Fibrosis,Pro-Fibrotic Signalling,pro-fibrotic_signalling_louvain_8,FGF Signalling,55
GPC1,Fibrosis,Pro-Fibrotic Signalling,pro-fibrotic_signalling_louvain_8,FGF Signalling,55
KL,Fibrosis,Pro-Fibrotic Signalling,pro-fibrotic_signalling_louvain_8,FGF Signalling,55
KLB,Fibrosis,Pro-Fibrotic Signalling,pro-fibrotic_signalling_louvain_8,FGF Signalling,55
NALCN,Fibrosis,Pro-Fibrotic Signalling,pro-fibrotic_signalling_louvain_8,FGF Signalling,55
NDST1,Fibrosis,Pro-Fibrotic Signalling,pro-fibrotic_signalling_louvain_8,FGF Signalling,55
NPTN,Fibrosis,Pro-Fibrotic Signalling,pro-fibrotic_signalling_louvain_8,FGF Signalling,55
NTM,Fibrosis,Pro-Fibrotic Signalling,pro-fibrotic_signalling_louvain_8,FGF Signalling,55
OTX2,Fibrosis,Pro-Fibrotic Signalling,pro-fibrotic_signalling_louvain_8,FGF Signalling,55
SPRY1,Fibrosis,Pro-Fibrotic Signalling,pro-fibrotic_signalling_louvain_8,FGF Signalling,55
SPRY2,Fibrosis,Pro-Fibrotic Signalling,pro-fibrotic_signalling_louvain_8,FGF Signalling,55
SPRY3,Fibrosis,Pro-Fibrotic Signalling,pro-fibrotic_signalling_louvain_8,FGF Signalling,55
SPRY4,Fibrosis,Pro-Fibrotic Signalling,pro-fibrotic_signalling_louvain_8,FGF Signalling,55
SULF2,Fibrosis,Pro-Fibrotic Signalling,pro-fibrotic_signalling_louvain_8,FGF Signalling,55
TENM3,Fibrosis,Pro-Fibrotic Signalling,pro-fibrotic_signalling_louvain_8,FGF Signalling,55
AKT2,Fibrosis,Pro-Fibrotic Signalling,pro-fibrotic_signalling_louvain_2,HIF-1 Signalling,73
AKT3,Fibrosis,Pro-Fibrotic Signalling,pro-fibrotic_signalling_louvain_2,HIF-1 Signalling,73
ARNT,Fibrosis,Pro-Fibrotic Signalling,pro-fibrotic_signalling_louvain_2,HIF-1 Signalling,73
BCL2,Fibrosis,Pro-Fibrotic Signalling,pro-fibrotic_signalling_louvain_2,HIF-1 Signalling,73
BCL2L1,Fibrosis,Pro-Fibrotic Signalling,pro-fibrotic_signalling_louvain_2,HIF-1 Signalling,73
BNC2,Fibrosis,Pro-Fibrotic Signalling,pro-fibrotic_signalling_louvain_2,HIF-1 Signalling,73
BTRC,Fibrosis,Pro-Fibrotic Signalling,pro-fibrotic_signalling_louvain_2,HIF-1 Signalling,73
CLASP2,Fibrosis,Pro-Fibrotic Signalling,pro-fibrotic_signalling_louvain_2,HIF-1 Signalling,73
CREB3L1,Fibrosis,Pro-Fibrotic Signalling,pro-fibrotic_signalling_louvain_2,HIF-1 Signalling,73
CSNK1D,Fibrosis,Pro-Fibrotic Signalling,pro-fibrotic_signalling_louvain_2,HIF-1 Signalling,73
CSNK1E,Fibrosis,Pro-Fibrotic Signalling,pro-fibrotic_signalling_louvain_2,HIF-1 Signalling,73
CUL2,Fibrosis,Pro-Fibrotic Signalling,pro-fibrotic_signalling_louvain_2,HIF-1 Signalling,73
CUL3,Fibrosis,Pro-Fibrotic Signalling,pro-fibrotic_signalling_louvain_2,HIF-1 Signalling,73
DPYSL3,Fibrosis,Pro-Fibrotic Signalling,pro-fibrotic_signalling_louvain_2,HIF-1 Signalling,73
EEF2,Fibrosis,Pro-Fibrotic Signalling,pro-fibrotic_signalling_louvain_2,HIF-1 Signalling,73
EGLN1,Fibrosis,Pro-Fibrotic Signalling,pro-fibrotic_signalling_louvain_2,HIF-1 Signalling,73
EGLN2,Fibrosis,Pro-Fibrotic Signalling,pro-fibrotic_signalling_louvain_2,HIF-1 Signalling,73
EGLN3,Fibrosis,Pro-Fibrotic Signalling,pro-fibrotic_signalling_louvain_2,HIF-1 Signalling,73
EIF4E,Fibrosis,Pro-Fibrotic Signalling,pro-fibrotic_signalling_louvain_2,HIF-1 Signalling,73
EIF4E1B,Fibrosis,Pro-Fibrotic Signalling,pro-fibrotic_signalling_louvain_2,HIF-1 Signalling,73
EIF4E2,Fibrosis,Pro-Fibrotic Signalling,pro-fibrotic_signalling_louvain_2,HIF-1 Signalling,73
EIF4EBP1,Fibrosis,Pro-Fibrotic Signalling,pro-fibrotic_signalling_louvain_2,HIF-1 Signalling,73
ELOB,Fibrosis,Pro-Fibrotic Signalling,pro-fibrotic_signalling_louvain_2,HIF-1 Signalling,73
ELOC,Fibrosis,Pro-Fibrotic Signalling,pro-fibrotic_signalling_louvain_2,HIF-1 Signalling,73
EP300,Fibrosis,Pro-Fibrotic Signalling,pro-fibrotic_signalling_louvain_2,HIF-1 Signalling,73
EPAS1,Fibrosis,Pro-Fibrotic Signalling,pro-fibrotic_signalling_louvain_2,HIF-1 Signalling,73
FBXW11,Fibrosis,Pro-Fibrotic Signalling,pro-fibrotic_signalling_louvain_2,HIF-1 Signalling,73
GSK3B,Fibrosis,Pro-Fibrotic Signalling,pro-fibrotic_signalling_louvain_2,HIF-1 Signalling,73
HIF1A,Fibrosis,Pro-Fibrotic Signalling,pro-fibrotic_signalling_louvain_2,HIF-1 Signalling,73
LDHB,Fibrosis,Pro-Fibrotic Signalling,pro-fibrotic_signalling_louvain_2,HIF-1 Signalling,73
MAP2K1,Fibrosis,Pro-Fibrotic Signalling,pro-fibrotic_signalling_louvain_2,HIF-1 Signalling,73
MAP2K2,Fibrosis,Pro-Fibrotic Signalling,pro-fibrotic_signalling_louvain_2,HIF-1 Signalling,73
MAPK1,Fibrosis,Pro-Fibrotic Signalling,pro-fibrotic_signalling_louvain_2,HIF-1 Signalling,73
MAPK3,Fibrosis,Pro-Fibrotic Signalling,pro-fibrotic_signalling_louvain_2,HIF-1 Signalling,73
MCC,Fibrosis,Pro-Fibrotic Signalling,pro-fibrotic_signalling_louvain_2,HIF-1 Signalling,73
MKNK1,Fibrosis,Pro-Fibrotic Signalling,pro-fibrotic_signalling_louvain_2,HIF-1 Signalling,73
MKNK2,Fibrosis,Pro-Fibrotic Signalling,pro-fibrotic_signalling_louvain_2,HIF-1 Signalling,73
MTOR,Fibrosis,Pro-Fibrotic Signalling,pro-fibrotic_signalling_louvain_2,HIF-1 Signalling,73
NFATC1,Fibrosis,Pro-Fibrotic Signalling,pro-fibrotic_signalling_louvain_2,HIF-1 Signalling,73
NFATC2,Fibrosis,Pro-Fibrotic Signalling,pro-fibrotic_signalling_louvain_2,HIF-1 Signalling,73
NFATC3,Fibrosis,Pro-Fibrotic Signalling,pro-fibrotic_signalling_louvain_2,HIF-1 Signalling,73
NFATC4,Fibrosis,Pro-Fibrotic Signalling,pro-fibrotic_signalling_louvain_2,HIF-1 Signalling,73
NHERF1,Fibrosis,Pro-Fibrotic Signalling,pro-fibrotic_signalling_louvain_2,HIF-1 Signalling,73
NPPA,Fibrosis,Pro-Fibrotic Signalling,pro-fibrotic_signalling_louvain_2,HIF-1 Signalling,73
OSCAR,Fibrosis,Pro-Fibrotic Signalling,pro-fibrotic_signalling_louvain_2,HIF-1 Signalling,73
PHF14,Fibrosis,Pro-Fibrotic Signalling,pro-fibrotic_signalling_louvain_2,HIF-1 Signalling,73
PPP2CA,Fibrosis,Pro-Fibrotic Signalling,pro-fibrotic_signalling_louvain_2,HIF-1 Signalling,73
PPP2CB,Fibrosis,Pro-Fibrotic Signalling,pro-fibrotic_signalling_louvain_2,HIF-1 Signalling,73
PPP2R1A,Fibrosis,Pro-Fibrotic Signalling,pro-fibrotic_signalling_louvain_2,HIF-1 Signalling,73
PPP2R1B,Fibrosis,Pro-Fibrotic Signalling,pro-fibrotic_signalling_louvain_2,HIF-1 Signalling,73
PPP3CA,Fibrosis,Pro-Fibrotic Signalling,pro-fibrotic_signalling_louvain_2,HIF-1 Signalling,73
PPP3CB,Fibrosis,Pro-Fibrotic Signalling,pro-fibrotic_signalling_louvain_2,HIF-1 Signalling,73
PPP3CC,Fibrosis,Pro-Fibrotic Signalling,pro-fibrotic_signalling_louvain_2,HIF-1 Signalling,73
PPP3R1,Fibrosis,Pro-Fibrotic Signalling,pro-fibrotic_signalling_louvain_2,HIF-1 Signalling,73
PPP3R2,Fibrosis,Pro-Fibrotic Signalling,pro-fibrotic_signalling_louvain_2,HIF-1 Signalling,73
PRKACA,Fibrosis,Pro-Fibrotic Signalling,pro-fibrotic_signalling_louvain_2,HIF-1 Signalling,73
PRKACB,Fibrosis,Pro-Fibrotic Signalling,pro-fibrotic_signalling_louvain_2,HIF-1 Signalling,73
PRKACG,Fibrosis,Pro-Fibrotic Signalling,pro-fibrotic_signalling_louvain_2,HIF-1 Signalling,73
PRKCA,Fibrosis,Pro-Fibrotic Signalling,pro-fibrotic_signalling_louvain_2,HIF-1 Signalling,73
PRKCB,Fibrosis,Pro-Fibrotic Signalling,pro-fibrotic_signalling_louvain_2,HIF-1 Signalling,73
PRKCG,Fibrosis,Pro-Fibrotic Signalling,pro-fibrotic_signalling_louvain_2,HIF-1 Signalling,73
PRKD2,Fibrosis,Pro-Fibrotic Signalling,pro-fibrotic_signalling_louvain_2,HIF-1 Signalling,73
RAF1,Fibrosis,Pro-Fibrotic Signalling,pro-fibrotic_signalling_louvain_2,HIF-1 Signalling,73
RBX1,Fibrosis,Pro-Fibrotic Signalling,pro-fibrotic_signalling_louvain_2,HIF-1 Signalling,73
RPS6,Fibrosis,Pro-Fibrotic Signalling,pro-fibrotic_signalling_louvain_2,HIF-1 Signalling,73
RPS6KB1,Fibrosis,Pro-Fibrotic Signalling,pro-fibrotic_signalling_louvain_2,HIF-1 Signalling,73
RPS6KB2,Fibrosis,Pro-Fibrotic Signalling,pro-fibrotic_signalling_louvain_2,HIF-1 Signalling,73
SIAH1,Fibrosis,Pro-Fibrotic Signalling,pro-fibrotic_signalling_louvain_2,HIF-1 Signalling,73
SMPD3,Fibrosis,Pro-Fibrotic Signalling,pro-fibrotic_signalling_louvain_2,HIF-1 Signalling,73
SP1,Fibrosis,Pro-Fibrotic Signalling,pro-fibrotic_signalling_louvain_2,HIF-1 Signalling,73
TPTEP2-CSNK1E,Fibrosis,Pro-Fibrotic Signalling,pro-fibrotic_signalling_louvain_2,HIF-1 Signalling,73
VEGFA,Fibrosis,Pro-Fibrotic Signalling,pro-fibrotic_signalling_louvain_2,HIF-1 Signalling,73
VHL,Fibrosis,Pro-Fibrotic Signalling,pro-fibrotic_signalling_louvain_2,HIF-1 Signalling,73
ARRB1,Fibrosis,Pro-Fibrotic Signalling,pro-fibrotic_signalling_louvain_15,Hedgehog Signalling,54
ARRB2,Fibrosis,Pro-Fibrotic Signalling,pro-fibrotic_signalling_louvain_15,Hedgehog Signalling,54
BOC,Fibrosis,Pro-Fibrotic Signalling,pro-fibrotic_signalling_louvain_15,Hedgehog Signalling,54
CDON,Fibrosis,Pro-Fibrotic Signalling,pro-fibrotic_signalling_louvain_15,Hedgehog Signalling,54
CSNK1G3,Fibrosis,Pro-Fibrotic Signalling,pro-fibrotic_signalling_louvain_15,Hedgehog Signalling,54
DHH,Fibrosis,Pro-Fibrotic Signalling,pro-fibrotic_signalling_louvain_15,Hedgehog Signalling,54
DISP1,Fibrosis,Pro-Fibrotic Signalling,pro-fibrotic_signalling_louvain_15,Hedgehog Signalling,54
EFCAB7,Fibrosis,Pro-Fibrotic Signalling,pro-fibrotic_signalling_louvain_15,Hedgehog Signalling,54
EVC,Fibrosis,Pro-Fibrotic Signalling,pro-fibrotic_signalling_louvain_15,Hedgehog Signalling,54
EVC2,Fibrosis,Pro-Fibrotic Signalling,pro-fibrotic_signalling_louvain_15,Hedgehog Signalling,54
FUZ,Fibrosis,Pro-Fibrotic Signalling,pro-fibrotic_signalling_louvain_15,Hedgehog Signalling,54
GAS1,Fibrosis,Pro-Fibrotic Signalling,pro-fibrotic_signalling_louvain_15,Hedgehog Signalling,54
GLI1,Fibrosis,Pro-Fibrotic Signalling,pro-fibrotic_signalling_louvain_15,Hedgehog Signalling,54
GLI2,Fibrosis,Pro-Fibrotic Signalling,pro-fibrotic_signalling_louvain_15,Hedgehog Signalling,54
GLI3,Fibrosis,Pro-Fibrotic Signalling,pro-fibrotic_signalling_louvain_15,Hedgehog Signalling,54
GPR161,Fibrosis,Pro-Fibrotic Signalling,pro-fibrotic_signalling_louvain_15,Hedgehog Signalling,54
GRK1,Fibrosis,Pro-Fibrotic Signalling,pro-fibrotic_signalling_louvain_15,Hedgehog Signalling,54
GRK2,Fibrosis,Pro-Fibrotic Signalling,pro-fibrotic_signalling_louvain_15,Hedgehog Signalling,54
GRK3,Fibrosis,Pro-Fibrotic Signalling,pro-fibrotic_signalling_louvain_15,Hedgehog Signalling,54
HGS,Fibrosis,Pro-Fibrotic Signalling,pro-fibrotic_signalling_louvain_15,Hedgehog Signalling,54
HHAT,Fibrosis,Pro-Fibrotic Signalling,pro-fibrotic_signalling_louvain_15,Hedgehog Signalling,54
HHIP,Fibrosis,Pro-Fibrotic Signalling,pro-fibrotic_signalling_louvain_15,Hedgehog Signalling,54
HIP1,Fibrosis,Pro-Fibrotic Signalling,pro-fibrotic_signalling_louvain_15,Hedgehog Signalling,54
HIP1R,Fibrosis,Pro-Fibrotic Signalling,pro-fibrotic_signalling_louvain_15,Hedgehog Signalling,54
IFT20,Fibrosis,Pro-Fibrotic Signalling,pro-fibrotic_signalling_louvain_15,Hedgehog Signalling,54
IFT80,Fibrosis,Pro-Fibrotic Signalling,pro-fibrotic_signalling_louvain_15,Hedgehog Signalling,54
IHH,Fibrosis,Pro-Fibrotic Signalling,pro-fibrotic_signalling_louvain_15,Hedgehog Signalling,54
IQCE,Fibrosis,Pro-Fibrotic Signalling,pro-fibrotic_signalling_louvain_15,Hedgehog Signalling,54
ITCH,Fibrosis,Pro-Fibrotic Signalling,pro-fibrotic_signalling_louvain_15,Hedgehog Signalling,54
KIF16B,Fibrosis,Pro-Fibrotic Signalling,pro-fibrotic_signalling_louvain_15,Hedgehog Signalling,54
KIF26B,Fibrosis,Pro-Fibrotic Signalling,pro-fibrotic_signalling_louvain_15,Hedgehog Signalling,54
KIF3A,Fibrosis,Pro-Fibrotic Signalling,pro-fibrotic_signalling_louvain_15,Hedgehog Signalling,54
KIF7,Fibrosis,Pro-Fibrotic Signalling,pro-fibrotic_signalling_louvain_15,Hedgehog Signalling,54
LRIT3,Fibrosis,Pro-Fibrotic Signalling,pro-fibrotic_signalling_louvain_15,Hedgehog Signalling,54
LRP2,Fibrosis,Pro-Fibrotic Signalling,pro-fibrotic_signalling_louvain_15,Hedgehog Signalling,54
MEGF8,Fibrosis,Pro-Fibrotic Signalling,pro-fibrotic_signalling_louvain_15,Hedgehog Signalling,54
MGRN1,Fibrosis,Pro-Fibrotic Signalling,pro-fibrotic_signalling_louvain_15,Hedgehog Signalling,54
MOSMO,Fibrosis,Pro-Fibrotic Signalling,pro-fibrotic_signalling_louvain_15,Hedgehog Signalling,54
OFD1,Fibrosis,Pro-Fibrotic Signalling,pro-fibrotic_signalling_louvain_15,Hedgehog Signalling,54
PMP22,Fibrosis,Pro-Fibrotic Signalling,pro-fibrotic_signalling_louvain_15,Hedgehog Signalling,54
PTCH1,Fibrosis,Pro-Fibrotic Signalling,pro-fibrotic_signalling_louvain_15,Hedgehog Signalling,54
PTCH2,Fibrosis,Pro-Fibrotic Signalling,pro-fibrotic_signalling_louvain_15,Hedgehog Signalling,54
RAB14,Fibrosis,Pro-Fibrotic Signalling,pro-fibrotic_signalling_louvain_15,Hedgehog Signalling,54
SCUBE2,Fibrosis,Pro-Fibrotic Signalling,pro-fibrotic_signalling_louvain_15,Hedgehog Signalling,54
SGIP1,Fibrosis,Pro-Fibrotic Signalling,pro-fibrotic_signalling_louvain_15,Hedgehog Signalling,54
SHH,Fibrosis,Pro-Fibrotic Signalling,pro-fibrotic_signalling_louvain_15,Hedgehog Signalling,54
SMO,Fibrosis,Pro-Fibrotic Signalling,pro-fibrotic_signalling_louvain_15,Hedgehog Signalling,54
SPOP,Fibrosis,Pro-Fibrotic Signalling,pro-fibrotic_signalling_louvain_15,Hedgehog Signalling,54
SPOPL,Fibrosis,Pro-Fibrotic Signalling,pro-fibrotic_signalling_louvain_15,Hedgehog Signalling,54
STAM,Fibrosis,Pro-Fibrotic Signalling,pro-fibrotic_signalling_louvain_15,Hedgehog Signalling,54
STAM2,Fibrosis,Pro-Fibrotic Signalling,pro-fibrotic_signalling_louvain_15,Hedgehog Signalling,54
STON1,Fibrosis,Pro-Fibrotic Signalling,pro-fibrotic_signalling_louvain_15,Hedgehog Signalling,54
SUFU,Fibrosis,Pro-Fibrotic Signalling,pro-fibrotic_signalling_louvain_15,Hedgehog Signalling,54
THSD4,Fibrosis,Pro-Fibrotic Signalling,pro-fibrotic_signalling_louvain_15,Hedgehog Signalling,54
C1QTNF6,Fibrosis,Pro-Fibrotic Signalling,pro-fibrotic_signalling_louvain_14,JAK-STAT Signalling,78
CCL11,Fibrosis,Pro-Fibrotic Signalling,pro-fibrotic_signalling_louvain_14,JAK-STAT Signalling,78
CD28,Fibrosis,Pro-Fibrotic Signalling,pro-fibrotic_signalling_louvain_14,JAK-STAT Signalling,78
CISH,Fibrosis,Pro-Fibrotic Signalling,pro-fibrotic_signalling_louvain_14,JAK-STAT Signalling,78
CLMP,Fibrosis,Pro-Fibrotic Signalling,pro-fibrotic_signalling_louvain_14,JAK-STAT Signalling,78
CSF3,Fibrosis,Pro-Fibrotic Signalling,pro-fibrotic_signalling_louvain_14,JAK-STAT Signalling,78
CSH1,Fibrosis,Pro-Fibrotic Signalling,pro-fibrotic_signalling_louvain_14,JAK-STAT Signalling,78
CSH2,Fibrosis,Pro-Fibrotic Signalling,pro-fibrotic_signalling_louvain_14,JAK-STAT Signalling,78
CSHL1,Fibrosis,Pro-Fibrotic Signalling,pro-fibrotic_signalling_louvain_14,JAK-STAT Signalling,78
EPO,Fibrosis,Pro-Fibrotic Signalling,pro-fibrotic_signalling_louvain_14,JAK-STAT Signalling,78
FHL1,Fibrosis,Pro-Fibrotic Signalling,pro-fibrotic_signalling_louvain_14,JAK-STAT Signalling,78
GATA3,Fibrosis,Pro-Fibrotic Signalling,pro-fibrotic_signalling_louvain_14,JAK-STAT Signalling,78
GH1,Fibrosis,Pro-Fibrotic Signalling,pro-fibrotic_signalling_louvain_14,JAK-STAT Signalling,78
GH2,Fibrosis,Pro-Fibrotic Signalling,pro-fibrotic_signalling_louvain_14,JAK-STAT Signalling,78
GHR,Fibrosis,Pro-Fibrotic Signalling,pro-fibrotic_signalling_louvain_14,JAK-STAT Signalling,78
IFNE,Fibrosis,Pro-Fibrotic Signalling,pro-fibrotic_signalling_louvain_14,JAK-STAT Signalling,78
IFNG,Fibrosis,Pro-Fibrotic Signalling,pro-fibrotic_signalling_louvain_14,JAK-STAT Signalling,78
IFNK,Fibrosis,Pro-Fibrotic Signalling,pro-fibrotic_signalling_louvain_14,JAK-STAT Signalling,78
IFNL1,Fibrosis,Pro-Fibrotic Signalling,pro-fibrotic_signalling_louvain_14,JAK-STAT Signalling,78
IFNL2,Fibrosis,Pro-Fibrotic Signalling,pro-fibrotic_signalling_louvain_14,JAK-STAT Signalling,78
IFNL3,Fibrosis,Pro-Fibrotic Signalling,pro-fibrotic_signalling_louvain_14,JAK-STAT Signalling,78
IFNLR1,Fibrosis,Pro-Fibrotic Signalling,pro-fibrotic_signalling_louvain_14,JAK-STAT Signalling,78
IL10,Fibrosis,Pro-Fibrotic Signalling,pro-fibrotic_signalling_louvain_14,JAK-STAT Signalling,78
IL10RA,Fibrosis,Pro-Fibrotic Signalling,pro-fibrotic_signalling_louvain_14,JAK-STAT Signalling,78
IL10RB,Fibrosis,Pro-Fibrotic Signalling,pro-fibrotic_signalling_louvain_14,JAK-STAT Signalling,78
IL13,Fibrosis,Pro-Fibrotic Signalling,pro-fibrotic_signalling_louvain_14,JAK-STAT Signalling,78
IL19,Fibrosis,Pro-Fibrotic Signalling,pro-fibrotic_signalling_louvain_14,JAK-STAT Signalling,78
IL1B,Fibrosis,Pro-Fibrotic Signalling,pro-fibrotic_signalling_louvain_14,JAK-STAT Signalling,78
IL1R1,Fibrosis,Pro-Fibrotic Signalling,pro-fibrotic_signalling_louvain_14,JAK-STAT Signalling,78
IL20,Fibrosis,Pro-Fibrotic Signalling,pro-fibrotic_signalling_louvain_14,JAK-STAT Signalling,78
IL20RA,Fibrosis,Pro-Fibrotic Signalling,pro-fibrotic_signalling_louvain_14,JAK-STAT Signalling,78
IL20RB,Fibrosis,Pro-Fibrotic Signalling,pro-fibrotic_signalling_louvain_14,JAK-STAT Signalling,78
IL22,Fibrosis,Pro-Fibrotic Signalling,pro-fibrotic_signalling_louvain_14,JAK-STAT Signalling,78
IL22RA1,Fibrosis,Pro-Fibrotic Signalling,pro-fibrotic_signalling_louvain_14,JAK-STAT Signalling,78
IL22RA2,Fibrosis,Pro-Fibrotic Signalling,pro-fibrotic_signalling_louvain_14,JAK-STAT Signalling,78
IL24,Fibrosis,Pro-Fibrotic Signalling,pro-fibrotic_signalling_louvain_14,JAK-STAT Signalling,78
IL26,Fibrosis,Pro-Fibrotic Signalling,pro-fibrotic_signalling_louvain_14,JAK-STAT Signalling,78
IL4,Fibrosis,Pro-Fibrotic Signalling,pro-fibrotic_signalling_louvain_14,JAK-STAT Signalling,78
IL5,Fibrosis,Pro-Fibrotic Signalling,pro-fibrotic_signalling_louvain_14,JAK-STAT Signalling,78
IL6,Fibrosis,Pro-Fibrotic Signalling,pro-fibrotic_signalling_louvain_14,JAK-STAT Signalling,78
IL7R,Fibrosis,Pro-Fibrotic Signalling,pro-fibrotic_signalling_louvain_14,JAK-STAT Signalling,78
JAK1,Fibrosis,Pro-Fibrotic Signalling,pro-fibrotic_signalling_louvain_14,JAK-STAT Signalling,78
JAK2,Fibrosis,Pro-Fibrotic Signalling,pro-fibrotic_signalling_louvain_14,JAK-STAT Signalling,78
JAK3,Fibrosis,Pro-Fibrotic Signalling,pro-fibrotic_signalling_louvain_14,JAK-STAT Signalling,78
LEP,Fibrosis,Pro-Fibrotic Signalling,pro-fibrotic_signalling_louvain_14,JAK-STAT Signalling,78
LEPR,Fibrosis,Pro-Fibrotic Signalling,pro-fibrotic_signalling_louvain_14,JAK-STAT Signalling,78
LTBR,Fibrosis,Pro-Fibrotic Signalling,pro-fibrotic_signalling_louvain_14,JAK-STAT Signalling,78
MPL,Fibrosis,Pro-Fibrotic Signalling,pro-fibrotic_signalling_louvain_14,JAK-STAT Signalling,78
NOS2,Fibrosis,Pro-Fibrotic Signalling,pro-fibrotic_signalling_louvain_14,JAK-STAT Signalling,78
PIAS1,Fibrosis,Pro-Fibrotic Signalling,pro-fibrotic_signalling_louvain_14,JAK-STAT Signalling,78
PIAS2,Fibrosis,Pro-Fibrotic Signalling,pro-fibrotic_signalling_louvain_14,JAK-STAT Signalling,78
PIAS3,Fibrosis,Pro-Fibrotic Signalling,pro-fibrotic_signalling_louvain_14,JAK-STAT Signalling,78
PRL,Fibrosis,Pro-Fibrotic Signalling,pro-fibrotic_signalling_louvain_14,JAK-STAT Signalling,78
PRLR,Fibrosis,Pro-Fibrotic Signalling,pro-fibrotic_signalling_louvain_14,JAK-STAT Signalling,78
PTPN1,Fibrosis,Pro-Fibrotic Signalling,pro-fibrotic_signalling_louvain_14,JAK-STAT Signalling,78
PTPN2,Fibrosis,Pro-Fibrotic Signalling,pro-fibrotic_signalling_louvain_14,JAK-STAT Signalling,78
PTPN6,Fibrosis,Pro-Fibrotic Signalling,pro-fibrotic_signalling_louvain_14,JAK-STAT Signalling,78
SOCS1,Fibrosis,Pro-Fibrotic Signalling,pro-fibrotic_signalling_louvain_14,JAK-STAT Signalling,78
SOCS2,Fibrosis,Pro-Fibrotic Signalling,pro-fibrotic_signalling_louvain_14,JAK-STAT Signalling,78
SOCS3,Fibrosis,Pro-Fibrotic Signalling,pro-fibrotic_signalling_louvain_14,JAK-STAT Signalling,78
SOCS4,Fibrosis,Pro-Fibrotic Signalling,pro-fibrotic_signalling_louvain_14,JAK-STAT Signalling,78
SOCS5,Fibrosis,Pro-Fibrotic Signalling,pro-fibrotic_signalling_louvain_14,JAK-STAT Signalling,78
SOCS6,Fibrosis,Pro-Fibrotic Signalling,pro-fibrotic_signalling_louvain_14,JAK-STAT Signalling,78
SOCS7,Fibrosis,Pro-Fibrotic Signalling,pro-fibrotic_signalling_louvain_14,JAK-STAT Signalling,78
SPDEF,Fibrosis,Pro-Fibrotic Signalling,pro-fibrotic_signalling_louvain_14,JAK-STAT Signalling,78
STAT1,Fibrosis,Pro-Fibrotic Signalling,pro-fibrotic_signalling_louvain_14,JAK-STAT Signalling,78
STAT2,Fibrosis,Pro-Fibrotic Signalling,pro-fibrotic_signalling_louvain_14,JAK-STAT Signalling,78
STAT3,Fibrosis,Pro-Fibrotic Signalling,pro-fibrotic_signalling_louvain_14,JAK-STAT Signalling,78
STAT4,Fibrosis,Pro-Fibrotic Signalling,pro-fibrotic_signalling_louvain_14,JAK-STAT Signalling,78
STAT5A,Fibrosis,Pro-Fibrotic Signalling,pro-fibrotic_signalling_louvain_14,JAK-STAT Signalling,78
STAT5B,Fibrosis,Pro-Fibrotic Signalling,pro-fibrotic_signalling_louvain_14,JAK-STAT Signalling,78
STAT6,Fibrosis,Pro-Fibrotic Signalling,pro-fibrotic_signalling_louvain_14,JAK-STAT Signalling,78
THPO,Fibrosis,Pro-Fibrotic Signalling,pro-fibrotic_signalling_louvain_14,JAK-STAT Signalling,78
TLR4,Fibrosis,Pro-Fibrotic Signalling,pro-fibrotic_signalling_louvain_14,JAK-STAT Signalling,78
TNF,Fibrosis,Pro-Fibrotic Signalling,pro-fibrotic_signalling_louvain_14,JAK-STAT Signalling,78
TNFSF4,Fibrosis,Pro-Fibrotic Signalling,pro-fibrotic_signalling_louvain_14,JAK-STAT Signalling,78
TSLP,Fibrosis,Pro-Fibrotic Signalling,pro-fibrotic_signalling_louvain_14,JAK-STAT Signalling,78
TYK2,Fibrosis,Pro-Fibrotic Signalling,pro-fibrotic_signalling_louvain_14,JAK-STAT Signalling,78
C1S,Fibrosis,Pro-Fibrotic Signalling,pro-fibrotic_signalling_louvain_9,Matricellular Signalling,32
CCN2,Fibrosis,Pro-Fibrotic Signalling,pro-fibrotic_signalling_louvain_9,Matricellular Signalling,32
COL4A1,Fibrosis,Pro-Fibrotic Signalling,pro-fibrotic_signalling_louvain_9,Matricellular Signalling,32
COL4A2,Fibrosis,Pro-Fibrotic Signalling,pro-fibrotic_signalling_louvain_9,Matricellular Signalling,32
COL4A3,Fibrosis,Pro-Fibrotic Signalling,pro-fibrotic_signalling_louvain_9,Matricellular Signalling,32
COL4A5,Fibrosis,Pro-Fibrotic Signalling,pro-fibrotic_signalling_louvain_9,Matricellular Signalling,32
COL4A6,Fibrosis,Pro-Fibrotic Signalling,pro-fibrotic_signalling_louvain_9,Matricellular Signalling,32
DCN,Fibrosis,Pro-Fibrotic Signalling,pro-fibrotic_signalling_louvain_9,Matricellular Signalling,32
DDR1,Fibrosis,Pro-Fibrotic Signalling,pro-fibrotic_signalling_louvain_9,Matricellular Signalling,32
DDR2,Fibrosis,Pro-Fibrotic Signalling,pro-fibrotic_signalling_louvain_9,Matricellular Signalling,32
EMP3,Fibrosis,Pro-Fibrotic Signalling,pro-fibrotic_signalling_louvain_9,Matricellular Signalling,32
F3,Fibrosis,Pro-Fibrotic Signalling,pro-fibrotic_signalling_louvain_9,Matricellular Signalling,32
F7,Fibrosis,Pro-Fibrotic Signalling,pro-fibrotic_signalling_louvain_9,Matricellular Signalling,32
GP6,Fibrosis,Pro-Fibrotic Signalling,pro-fibrotic_signalling_louvain_9,Matricellular Signalling,32
HAPLN2,Fibrosis,Pro-Fibrotic Signalling,pro-fibrotic_signalling_louvain_9,Matricellular Signalling,32
HHATL,Fibrosis,Pro-Fibrotic Signalling,pro-fibrotic_signalling_louvain_9,Matricellular Signalling,32
ITGA11,Fibrosis,Pro-Fibrotic Signalling,pro-fibrotic_signalling_louvain_9,Matricellular Signalling,32
ITGA2,Fibrosis,Pro-Fibrotic Signalling,pro-fibrotic_signalling_louvain_9,Matricellular Signalling,32
ITGB1,Fibrosis,Pro-Fibrotic Signalling,pro-fibrotic_signalling_louvain_9,Matricellular Signalling,32
ITGB3,Fibrosis,Pro-Fibrotic Signalling,pro-fibrotic_signalling_louvain_9,Matricellular Signalling,32
LGALS1,Fibrosis,Pro-Fibrotic Signalling,pro-fibrotic_signalling_louvain_9,Matricellular Signalling,32
LOX,Fibrosis,Pro-Fibrotic Signalling,pro-fibrotic_signalling_louvain_9,Matricellular Signalling,32
LRP1,Fibrosis,Pro-Fibrotic Signalling,pro-fibrotic_signalling_louvain_9,Matricellular Signalling,32
MMP7,Fibrosis,Pro-Fibrotic Signalling,pro-fibrotic_signalling_louvain_9,Matricellular Signalling,32
PLAT,Fibrosis,Pro-Fibrotic Signalling,pro-fibrotic_signalling_louvain_9,Matricellular Signalling,32
RGS14,Fibrosis,Pro-Fibrotic Signalling,pro-fibrotic_signalling_louvain_9,Matricellular Signalling,32
SERPINE1,Fibrosis,Pro-Fibrotic Signalling,pro-fibrotic_signalling_louvain_9,Matricellular Signalling,32
SERPINF1,Fibrosis,Pro-Fibrotic Signalling,pro-fibrotic_signalling_louvain_9,Matricellular Signalling,32
THBS1,Fibrosis,Pro-Fibrotic Signalling,pro-fibrotic_signalling_louvain_9,Matricellular Signalling,32
TIMP1,Fibrosis,Pro-Fibrotic Signalling,pro-fibrotic_signalling_louvain_9,Matricellular Signalling,32
TSPAN9,Fibrosis,Pro-Fibrotic Signalling,pro-fibrotic_signalling_louvain_9,Matricellular Signalling,32
VCAN,Fibrosis,Pro-Fibrotic Signalling,pro-fibrotic_signalling_louvain_9,Matricellular Signalling,32
ALDOA,Fibrosis,Pro-Fibrotic Signalling,pro-fibrotic_signalling_louvain_0,Metabolic Reprogramming,30
ALDOB,Fibrosis,Pro-Fibrotic Signalling,pro-fibrotic_signalling_louvain_0,Metabolic Reprogramming,30
ALDOC,Fibrosis,Pro-Fibrotic Signalling,pro-fibrotic_signalling_louvain_0,Metabolic Reprogramming,30
BCAT1,Fibrosis,Pro-Fibrotic Signalling,pro-fibrotic_signalling_louvain_0,Metabolic Reprogramming,30
ENO1,Fibrosis,Pro-Fibrotic Signalling,pro-fibrotic_signalling_louvain_0,Metabolic Reprogramming,30
ENO2,Fibrosis,Pro-Fibrotic Signalling,pro-fibrotic_signalling_louvain_0,Metabolic Reprogramming,30
ENO3,Fibrosis,Pro-Fibrotic Signalling,pro-fibrotic_signalling_louvain_0,Metabolic Reprogramming,30
GAPDH,Fibrosis,Pro-Fibrotic Signalling,pro-fibrotic_signalling_louvain_0,Metabolic Reprogramming,30
GART,Fibrosis,Pro-Fibrotic Signalling,pro-fibrotic_signalling_louvain_0,Metabolic Reprogramming,30
GFPT2,Fibrosis,Pro-Fibrotic Signalling,pro-fibrotic_signalling_louvain_0,Metabolic Reprogramming,30
HK1,Fibrosis,Pro-Fibrotic Signalling,pro-fibrotic_signalling_louvain_0,Metabolic Reprogramming,30
HK2,Fibrosis,Pro-Fibrotic Signalling,pro-fibrotic_signalling_louvain_0,Metabolic Reprogramming,30
HK3,Fibrosis,Pro-Fibrotic Signalling,pro-fibrotic_signalling_louvain_0,Metabolic Reprogramming,30
HKDC1,Fibrosis,Pro-Fibrotic Signalling,pro-fibrotic_signalling_louvain_0,Metabolic Reprogramming,30
LDHA,Fibrosis,Pro-Fibrotic Signalling,pro-fibrotic_signalling_louvain_0,Metabolic Reprogramming,30
LDHAL6A,Fibrosis,Pro-Fibrotic Signalling,pro-fibrotic_signalling_louvain_0,Metabolic Reprogramming,30
LDHAL6B,Fibrosis,Pro-Fibrotic Signalling,pro-fibrotic_signalling_louvain_0,Metabolic Reprogramming,30
LDHC,Fibrosis,Pro-Fibrotic Signalling,pro-fibrotic_signalling_louvain_0,Metabolic Reprogramming,30
PDHA1,Fibrosis,Pro-Fibrotic Signalling,pro-fibrotic_signalling_louvain_0,Metabolic Reprogramming,30
PDHA2,Fibrosis,Pro-Fibrotic Signalling,pro-fibrotic_signalling_louvain_0,Metabolic Reprogramming,30
PDHB,Fibrosis,Pro-Fibrotic Signalling,pro-fibrotic_signalling_louvain_0,Metabolic Reprogramming,30
PDK1,Fibrosis,Pro-Fibrotic Signalling,pro-fibrotic_signalling_louvain_0,Metabolic Reprogramming,30
PFKFB3,Fibrosis,Pro-Fibrotic Signalling,pro-fibrotic_signalling_louvain_0,Metabolic Reprogramming,30
PFKL,Fibrosis,Pro-Fibrotic Signalling,pro-fibrotic_signalling_louvain_0,Metabolic Reprogramming,30
PFKM,Fibrosis,Pro-Fibrotic Signalling,pro-fibrotic_signalling_louvain_0,Metabolic Reprogramming,30
PFKP,Fibrosis,Pro-Fibrotic Signalling,pro-fibrotic_signalling_louvain_0,Metabolic Reprogramming,30
PGK1,Fibrosis,Pro-Fibrotic Signalling,pro-fibrotic_signalling_louvain_0,Metabolic Reprogramming,30
PGK2,Fibrosis,Pro-Fibrotic Signalling,pro-fibrotic_signalling_louvain_0,Metabolic Reprogramming,30
SLC2A1,Fibrosis,Pro-Fibrotic Signalling,pro-fibrotic_signalling_louvain_0,Metabolic Reprogramming,30
TMOD1,Fibrosis,Pro-Fibrotic Signalling,pro-fibrotic_signalling_louvain_0,Metabolic Reprogramming,30
AKT1,Fibrosis,Pro-Fibrotic Signalling,pro-fibrotic_signalling_louvain_1,NF-kB/JNK Inflammatory Signalling & Myofibroblast Activation,38
CCAR2,Fibrosis,Pro-Fibrotic Signalling,pro-fibrotic_signalling_louvain_1,NF-kB/JNK Inflammatory Signalling & Myofibroblast Activation,38
CHURC1,Fibrosis,Pro-Fibrotic Signalling,pro-fibrotic_signalling_louvain_1,NF-kB/JNK Inflammatory Signalling & Myofibroblast Activation,38
CSNK2A1,Fibrosis,Pro-Fibrotic Signalling,pro-fibrotic_signalling_louvain_1,NF-kB/JNK Inflammatory Signalling & Myofibroblast Activation,38
CSNK2A2,Fibrosis,Pro-Fibrotic Signalling,pro-fibrotic_signalling_louvain_1,NF-kB/JNK Inflammatory Signalling & Myofibroblast Activation,38
CSRNP1,Fibrosis,Pro-Fibrotic Signalling,pro-fibrotic_signalling_louvain_1,NF-kB/JNK Inflammatory Signalling & Myofibroblast Activation,38
CYBB,Fibrosis,Pro-Fibrotic Signalling,pro-fibrotic_signalling_louvain_1,NF-kB/JNK Inflammatory Signalling & Myofibroblast Activation,38
DSTYK,Fibrosis,Pro-Fibrotic Signalling,pro-fibrotic_signalling_louvain_1,NF-kB/JNK Inflammatory Signalling & Myofibroblast Activation,38
FOSL1,Fibrosis,Pro-Fibrotic Signalling,pro-fibrotic_signalling_louvain_1,NF-kB/JNK Inflammatory Signalling & Myofibroblast Activation,38
HMOX1,Fibrosis,Pro-Fibrotic Signalling,pro-fibrotic_signalling_louvain_1,NF-kB/JNK Inflammatory Signalling & Myofibroblast Activation,38
IQGAP1,Fibrosis,Pro-Fibrotic Signalling,pro-fibrotic_signalling_louvain_1,NF-kB/JNK Inflammatory Signalling & Myofibroblast Activation,38
JUN,Fibrosis,Pro-Fibrotic Signalling,pro-fibrotic_signalling_louvain_1,NF-kB/JNK Inflammatory Signalling & Myofibroblast Activation,38
MAP3K7,Fibrosis,Pro-Fibrotic Signalling,pro-fibrotic_signalling_louvain_1,NF-kB/JNK Inflammatory Signalling & Myofibroblast Activation,38
MAPK10,Fibrosis,Pro-Fibrotic Signalling,pro-fibrotic_signalling_louvain_1,NF-kB/JNK Inflammatory Signalling & Myofibroblast Activation,38
MAPK8,Fibrosis,Pro-Fibrotic Signalling,pro-fibrotic_signalling_louvain_1,NF-kB/JNK Inflammatory Signalling & Myofibroblast Activation,38
MAPK9,Fibrosis,Pro-Fibrotic Signalling,pro-fibrotic_signalling_louvain_1,NF-kB/JNK Inflammatory Signalling & Myofibroblast Activation,38
MIR146A,Fibrosis,Pro-Fibrotic Signalling,pro-fibrotic_signalling_louvain_1,NF-kB/JNK Inflammatory Signalling & Myofibroblast Activation,38
MYOCD,Fibrosis,Pro-Fibrotic Signalling,pro-fibrotic_signalling_louvain_1,NF-kB/JNK Inflammatory Signalling & Myofibroblast Activation,38
NFKB1,Fibrosis,Pro-Fibrotic Signalling,pro-fibrotic_signalling_louvain_1,NF-kB/JNK Inflammatory Signalling & Myofibroblast Activation,38
NOX4,Fibrosis,Pro-Fibrotic Signalling,pro-fibrotic_signalling_louvain_1,NF-kB/JNK Inflammatory Signalling & Myofibroblast Activation,38
NR4A3,Fibrosis,Pro-Fibrotic Signalling,pro-fibrotic_signalling_louvain_1,NF-kB/JNK Inflammatory Signalling & Myofibroblast Activation,38
PPARD,Fibrosis,Pro-Fibrotic Signalling,pro-fibrotic_signalling_louvain_1,NF-kB/JNK Inflammatory Signalling & Myofibroblast Activation,38
RAC1,Fibrosis,Pro-Fibrotic Signalling,pro-fibrotic_signalling_louvain_1,NF-kB/JNK Inflammatory Signalling & Myofibroblast Activation,38
RAC2,Fibrosis,Pro-Fibrotic Signalling,pro-fibrotic_signalling_louvain_1,NF-kB/JNK Inflammatory Signalling & Myofibroblast Activation,38
RAC3,Fibrosis,Pro-Fibrotic Signalling,pro-fibrotic_signalling_louvain_1,NF-kB/JNK Inflammatory Signalling & Myofibroblast Activation,38
RELA,Fibrosis,Pro-Fibrotic Signalling,pro-fibrotic_signalling_louvain_1,NF-kB/JNK Inflammatory Signalling & Myofibroblast Activation,38
RHOA,Fibrosis,Pro-Fibrotic Signalling,pro-fibrotic_signalling_louvain_1,NF-kB/JNK Inflammatory Signalling & Myofibroblast Activation,38
ROCK1,Fibrosis,Pro-Fibrotic Signalling,pro-fibrotic_signalling_louvain_1,NF-kB/JNK Inflammatory Signalling & Myofibroblast Activation,38
ROCK2,Fibrosis,Pro-Fibrotic Signalling,pro-fibrotic_signalling_louvain_1,NF-kB/JNK Inflammatory Signalling & Myofibroblast Activation,38
SIRT1,Fibrosis,Pro-Fibrotic Signalling,pro-fibrotic_signalling_louvain_1,NF-kB/JNK Inflammatory Signalling & Myofibroblast Activation,38
SNCA,Fibrosis,Pro-Fibrotic Signalling,pro-fibrotic_signalling_louvain_1,NF-kB/JNK Inflammatory Signalling & Myofibroblast Activation,38
TFRC,Fibrosis,Pro-Fibrotic Signalling,pro-fibrotic_signalling_louvain_1,NF-kB/JNK Inflammatory Signalling & Myofibroblast Activation,38
TIPARP,Fibrosis,Pro-Fibrotic Signalling,pro-fibrotic_signalling_louvain_1,NF-kB/JNK Inflammatory Signalling & Myofibroblast Activation,38
TP53,Fibrosis,Pro-Fibrotic Signalling,pro-fibrotic_signalling_louvain_1,NF-kB/JNK Inflammatory Signalling & Myofibroblast Activation,38
TRIM71,Fibrosis,Pro-Fibrotic Signalling,pro-fibrotic_signalling_louvain_1,NF-kB/JNK Inflammatory Signalling & Myofibroblast Activation,38
TXNIP,Fibrosis,Pro-Fibrotic Signalling,pro-fibrotic_signalling_louvain_1,NF-kB/JNK Inflammatory Signalling & Myofibroblast Activation,38
ZEB2,Fibrosis,Pro-Fibrotic Signalling,pro-fibrotic_signalling_louvain_1,NF-kB/JNK Inflammatory Signalling & Myofibroblast Activation,38
ZFAND5,Fibrosis,Pro-Fibrotic Signalling,pro-fibrotic_signalling_louvain_1,NF-kB/JNK Inflammatory Signalling & Myofibroblast Activation,38
CCDC88C,Fibrosis,Pro-Fibrotic Signalling,pro-fibrotic_signalling_louvain_11,Non-Canonical Wnt signalling,26
CMTM3,Fibrosis,Pro-Fibrotic Signalling,pro-fibrotic_signalling_louvain_11,Non-Canonical Wnt signalling,26
CSNK2A3,Fibrosis,Pro-Fibrotic Signalling,pro-fibrotic_signalling_louvain_11,Non-Canonical Wnt signalling,26
CSNK2B,Fibrosis,Pro-Fibrotic Signalling,pro-fibrotic_signalling_louvain_11,Non-Canonical Wnt signalling,26
CXXC4,Fibrosis,Pro-Fibrotic Signalling,pro-fibrotic_signalling_louvain_11,Non-Canonical Wnt signalling,26
DAAM1,Fibrosis,Pro-Fibrotic Signalling,pro-fibrotic_signalling_louvain_11,Non-Canonical Wnt signalling,26
DAAM2,Fibrosis,Pro-Fibrotic Signalling,pro-fibrotic_signalling_louvain_11,Non-Canonical Wnt signalling,26
DACT1,Fibrosis,Pro-Fibrotic Signalling,pro-fibrotic_signalling_louvain_11,Non-Canonical Wnt signalling,26
DACT3,Fibrosis,Pro-Fibrotic Signalling,pro-fibrotic_signalling_louvain_11,Non-Canonical Wnt signalling,26
DVL1,Fibrosis,Pro-Fibrotic Signalling,pro-fibrotic_signalling_louvain_11,Non-Canonical Wnt signalling,26
DVL2,Fibrosis,Pro-Fibrotic Signalling,pro-fibrotic_signalling_louvain_11,Non-Canonical Wnt signalling,26
DVL3,Fibrosis,Pro-Fibrotic Signalling,pro-fibrotic_signalling_louvain_11,Non-Canonical Wnt signalling,26
FZD6,Fibrosis,Pro-Fibrotic Signalling,pro-fibrotic_signalling_louvain_11,Non-Canonical Wnt signalling,26
FZD9,Fibrosis,Pro-Fibrotic Signalling,pro-fibrotic_signalling_louvain_11,Non-Canonical Wnt signalling,26
INVS,Fibrosis,Pro-Fibrotic Signalling,pro-fibrotic_signalling_louvain_11,Non-Canonical Wnt signalling,26
NKD1,Fibrosis,Pro-Fibrotic Signalling,pro-fibrotic_signalling_louvain_11,Non-Canonical Wnt signalling,26
NKD2,Fibrosis,Pro-Fibrotic Signalling,pro-fibrotic_signalling_louvain_11,Non-Canonical Wnt signalling,26
PRICKLE1,Fibrosis,Pro-Fibrotic Signalling,pro-fibrotic_signalling_louvain_11,Non-Canonical Wnt signalling,26
PRICKLE2,Fibrosis,Pro-Fibrotic Signalling,pro-fibrotic_signalling_louvain_11,Non-Canonical Wnt signalling,26
PRICKLE3,Fibrosis,Pro-Fibrotic Signalling,pro-fibrotic_signalling_louvain_11,Non-Canonical Wnt signalling,26
PRICKLE4,Fibrosis,Pro-Fibrotic Signalling,pro-fibrotic_signalling_louvain_11,Non-Canonical Wnt signalling,26
RHOD,Fibrosis,Pro-Fibrotic Signalling,pro-fibrotic_signalling_louvain_11,Non-Canonical Wnt signalling,26
SENP2,Fibrosis,Pro-Fibrotic Signalling,pro-fibrotic_signalling_louvain_11,Non-Canonical Wnt signalling,26
VANGL1,Fibrosis,Pro-Fibrotic Signalling,pro-fibrotic_signalling_louvain_11,Non-Canonical Wnt signalling,26
VANGL2,Fibrosis,Pro-Fibrotic Signalling,pro-fibrotic_signalling_louvain_11,Non-Canonical Wnt signalling,26
WNT11,Fibrosis,Pro-Fibrotic Signalling,pro-fibrotic_signalling_louvain_11,Non-Canonical Wnt signalling,26
ADAM17,Fibrosis,Pro-Fibrotic Signalling,pro-fibrotic_signalling_louvain_6,Notch Signalling,66
APH1A,Fibrosis,Pro-Fibrotic Signalling,pro-fibrotic_signalling_louvain_6,Notch Signalling,66
APH1B,Fibrosis,Pro-Fibrotic Signalling,pro-fibrotic_signalling_louvain_6,Notch Signalling,66
ATXN1,Fibrosis,Pro-Fibrotic Signalling,pro-fibrotic_signalling_louvain_6,Notch Signalling,66
ATXN1L,Fibrosis,Pro-Fibrotic Signalling,pro-fibrotic_signalling_louvain_6,Notch Signalling,66
CHD8,Fibrosis,Pro-Fibrotic Signalling,pro-fibrotic_signalling_louvain_6,Notch Signalling,66
CIRSR,Fibrosis,Pro-Fibrotic Signalling,pro-fibrotic_signalling_louvain_6,Notch Signalling,66
CREBBP,Fibrosis,Pro-Fibrotic Signalling,pro-fibrotic_signalling_louvain_6,Notch Signalling,66
CTBP1,Fibrosis,Pro-Fibrotic Signalling,pro-fibrotic_signalling_louvain_6,Notch Signalling,66
CTBP2,Fibrosis,Pro-Fibrotic Signalling,pro-fibrotic_signalling_louvain_6,Notch Signalling,66
DLL1,Fibrosis,Pro-Fibrotic Signalling,pro-fibrotic_signalling_louvain_6,Notch Signalling,66
DLL3,Fibrosis,Pro-Fibrotic Signalling,pro-fibrotic_signalling_louvain_6,Notch Signalling,66
DLL4,Fibrosis,Pro-Fibrotic Signalling,pro-fibrotic_signalling_louvain_6,Notch Signalling,66
DTX1,Fibrosis,Pro-Fibrotic Signalling,pro-fibrotic_signalling_louvain_6,Notch Signalling,66
DTX2,Fibrosis,Pro-Fibrotic Signalling,pro-fibrotic_signalling_louvain_6,Notch Signalling,66
DTX3,Fibrosis,Pro-Fibrotic Signalling,pro-fibrotic_signalling_louvain_6,Notch Signalling,66
DTX3L,Fibrosis,Pro-Fibrotic Signalling,pro-fibrotic_signalling_louvain_6,Notch Signalling,66
DTX4,Fibrosis,Pro-Fibrotic Signalling,pro-fibrotic_signalling_louvain_6,Notch Signalling,66
HDAC1,Fibrosis,Pro-Fibrotic Signalling,pro-fibrotic_signalling_louvain_6,Notch Signalling,66
HDAC2,Fibrosis,Pro-Fibrotic Signalling,pro-fibrotic_signalling_louvain_6,Notch Signalling,66
HES1,Fibrosis,Pro-Fibrotic Signalling,pro-fibrotic_signalling_louvain_6,Notch Signalling,66
HES5,Fibrosis,Pro-Fibrotic Signalling,pro-fibrotic_signalling_louvain_6,Notch Signalling,66
HEY1,Fibrosis,Pro-Fibrotic Signalling,pro-fibrotic_signalling_louvain_6,Notch Signalling,66
HEY2,Fibrosis,Pro-Fibrotic Signalling,pro-fibrotic_signalling_louvain_6,Notch Signalling,66
HEYL,Fibrosis,Pro-Fibrotic Signalling,pro-fibrotic_signalling_louvain_6,Notch Signalling,66
JAG1,Fibrosis,Pro-Fibrotic Signalling,pro-fibrotic_signalling_louvain_6,Notch Signalling,66
JAG2,Fibrosis,Pro-Fibrotic Signalling,pro-fibrotic_signalling_louvain_6,Notch Signalling,66
KAT2A,Fibrosis,Pro-Fibrotic Signalling,pro-fibrotic_signalling_louvain_6,Notch Signalling,66
KAT2B,Fibrosis,Pro-Fibrotic Signalling,pro-fibrotic_signalling_louvain_6,Notch Signalling,66
LFNG,Fibrosis,Pro-Fibrotic Signalling,pro-fibrotic_signalling_louvain_6,Notch Signalling,66
MAML1,Fibrosis,Pro-Fibrotic Signalling,pro-fibrotic_signalling_louvain_6,Notch Signalling,66
MAML2,Fibrosis,Pro-Fibrotic Signalling,pro-fibrotic_signalling_louvain_6,Notch Signalling,66
MAML3,Fibrosis,Pro-Fibrotic Signalling,pro-fibrotic_signalling_louvain_6,Notch Signalling,66
MFNG,Fibrosis,Pro-Fibrotic Signalling,pro-fibrotic_signalling_louvain_6,Notch Signalling,66
NCOR1,Fibrosis,Pro-Fibrotic Signalling,pro-fibrotic_signalling_louvain_6,Notch Signalling,66
NCOR2,Fibrosis,Pro-Fibrotic Signalling,pro-fibrotic_signalling_louvain_6,Notch Signalling,66
NCSTN,Fibrosis,Pro-Fibrotic Signalling,pro-fibrotic_signalling_louvain_6,Notch Signalling,66
NOTCH1,Fibrosis,Pro-Fibrotic Signalling,pro-fibrotic_signalling_louvain_6,Notch Signalling,66
NOTCH2,Fibrosis,Pro-Fibrotic Signalling,pro-fibrotic_signalling_louvain_6,Notch Signalling,66
NOTCH3,Fibrosis,Pro-Fibrotic Signalling,pro-fibrotic_signalling_louvain_6,Notch Signalling,66
NOTCH4,Fibrosis,Pro-Fibrotic Signalling,pro-fibrotic_signalling_louvain_6,Notch Signalling,66
NRARP,Fibrosis,Pro-Fibrotic Signalling,pro-fibrotic_signalling_louvain_6,Notch Signalling,66
NUMB,Fibrosis,Pro-Fibrotic Signalling,pro-fibrotic_signalling_louvain_6,Notch Signalling,66
NUMBL,Fibrosis,Pro-Fibrotic Signalling,pro-fibrotic_signalling_louvain_6,Notch Signalling,66
PBX2,Fibrosis,Pro-Fibrotic Signalling,pro-fibrotic_signalling_louvain_6,Notch Signalling,66
PSEN1,Fibrosis,Pro-Fibrotic Signalling,pro-fibrotic_signalling_louvain_6,Notch Signalling,66
PSEN2,Fibrosis,Pro-Fibrotic Signalling,pro-fibrotic_signalling_louvain_6,Notch Signalling,66
PSENEN,Fibrosis,Pro-Fibrotic Signalling,pro-fibrotic_signalling_louvain_6,Notch Signalling,66
PTCRA,Fibrosis,Pro-Fibrotic Signalling,pro-fibrotic_signalling_louvain_6,Notch Signalling,66
RBPJ,Fibrosis,Pro-Fibrotic Signalling,pro-fibrotic_signalling_louvain_6,Notch Signalling,66
RBPJL,Fibrosis,Pro-Fibrotic Signalling,pro-fibrotic_signalling_louvain_6,Notch Signalling,66
RFNG,Fibrosis,Pro-Fibrotic Signalling,pro-fibrotic_signalling_louvain_6,Notch Signalling,66
RUVBL1,Fibrosis,Pro-Fibrotic Signalling,pro-fibrotic_signalling_louvain_6,Notch Signalling,66
SIN3A,Fibrosis,Pro-Fibrotic Signalling,pro-fibrotic_signalling_louvain_6,Notch Signalling,66
SNW1,Fibrosis,Pro-Fibrotic Signalling,pro-fibrotic_signalling_louvain_6,Notch Signalling,66
SPEN,Fibrosis,Pro-Fibrotic Signalling,pro-fibrotic_signalling_louvain_6,Notch Signalling,66
SPOCD1,Fibrosis,Pro-Fibrotic Signalling,pro-fibrotic_signalling_louvain_6,Notch Signalling,66
TBL1X,Fibrosis,Pro-Fibrotic Signalling,pro-fibrotic_signalling_louvain_6,Notch Signalling,66
TBL1XR1,Fibrosis,Pro-Fibrotic Signalling,pro-fibrotic_signalling_louvain_6,Notch Signalling,66
TBL1Y,Fibrosis,Pro-Fibrotic Signalling,pro-fibrotic_signalling_louvain_6,Notch Signalling,66
TLE1,Fibrosis,Pro-Fibrotic Signalling,pro-fibrotic_signalling_louvain_6,Notch Signalling,66
TLE2,Fibrosis,Pro-Fibrotic Signalling,pro-fibrotic_signalling_louvain_6,Notch Signalling,66
TLE3,Fibrosis,Pro-Fibrotic Signalling,pro-fibrotic_signalling_louvain_6,Notch Signalling,66
TLE4,Fibrosis,Pro-Fibrotic Signalling,pro-fibrotic_signalling_louvain_6,Notch Signalling,66
TLE6,Fibrosis,Pro-Fibrotic Signalling,pro-fibrotic_signalling_louvain_6,Notch Signalling,66
ZFPM2,Fibrosis,Pro-Fibrotic Signalling,pro-fibrotic_signalling_louvain_6,Notch Signalling,66
ADIPOQ,Fibrosis,Pro-Fibrotic Signalling,pro-fibrotic_signalling_louvain_7,RTK Signalling,69
ANGPT1,Fibrosis,Pro-Fibrotic Signalling,pro-fibrotic_signalling_louvain_7,RTK Signalling,69
ANGPT2,Fibrosis,Pro-Fibrotic Signalling,pro-fibrotic_signalling_louvain_7,RTK Signalling,69
ANGPT4,Fibrosis,Pro-Fibrotic Signalling,pro-fibrotic_signalling_louvain_7,RTK Signalling,69
ANGPTL2,Fibrosis,Pro-Fibrotic Signalling,pro-fibrotic_signalling_louvain_7,RTK Signalling,69
APLN,Fibrosis,Pro-Fibrotic Signalling,pro-fibrotic_signalling_louvain_7,RTK Signalling,69
AXL,Fibrosis,Pro-Fibrotic Signalling,pro-fibrotic_signalling_louvain_7,RTK Signalling,69
BCAR1,Fibrosis,Pro-Fibrotic Signalling,pro-fibrotic_signalling_louvain_7,RTK Signalling,69
BRS3,Fibrosis,Pro-Fibrotic Signalling,pro-fibrotic_signalling_louvain_7,RTK Signalling,69
CAMK2A,Fibrosis,Pro-Fibrotic Signalling,pro-fibrotic_signalling_louvain_7,RTK Signalling,69
CAMK2B,Fibrosis,Pro-Fibrotic Signalling,pro-fibrotic_signalling_louvain_7,RTK Signalling,69
CAMK2D,Fibrosis,Pro-Fibrotic Signalling,pro-fibrotic_signalling_louvain_7,RTK Signalling,69
CAMK2G,Fibrosis,Pro-Fibrotic Signalling,pro-fibrotic_signalling_louvain_7,RTK Signalling,69
CBL,Fibrosis,Pro-Fibrotic Signalling,pro-fibrotic_signalling_louvain_7,RTK Signalling,69
CBLB,Fibrosis,Pro-Fibrotic Signalling,pro-fibrotic_signalling_louvain_7,RTK Signalling,69
CRKL,Fibrosis,Pro-Fibrotic Signalling,pro-fibrotic_signalling_louvain_7,RTK Signalling,69
DIO2,Fibrosis,Pro-Fibrotic Signalling,pro-fibrotic_signalling_louvain_7,RTK Signalling,69
EDN1,Fibrosis,Pro-Fibrotic Signalling,pro-fibrotic_signalling_louvain_7,RTK Signalling,69
EDNRA,Fibrosis,Pro-Fibrotic Signalling,pro-fibrotic_signalling_louvain_7,RTK Signalling,69
EGFR,Fibrosis,Pro-Fibrotic Signalling,pro-fibrotic_signalling_louvain_7,RTK Signalling,69
ERBB2,Fibrosis,Pro-Fibrotic Signalling,pro-fibrotic_signalling_louvain_7,RTK Signalling,69
FLT1,Fibrosis,Pro-Fibrotic Signalling,pro-fibrotic_signalling_louvain_7,RTK Signalling,69
GRB2,Fibrosis,Pro-Fibrotic Signalling,pro-fibrotic_signalling_louvain_7,RTK Signalling,69
GRP,Fibrosis,Pro-Fibrotic Signalling,pro-fibrotic_signalling_louvain_7,RTK Signalling,69
HRAS,Fibrosis,Pro-Fibrotic Signalling,pro-fibrotic_signalling_louvain_7,RTK Signalling,69
IGF1,Fibrosis,Pro-Fibrotic Signalling,pro-fibrotic_signalling_louvain_7,RTK Signalling,69
IGF1R,Fibrosis,Pro-Fibrotic Signalling,pro-fibrotic_signalling_louvain_7,RTK Signalling,69
INS,Fibrosis,Pro-Fibrotic Signalling,pro-fibrotic_signalling_louvain_7,RTK Signalling,69
INSR,Fibrosis,Pro-Fibrotic Signalling,pro-fibrotic_signalling_louvain_7,RTK Signalling,69
LZTS2,Fibrosis,Pro-Fibrotic Signalling,pro-fibrotic_signalling_louvain_7,RTK Signalling,69
MYO1E,Fibrosis,Pro-Fibrotic Signalling,pro-fibrotic_signalling_louvain_7,RTK Signalling,69
NGFR,Fibrosis,Pro-Fibrotic Signalling,pro-fibrotic_signalling_louvain_7,RTK Signalling,69
NOS3,Fibrosis,Pro-Fibrotic Signalling,pro-fibrotic_signalling_louvain_7,RTK Signalling,69
NRP1,Fibrosis,Pro-Fibrotic Signalling,pro-fibrotic_signalling_louvain_7,RTK Signalling,69
NRXN1,Fibrosis,Pro-Fibrotic Signalling,pro-fibrotic_signalling_louvain_7,RTK Signalling,69
P3R3URF-PIK3R3,Fibrosis,Pro-Fibrotic Signalling,pro-fibrotic_signalling_louvain_7,RTK Signalling,69
PDGFA,Fibrosis,Pro-Fibrotic Signalling,pro-fibrotic_signalling_louvain_7,RTK Signalling,69
PDGFB,Fibrosis,Pro-Fibrotic Signalling,pro-fibrotic_signalling_louvain_7,RTK Signalling,69
PDGFC,Fibrosis,Pro-Fibrotic Signalling,pro-fibrotic_signalling_louvain_7,RTK Signalling,69
PDGFD,Fibrosis,Pro-Fibrotic Signalling,pro-fibrotic_signalling_louvain_7,RTK Signalling,69
PDGFRA,Fibrosis,Pro-Fibrotic Signalling,pro-fibrotic_signalling_louvain_7,RTK Signalling,69
PDGFRB,Fibrosis,Pro-Fibrotic Signalling,pro-fibrotic_signalling_louvain_7,RTK Signalling,69
PDGFRL,Fibrosis,Pro-Fibrotic Signalling,pro-fibrotic_signalling_louvain_7,RTK Signalling,69
PIK3C2A,Fibrosis,Pro-Fibrotic Signalling,pro-fibrotic_signalling_louvain_7,RTK Signalling,69
PIK3CA,Fibrosis,Pro-Fibrotic Signalling,pro-fibrotic_signalling_louvain_7,RTK Signalling,69
PIK3CB,Fibrosis,Pro-Fibrotic Signalling,pro-fibrotic_signalling_louvain_7,RTK Signalling,69
PIK3CD,Fibrosis,Pro-Fibrotic Signalling,pro-fibrotic_signalling_louvain_7,RTK Signalling,69
PIK3R1,Fibrosis,Pro-Fibrotic Signalling,pro-fibrotic_signalling_louvain_7,RTK Signalling,69
PIK3R2,Fibrosis,Pro-Fibrotic Signalling,pro-fibrotic_signalling_louvain_7,RTK Signalling,69
PIK3R3,Fibrosis,Pro-Fibrotic Signalling,pro-fibrotic_signalling_louvain_7,RTK Signalling,69
PLCB1,Fibrosis,Pro-Fibrotic Signalling,pro-fibrotic_signalling_louvain_7,RTK Signalling,69
PLCB2,Fibrosis,Pro-Fibrotic Signalling,pro-fibrotic_signalling_louvain_7,RTK Signalling,69
PLCB3,Fibrosis,Pro-Fibrotic Signalling,pro-fibrotic_signalling_louvain_7,RTK Signalling,69
PLCB4,Fibrosis,Pro-Fibrotic Signalling,pro-fibrotic_signalling_louvain_7,RTK Signalling,69
PLCG1,Fibrosis,Pro-Fibrotic Signalling,pro-fibrotic_signalling_louvain_7,RTK Signalling,69
PLCG2,Fibrosis,Pro-Fibrotic Signalling,pro-fibrotic_signalling_louvain_7,RTK Signalling,69
PTGIR,Fibrosis,Pro-Fibrotic Signalling,pro-fibrotic_signalling_louvain_7,RTK Signalling,69
PTPN11,Fibrosis,Pro-Fibrotic Signalling,pro-fibrotic_signalling_louvain_7,RTK Signalling,69
PTPN12,Fibrosis,Pro-Fibrotic Signalling,pro-fibrotic_signalling_louvain_7,RTK Signalling,69
PTPRJ,Fibrosis,Pro-Fibrotic Signalling,pro-fibrotic_signalling_louvain_7,RTK Signalling,69
SHCBP1,Fibrosis,Pro-Fibrotic Signalling,pro-fibrotic_signalling_louvain_7,RTK Signalling,69
SHOC2,Fibrosis,Pro-Fibrotic Signalling,pro-fibrotic_signalling_louvain_7,RTK Signalling,69
SOS1,Fibrosis,Pro-Fibrotic Signalling,pro-fibrotic_signalling_louvain_7,RTK Signalling,69
SOS2,Fibrosis,Pro-Fibrotic Signalling,pro-fibrotic_signalling_louvain_7,RTK Signalling,69
SRC,Fibrosis,Pro-Fibrotic Signalling,pro-fibrotic_signalling_louvain_7,RTK Signalling,69
SYK,Fibrosis,Pro-Fibrotic Signalling,pro-fibrotic_signalling_louvain_7,RTK Signalling,69
TEK,Fibrosis,Pro-Fibrotic Signalling,pro-fibrotic_signalling_louvain_7,RTK Signalling,69
TLE7,Fibrosis,Pro-Fibrotic Signalling,pro-fibrotic_signalling_louvain_7,RTK Signalling,69
UBASH3B,Fibrosis,Pro-Fibrotic Signalling,pro-fibrotic_signalling_louvain_7,RTK Signalling,69
ARSI,Fibrosis,Pro-Fibrotic Signalling,pro-fibrotic_signalling_louvain_4,TGF-beta Signalling,20
COL1A1,Fibrosis,Pro-Fibrotic Signalling,pro-fibrotic_signalling_louvain_4,TGF-beta Signalling,20
CTHRC1,Fibrosis,Pro-Fibrotic Signalling,pro-fibrotic_signalling_louvain_4,TGF-beta Signalling,20
FAM20C,Fibrosis,Pro-Fibrotic Signalling,pro-fibrotic_signalling_louvain_4,TGF-beta Signalling,20
FBN1,Fibrosis,Pro-Fibrotic Signalling,pro-fibrotic_signalling_louvain_4,TGF-beta Signalling,20
FMOD,Fibrosis,Pro-Fibrotic Signalling,pro-fibrotic_signalling_louvain_4,TGF-beta Signalling,20
FSTL1,Fibrosis,Pro-Fibrotic Signalling,pro-fibrotic_signalling_louvain_4,TGF-beta Signalling,20
LRRC32,Fibrosis,Pro-Fibrotic Signalling,pro-fibrotic_signalling_louvain_4,TGF-beta Signalling,20
LTBP1,Fibrosis,Pro-Fibrotic Signalling,pro-fibrotic_signalling_louvain_4,TGF-beta Signalling,20
NRROS,Fibrosis,Pro-Fibrotic Signalling,pro-fibrotic_signalling_louvain_4,TGF-beta Signalling,20
PRRX1,Fibrosis,Pro-Fibrotic Signalling,pro-fibrotic_signalling_louvain_4,TGF-beta Signalling,20
SNAI2,Fibrosis,Pro-Fibrotic Signalling,pro-fibrotic_signalling_louvain_4,TGF-beta Signalling,20
SULF1,Fibrosis,Pro-Fibrotic Signalling,pro-fibrotic_signalling_louvain_4,TGF-beta Signalling,20
TGFB1,Fibrosis,Pro-Fibrotic Signalling,pro-fibrotic_signalling_louvain_4,TGF-beta Signalling,20
TGFB2,Fibrosis,Pro-Fibrotic Signalling,pro-fibrotic_signalling_louvain_4,TGF-beta Signalling,20
TGFB3,Fibrosis,Pro-Fibrotic Signalling,pro-fibrotic_signalling_louvain_4,TGF-beta Signalling,20
TGFBI,Fibrosis,Pro-Fibrotic Signalling,pro-fibrotic_signalling_louvain_4,TGF-beta Signalling,20
TGFBR1,Fibrosis,Pro-Fibrotic Signalling,pro-fibrotic_signalling_louvain_4,TGF-beta Signalling,20
TGFBR2,Fibrosis,Pro-Fibrotic Signalling,pro-fibrotic_signalling_louvain_4,TGF-beta Signalling,20
TWIST1,Fibrosis,Pro-Fibrotic Signalling,pro-fibrotic_signalling_louvain_4,TGF-beta Signalling,20
APCDD1,Fibrosis,Pro-Fibrotic Signalling,pro-fibrotic_signalling_louvain_12,Wnt Ligand-Receptor Interaction,60
CCN4,Fibrosis,Pro-Fibrotic Signalling,pro-fibrotic_signalling_louvain_12,Wnt Ligand-Receptor Interaction,60
CER1,Fibrosis,Pro-Fibrotic Signalling,pro-fibrotic_signalling_louvain_12,Wnt Ligand-Receptor Interaction,60
CSNK1G1,Fibrosis,Pro-Fibrotic Signalling,pro-fibrotic_signalling_louvain_12,Wnt Ligand-Receptor Interaction,60
CSNK1G2,Fibrosis,Pro-Fibrotic Signalling,pro-fibrotic_signalling_louvain_12,Wnt Ligand-Receptor Interaction,60
DKK1,Fibrosis,Pro-Fibrotic Signalling,pro-fibrotic_signalling_louvain_12,Wnt Ligand-Receptor Interaction,60
DKK2,Fibrosis,Pro-Fibrotic Signalling,pro-fibrotic_signalling_louvain_12,Wnt Ligand-Receptor Interaction,60
DKK4,Fibrosis,Pro-Fibrotic Signalling,pro-fibrotic_signalling_louvain_12,Wnt Ligand-Receptor Interaction,60
FRZB,Fibrosis,Pro-Fibrotic Signalling,pro-fibrotic_signalling_louvain_12,Wnt Ligand-Receptor Interaction,60
FZD1,Fibrosis,Pro-Fibrotic Signalling,pro-fibrotic_signalling_louvain_12,Wnt Ligand-Receptor Interaction,60
FZD10,Fibrosis,Pro-Fibrotic Signalling,pro-fibrotic_signalling_louvain_12,Wnt Ligand-Receptor Interaction,60
FZD2,Fibrosis,Pro-Fibrotic Signalling,pro-fibrotic_signalling_louvain_12,Wnt Ligand-Receptor Interaction,60
FZD3,Fibrosis,Pro-Fibrotic Signalling,pro-fibrotic_signalling_louvain_12,Wnt Ligand-Receptor Interaction,60
FZD4,Fibrosis,Pro-Fibrotic Signalling,pro-fibrotic_signalling_louvain_12,Wnt Ligand-Receptor Interaction,60
FZD5,Fibrosis,Pro-Fibrotic Signalling,pro-fibrotic_signalling_louvain_12,Wnt Ligand-Receptor Interaction,60
FZD7,Fibrosis,Pro-Fibrotic Signalling,pro-fibrotic_signalling_louvain_12,Wnt Ligand-Receptor Interaction,60
FZD8,Fibrosis,Pro-Fibrotic Signalling,pro-fibrotic_signalling_louvain_12,Wnt Ligand-Receptor Interaction,60
GPC4,Fibrosis,Pro-Fibrotic Signalling,pro-fibrotic_signalling_louvain_12,Wnt Ligand-Receptor Interaction,60
LGR4,Fibrosis,Pro-Fibrotic Signalling,pro-fibrotic_signalling_louvain_12,Wnt Ligand-Receptor Interaction,60
LGR5,Fibrosis,Pro-Fibrotic Signalling,pro-fibrotic_signalling_louvain_12,Wnt Ligand-Receptor Interaction,60
LGR6,Fibrosis,Pro-Fibrotic Signalling,pro-fibrotic_signalling_louvain_12,Wnt Ligand-Receptor Interaction,60
LRP5,Fibrosis,Pro-Fibrotic Signalling,pro-fibrotic_signalling_louvain_12,Wnt Ligand-Receptor Interaction,60
LRP6,Fibrosis,Pro-Fibrotic Signalling,pro-fibrotic_signalling_louvain_12,Wnt Ligand-Receptor Interaction,60
NDRG4,Fibrosis,Pro-Fibrotic Signalling,pro-fibrotic_signalling_louvain_12,Wnt Ligand-Receptor Interaction,60
NOTUM,Fibrosis,Pro-Fibrotic Signalling,pro-fibrotic_signalling_louvain_12,Wnt Ligand-Receptor Interaction,60
PORCN,Fibrosis,Pro-Fibrotic Signalling,pro-fibrotic_signalling_louvain_12,Wnt Ligand-Receptor Interaction,60
RNF43,Fibrosis,Pro-Fibrotic Signalling,pro-fibrotic_signalling_louvain_12,Wnt Ligand-Receptor Interaction,60
ROR1,Fibrosis,Pro-Fibrotic Signalling,pro-fibrotic_signalling_louvain_12,Wnt Ligand-Receptor Interaction,60
ROR2,Fibrosis,Pro-Fibrotic Signalling,pro-fibrotic_signalling_louvain_12,Wnt Ligand-Receptor Interaction,60
RSPO1,Fibrosis,Pro-Fibrotic Signalling,pro-fibrotic_signalling_louvain_12,Wnt Ligand-Receptor Interaction,60
RSPO2,Fibrosis,Pro-Fibrotic Signalling,pro-fibrotic_signalling_louvain_12,Wnt Ligand-Receptor Interaction,60
RSPO3,Fibrosis,Pro-Fibrotic Signalling,pro-fibrotic_signalling_louvain_12,Wnt Ligand-Receptor Interaction,60
RSPO4,Fibrosis,Pro-Fibrotic Signalling,pro-fibrotic_signalling_louvain_12,Wnt Ligand-Receptor Interaction,60
RYK,Fibrosis,Pro-Fibrotic Signalling,pro-fibrotic_signalling_louvain_12,Wnt Ligand-Receptor Interaction,60
SFRP1,Fibrosis,Pro-Fibrotic Signalling,pro-fibrotic_signalling_louvain_12,Wnt Ligand-Receptor Interaction,60
SFRP2,Fibrosis,Pro-Fibrotic Signalling,pro-fibrotic_signalling_louvain_12,Wnt Ligand-Receptor Interaction,60
SFRP4,Fibrosis,Pro-Fibrotic Signalling,pro-fibrotic_signalling_louvain_12,Wnt Ligand-Receptor Interaction,60
SFRP5,Fibrosis,Pro-Fibrotic Signalling,pro-fibrotic_signalling_louvain_12,Wnt Ligand-Receptor Interaction,60
SMOC2,Fibrosis,Pro-Fibrotic Signalling,pro-fibrotic_signalling_louvain_12,Wnt Ligand-Receptor Interaction,60
SOST,Fibrosis,Pro-Fibrotic Signalling,pro-fibrotic_signalling_louvain_12,Wnt Ligand-Receptor Interaction,60
WIF1,Fibrosis,Pro-Fibrotic Signalling,pro-fibrotic_signalling_louvain_12,Wnt Ligand-Receptor Interaction,60
WNT1,Fibrosis,Pro-Fibrotic Signalling,pro-fibrotic_signalling_louvain_12,Wnt Ligand-Receptor Interaction,60
WNT10A,Fibrosis,Pro-Fibrotic Signalling,pro-fibrotic_signalling_louvain_12,Wnt Ligand-Receptor Interaction,60
WNT10B,Fibrosis,Pro-Fibrotic Signalling,pro-fibrotic_signalling_louvain_12,Wnt Ligand-Receptor Interaction,60
WNT16,Fibrosis,Pro-Fibrotic Signalling,pro-fibrotic_signalling_louvain_12,Wnt Ligand-Receptor Interaction,60
WNT2,Fibrosis,Pro-Fibrotic Signalling,pro-fibrotic_signalling_louvain_12,Wnt Ligand-Receptor Interaction,60
WNT2B,Fibrosis,Pro-Fibrotic Signalling,pro-fibrotic_signalling_louvain_12,Wnt Ligand-Receptor Interaction,60
WNT3,Fibrosis,Pro-Fibrotic Signalling,pro-fibrotic_signalling_louvain_12,Wnt Ligand-Receptor Interaction,60
WNT3A,Fibrosis,Pro-Fibrotic Signalling,pro-fibrotic_signalling_louvain_12,Wnt Ligand-Receptor Interaction,60
WNT4,Fibrosis,Pro-Fibrotic Signalling,pro-fibrotic_signalling_louvain_12,Wnt Ligand-Receptor Interaction,60
WNT5A,Fibrosis,Pro-Fibrotic Signalling,pro-fibrotic_signalling_louvain_12,Wnt Ligand-Receptor Interaction,60
WNT5B,Fibrosis,Pro-Fibrotic Signalling,pro-fibrotic_signalling_louvain_12,Wnt Ligand-Receptor Interaction,60
WNT6,Fibrosis,Pro-Fibrotic Signalling,pro-fibrotic_signalling_louvain_12,Wnt Ligand-Receptor Interaction,60
WNT7A,Fibrosis,Pro-Fibrotic Signalling,pro-fibrotic_signalling_louvain_12,Wnt Ligand-Receptor Interaction,60
WNT7B,Fibrosis,Pro-Fibrotic Signalling,pro-fibrotic_signalling_louvain_12,Wnt Ligand-Receptor Interaction,60
WNT8A,Fibrosis,Pro-Fibrotic Signalling,pro-fibrotic_signalling_louvain_12,Wnt Ligand-Receptor Interaction,60
WNT8B,Fibrosis,Pro-Fibrotic Signalling,pro-fibrotic_signalling_louvain_12,Wnt Ligand-Receptor Interaction,60
WNT9A,Fibrosis,Pro-Fibrotic Signalling,pro-fibrotic_signalling_louvain_12,Wnt Ligand-Receptor Interaction,60
WNT9B,Fibrosis,Pro-Fibrotic Signalling,pro-fibrotic_signalling_louvain_12,Wnt Ligand-Receptor Interaction,60
ZNRF3,Fibrosis,Pro-Fibrotic Signalling,pro-fibrotic_signalling_louvain_12,Wnt Ligand-Receptor Interaction,60
B2M,Immunogenicity,Antigen Presentation,antigen_presentation_louvain_6,Antigen Processing & Presentation,44
CALR,Immunogenicity,Antigen Presentation,antigen_presentation_louvain_6,Antigen Processing & Presentation,44
CANX,Immunogenicity,Antigen Presentation,antigen_presentation_louvain_6,Antigen Processing & Presentation,44
CD1A,Immunogenicity,Antigen Presentation,antigen_presentation_louvain_6,Antigen Processing & Presentation,44
CD1B,Immunogenicity,Antigen Presentation,antigen_presentation_louvain_6,Antigen Processing & Presentation,44
CD1C,Immunogenicity,Antigen Presentation,antigen_presentation_louvain_6,Antigen Processing & Presentation,44
CD1D,Immunogenicity,Antigen Presentation,antigen_presentation_louvain_6,Antigen Processing & Presentation,44
CD4,Immunogenicity,Antigen Presentation,antigen_presentation_louvain_6,Antigen Processing & Presentation,44
CD74,Immunogenicity,Antigen Presentation,antigen_presentation_louvain_6,Antigen Processing & Presentation,44
CD8A,Immunogenicity,Antigen Presentation,antigen_presentation_louvain_6,Antigen Processing & Presentation,44
CD8B2,Immunogenicity,Antigen Presentation,antigen_presentation_louvain_6,Antigen Processing & Presentation,44
DNM2,Immunogenicity,Antigen Presentation,antigen_presentation_louvain_6,Antigen Processing & Presentation,44
E7ENX8_HUMAN,Immunogenicity,Antigen Presentation,antigen_presentation_louvain_6,Antigen Processing & Presentation,44
F6UB75_HUMAN,Immunogenicity,Antigen Presentation,antigen_presentation_louvain_6,Antigen Processing & Presentation,44
HLA-A,Immunogenicity,Antigen Presentation,antigen_presentation_louvain_6,Antigen Processing & Presentation,44
HLA-B,Immunogenicity,Antigen Presentation,antigen_presentation_louvain_6,Antigen Processing & Presentation,44
HLA-C,Immunogenicity,Antigen Presentation,antigen_presentation_louvain_6,Antigen Processing & Presentation,44
HLA-DMA,Immunogenicity,Antigen Presentation,antigen_presentation_louvain_6,Antigen Processing & Presentation,44
HLA-DMB,Immunogenicity,Antigen Presentation,antigen_presentation_louvain_6,Antigen Processing & Presentation,44
HLA-DOA,Immunogenicity,Antigen Presentation,antigen_presentation_louvain_6,Antigen Processing & Presentation,44
HLA-DOB,Immunogenicity,Antigen Presentation,antigen_presentation_louvain_6,Antigen Processing & Presentation,44
HLA-DPA1,Immunogenicity,Antigen Presentation,antigen_presentation_louvain_6,Antigen Processing & Presentation,44
HLA-DPB1,Immunogenicity,Antigen Presentation,antigen_presentation_louvain_6,Antigen Processing & Presentation,44
HLA-DQA1,Immunogenicity,Antigen Presentation,antigen_presentation_louvain_6,Antigen Processing & Presentation,44
HLA-DQA2,Immunogenicity,Antigen Presentation,antigen_presentation_louvain_6,Antigen Processing & Presentation,44
HLA-DQB1,Immunogenicity,Antigen Presentation,antigen_presentation_louvain_6,Antigen Processing & Presentation,44
HLA-DQB2,Immunogenicity,Antigen Presentation,antigen_presentation_louvain_6,Antigen Processing & Presentation,44
HLA-DRA,Immunogenicity,Antigen Presentation,antigen_presentation_louvain_6,Antigen Processing & Presentation,44
HLA-DRB1,Immunogenicity,Antigen Presentation,antigen_presentation_louvain_6,Antigen Processing & Presentation,44
HLA-DRB5,Immunogenicity,Antigen Presentation,antigen_presentation_louvain_6,Antigen Processing & Presentation,44
HLA-E,Immunogenicity,Antigen Presentation,antigen_presentation_louvain_6,Antigen Processing & Presentation,44
HLA-F,Immunogenicity,Antigen Presentation,antigen_presentation_louvain_6,Antigen Processing & Presentation,44
HLA-G,Immunogenicity,Antigen Presentation,antigen_presentation_louvain_6,Antigen Processing & Presentation,44
HSPA5,Immunogenicity,Antigen Presentation,antigen_presentation_louvain_6,Antigen Processing & Presentation,44
LILRB1,Immunogenicity,Antigen Presentation,antigen_presentation_louvain_6,Antigen Processing & Presentation,44
LILRB4,Immunogenicity,Antigen Presentation,antigen_presentation_louvain_6,Antigen Processing & Presentation,44
LNPEP,Immunogenicity,Antigen Presentation,antigen_presentation_louvain_6,Antigen Processing & Presentation,44
MR1,Immunogenicity,Antigen Presentation,antigen_presentation_louvain_6,Antigen Processing & Presentation,44
PDIA3,Immunogenicity,Antigen Presentation,antigen_presentation_louvain_6,Antigen Processing & Presentation,44
SAR1B,Immunogenicity,Antigen Presentation,antigen_presentation_louvain_6,Antigen Processing & Presentation,44
TAP1,Immunogenicity,Antigen Presentation,antigen_presentation_louvain_6,Antigen Processing & Presentation,44
TAP2,Immunogenicity,Antigen Presentation,antigen_presentation_louvain_6,Antigen Processing & Presentation,44
TAPBP,Immunogenicity,Antigen Presentation,antigen_presentation_louvain_6,Antigen Processing & Presentation,44
TAPBPL,Immunogenicity,Antigen Presentation,antigen_presentation_louvain_6,Antigen Processing & Presentation,44
ACTG1,Immunogenicity,Antigen Presentation,antigen_presentation_louvain_3,Cytoskeletal Organisation,64
ADGRB1,Immunogenicity,Antigen Presentation,antigen_presentation_louvain_3,Cytoskeletal Organisation,64
ALCAM,Immunogenicity,Antigen Presentation,antigen_presentation_louvain_3,Cytoskeletal Organisation,64
ARL8B,Immunogenicity,Antigen Presentation,antigen_presentation_louvain_3,Cytoskeletal Organisation,64
BECN1,Immunogenicity,Antigen Presentation,antigen_presentation_louvain_3,Cytoskeletal Organisation,64
BIN2,Immunogenicity,Antigen Presentation,antigen_presentation_louvain_3,Cytoskeletal Organisation,64
CAV1,Immunogenicity,Antigen Presentation,antigen_presentation_louvain_3,Cytoskeletal Organisation,64
CD14,Immunogenicity,Antigen Presentation,antigen_presentation_louvain_3,Cytoskeletal Organisation,64
CD209,Immunogenicity,Antigen Presentation,antigen_presentation_louvain_3,Cytoskeletal Organisation,64
CD6,Immunogenicity,Antigen Presentation,antigen_presentation_louvain_3,Cytoskeletal Organisation,64
CD81,Immunogenicity,Antigen Presentation,antigen_presentation_louvain_3,Cytoskeletal Organisation,64
CDC42,Immunogenicity,Antigen Presentation,antigen_presentation_louvain_3,Cytoskeletal Organisation,64
CLEC4M,Immunogenicity,Antigen Presentation,antigen_presentation_louvain_3,Cytoskeletal Organisation,64
DOCK1,Immunogenicity,Antigen Presentation,antigen_presentation_louvain_3,Cytoskeletal Organisation,64
DOCK2,Immunogenicity,Antigen Presentation,antigen_presentation_louvain_3,Cytoskeletal Organisation,64
EGFR,Immunogenicity,Antigen Presentation,antigen_presentation_louvain_3,Cytoskeletal Organisation,64
ELMO1,Immunogenicity,Antigen Presentation,antigen_presentation_louvain_3,Cytoskeletal Organisation,64
EZR,Immunogenicity,Antigen Presentation,antigen_presentation_louvain_3,Cytoskeletal Organisation,64
GRB2,Immunogenicity,Antigen Presentation,antigen_presentation_louvain_3,Cytoskeletal Organisation,64
GSN,Immunogenicity,Antigen Presentation,antigen_presentation_louvain_3,Cytoskeletal Organisation,64
HSP90AA1,Immunogenicity,Antigen Presentation,antigen_presentation_louvain_3,Cytoskeletal Organisation,64
HSP90AB1,Immunogenicity,Antigen Presentation,antigen_presentation_louvain_3,Cytoskeletal Organisation,64
ICAM1,Immunogenicity,Antigen Presentation,antigen_presentation_louvain_3,Cytoskeletal Organisation,64
IKBKB,Immunogenicity,Antigen Presentation,antigen_presentation_louvain_3,Cytoskeletal Organisation,64
IL10RA,Immunogenicity,Antigen Presentation,antigen_presentation_louvain_3,Cytoskeletal Organisation,64
INPPL1,Immunogenicity,Antigen Presentation,antigen_presentation_louvain_3,Cytoskeletal Organisation,64
INSR,Immunogenicity,Antigen Presentation,antigen_presentation_louvain_3,Cytoskeletal Organisation,64
ITGA4,Immunogenicity,Antigen Presentation,antigen_presentation_louvain_3,Cytoskeletal Organisation,64
ITGAM,Immunogenicity,Antigen Presentation,antigen_presentation_louvain_3,Cytoskeletal Organisation,64
ITGAV,Immunogenicity,Antigen Presentation,antigen_presentation_louvain_3,Cytoskeletal Organisation,64
ITGB1,Immunogenicity,Antigen Presentation,antigen_presentation_louvain_3,Cytoskeletal Organisation,64
ITGB2,Immunogenicity,Antigen Presentation,antigen_presentation_louvain_3,Cytoskeletal Organisation,64
KDR,Immunogenicity,Antigen Presentation,antigen_presentation_louvain_3,Cytoskeletal Organisation,64
LGALS1,Immunogenicity,Antigen Presentation,antigen_presentation_louvain_3,Cytoskeletal Organisation,64
MARCHF1,Immunogenicity,Antigen Presentation,antigen_presentation_louvain_3,Cytoskeletal Organisation,64
MFGE8,Immunogenicity,Antigen Presentation,antigen_presentation_louvain_3,Cytoskeletal Organisation,64
MYH9,Immunogenicity,Antigen Presentation,antigen_presentation_louvain_3,Cytoskeletal Organisation,64
NEDD4,Immunogenicity,Antigen Presentation,antigen_presentation_louvain_3,Cytoskeletal Organisation,64
NFKBIA,Immunogenicity,Antigen Presentation,antigen_presentation_louvain_3,Cytoskeletal Organisation,64
PIK3CB,Immunogenicity,Antigen Presentation,antigen_presentation_louvain_3,Cytoskeletal Organisation,64
PIK3CG,Immunogenicity,Antigen Presentation,antigen_presentation_louvain_3,Cytoskeletal Organisation,64
PYCARD,Immunogenicity,Antigen Presentation,antigen_presentation_louvain_3,Cytoskeletal Organisation,64
RAB10,Immunogenicity,Antigen Presentation,antigen_presentation_louvain_3,Cytoskeletal Organisation,64
RAB14,Immunogenicity,Antigen Presentation,antigen_presentation_louvain_3,Cytoskeletal Organisation,64
RAB4A,Immunogenicity,Antigen Presentation,antigen_presentation_louvain_3,Cytoskeletal Organisation,64
RAB5A,Immunogenicity,Antigen Presentation,antigen_presentation_louvain_3,Cytoskeletal Organisation,64
RAB5B,Immunogenicity,Antigen Presentation,antigen_presentation_louvain_3,Cytoskeletal Organisation,64
RAB7A,Immunogenicity,Antigen Presentation,antigen_presentation_louvain_3,Cytoskeletal Organisation,64
RAB8B,Immunogenicity,Antigen Presentation,antigen_presentation_louvain_3,Cytoskeletal Organisation,64
RABGEF1,Immunogenicity,Antigen Presentation,antigen_presentation_louvain_3,Cytoskeletal Organisation,64
RAC1,Immunogenicity,Antigen Presentation,antigen_presentation_louvain_3,Cytoskeletal Organisation,64
RAC2,Immunogenicity,Antigen Presentation,antigen_presentation_louvain_3,Cytoskeletal Organisation,64
RELB,Immunogenicity,Antigen Presentation,antigen_presentation_louvain_3,Cytoskeletal Organisation,64
RHOA,Immunogenicity,Antigen Presentation,antigen_presentation_louvain_3,Cytoskeletal Organisation,64
RHOBTB1,Immunogenicity,Antigen Presentation,antigen_presentation_louvain_3,Cytoskeletal Organisation,64
RHOBTB2,Immunogenicity,Antigen Presentation,antigen_presentation_louvain_3,Cytoskeletal Organisation,64
RHOG,Immunogenicity,Antigen Presentation,antigen_presentation_louvain_3,Cytoskeletal Organisation,64
RHOH,Immunogenicity,Antigen Presentation,antigen_presentation_louvain_3,Cytoskeletal Organisation,64
RUBCN,Immunogenicity,Antigen Presentation,antigen_presentation_louvain_3,Cytoskeletal Organisation,64
STAT3,Immunogenicity,Antigen Presentation,antigen_presentation_louvain_3,Cytoskeletal Organisation,64
TFRC,Immunogenicity,Antigen Presentation,antigen_presentation_louvain_3,Cytoskeletal Organisation,64
TGFBR2,Immunogenicity,Antigen Presentation,antigen_presentation_louvain_3,Cytoskeletal Organisation,64
THBS1,Immunogenicity,Antigen Presentation,antigen_presentation_louvain_3,Cytoskeletal Organisation,64
ZFYVE9,Immunogenicity,Antigen Presentation,antigen_presentation_louvain_3,Cytoskeletal Organisation,64
AGER,Immunogenicity,Antigen Presentation,antigen_presentation_louvain_5,Endocytic Trafficking,39
AP3B1,Immunogenicity,Antigen Presentation,antigen_presentation_louvain_5,Endocytic Trafficking,39
AP3D1,Immunogenicity,Antigen Presentation,antigen_presentation_louvain_5,Endocytic Trafficking,39
APOE,Immunogenicity,Antigen Presentation,antigen_presentation_louvain_5,Endocytic Trafficking,39
APP,Immunogenicity,Antigen Presentation,antigen_presentation_louvain_5,Endocytic Trafficking,39
ARRB1,Immunogenicity,Antigen Presentation,antigen_presentation_louvain_5,Endocytic Trafficking,39
ARRB2,Immunogenicity,Antigen Presentation,antigen_presentation_louvain_5,Endocytic Trafficking,39
BRD4,Immunogenicity,Antigen Presentation,antigen_presentation_louvain_5,Endocytic Trafficking,39
CTSD,Immunogenicity,Antigen Presentation,antigen_presentation_louvain_5,Endocytic Trafficking,39
CXCL16,Immunogenicity,Antigen Presentation,antigen_presentation_louvain_5,Endocytic Trafficking,39
CXCL8,Immunogenicity,Antigen Presentation,antigen_presentation_louvain_5,Endocytic Trafficking,39
CXCR1,Immunogenicity,Antigen Presentation,antigen_presentation_louvain_5,Endocytic Trafficking,39
CXCR2,Immunogenicity,Antigen Presentation,antigen_presentation_louvain_5,Endocytic Trafficking,39
DNM1L,Immunogenicity,Antigen Presentation,antigen_presentation_louvain_5,Endocytic Trafficking,39
FCN1,Immunogenicity,Antigen Presentation,antigen_presentation_louvain_5,Endocytic Trafficking,39
FCN2,Immunogenicity,Antigen Presentation,antigen_presentation_louvain_5,Endocytic Trafficking,39
FCN3,Immunogenicity,Antigen Presentation,antigen_presentation_louvain_5,Endocytic Trafficking,39
FPR2,Immunogenicity,Antigen Presentation,antigen_presentation_louvain_5,Endocytic Trafficking,39
GBA,Immunogenicity,Antigen Presentation,antigen_presentation_louvain_5,Endocytic Trafficking,39
GRK2,Immunogenicity,Antigen Presentation,antigen_presentation_louvain_5,Endocytic Trafficking,39
GRK3,Immunogenicity,Antigen Presentation,antigen_presentation_louvain_5,Endocytic Trafficking,39
GRK4,Immunogenicity,Antigen Presentation,antigen_presentation_louvain_5,Endocytic Trafficking,39
GULP1,Immunogenicity,Antigen Presentation,antigen_presentation_louvain_5,Endocytic Trafficking,39
HRAS,Immunogenicity,Antigen Presentation,antigen_presentation_louvain_5,Endocytic Trafficking,39
IDE,Immunogenicity,Antigen Presentation,antigen_presentation_louvain_5,Endocytic Trafficking,39
JMJD6,Immunogenicity,Antigen Presentation,antigen_presentation_louvain_5,Endocytic Trafficking,39
LDLR,Immunogenicity,Antigen Presentation,antigen_presentation_louvain_5,Endocytic Trafficking,39
LGMN,Immunogenicity,Antigen Presentation,antigen_presentation_louvain_5,Endocytic Trafficking,39
LRP1,Immunogenicity,Antigen Presentation,antigen_presentation_louvain_5,Endocytic Trafficking,39
LRP8,Immunogenicity,Antigen Presentation,antigen_presentation_louvain_5,Endocytic Trafficking,39
MAPK1,Immunogenicity,Antigen Presentation,antigen_presentation_louvain_5,Endocytic Trafficking,39
MAPK3,Immunogenicity,Antigen Presentation,antigen_presentation_louvain_5,Endocytic Trafficking,39
MAPKAPK2,Immunogenicity,Antigen Presentation,antigen_presentation_louvain_5,Endocytic Trafficking,39
MAPKAPK3,Immunogenicity,Antigen Presentation,antigen_presentation_louvain_5,Endocytic Trafficking,39
MSR1,Immunogenicity,Antigen Presentation,antigen_presentation_louvain_5,Endocytic Trafficking,39
SNCA,Immunogenicity,Antigen Presentation,antigen_presentation_louvain_5,Endocytic Trafficking,39
TRAF6,Immunogenicity,Antigen Presentation,antigen_presentation_louvain_5,Endocytic Trafficking,39
VAMP2,Immunogenicity,Antigen Presentation,antigen_presentation_louvain_5,Endocytic Trafficking,39
VAMP7,Immunogenicity,Antigen Presentation,antigen_presentation_louvain_5,Endocytic Trafficking,39
ABL1,Immunogenicity,Antigen Presentation,antigen_presentation_louvain_0,IFN-γ-Regulated Antigen Processing,21
ATG5,Immunogenicity,Antigen Presentation,antigen_presentation_louvain_0,IFN-γ-Regulated Antigen Processing,21
CD36,Immunogenicity,Antigen Presentation,antigen_presentation_louvain_0,IFN-γ-Regulated Antigen Processing,21
CREB1,Immunogenicity,Antigen Presentation,antigen_presentation_louvain_0,IFN-γ-Regulated Antigen Processing,21
CTNNB1,Immunogenicity,Antigen Presentation,antigen_presentation_louvain_0,IFN-γ-Regulated Antigen Processing,21
FYN,Immunogenicity,Antigen Presentation,antigen_presentation_louvain_0,IFN-γ-Regulated Antigen Processing,21
GHR,Immunogenicity,Antigen Presentation,antigen_presentation_louvain_0,IFN-γ-Regulated Antigen Processing,21
IFNG,Immunogenicity,Antigen Presentation,antigen_presentation_louvain_0,IFN-γ-Regulated Antigen Processing,21
JUN,Immunogenicity,Antigen Presentation,antigen_presentation_louvain_0,IFN-γ-Regulated Antigen Processing,21
MAVS,Immunogenicity,Antigen Presentation,antigen_presentation_louvain_0,IFN-γ-Regulated Antigen Processing,21
NFYA,Immunogenicity,Antigen Presentation,antigen_presentation_louvain_0,IFN-γ-Regulated Antigen Processing,21
NFYB,Immunogenicity,Antigen Presentation,antigen_presentation_louvain_0,IFN-γ-Regulated Antigen Processing,21
NFYC,Immunogenicity,Antigen Presentation,antigen_presentation_louvain_0,IFN-γ-Regulated Antigen Processing,21
PSMA7,Immunogenicity,Antigen Presentation,antigen_presentation_louvain_0,IFN-γ-Regulated Antigen Processing,21
PSMB8,Immunogenicity,Antigen Presentation,antigen_presentation_louvain_0,IFN-γ-Regulated Antigen Processing,21
PSME1,Immunogenicity,Antigen Presentation,antigen_presentation_louvain_0,IFN-γ-Regulated Antigen Processing,21
PSME2,Immunogenicity,Antigen Presentation,antigen_presentation_louvain_0,IFN-γ-Regulated Antigen Processing,21
RAB33A,Immunogenicity,Antigen Presentation,antigen_presentation_louvain_0,IFN-γ-Regulated Antigen Processing,21
SH3BP1,Immunogenicity,Antigen Presentation,antigen_presentation_louvain_0,IFN-γ-Regulated Antigen Processing,21
SOCS3,Immunogenicity,Antigen Presentation,antigen_presentation_louvain_0,IFN-γ-Regulated Antigen Processing,21
STAT5B,Immunogenicity,Antigen Presentation,antigen_presentation_louvain_0,IFN-γ-Regulated Antigen Processing,21
ACE2,Immunogenicity,Antigen Presentation,antigen_presentation_louvain_1,Immunoglobulin-Mediated Adaptive Immunity,26
CALCA,Immunogenicity,Antigen Presentation,antigen_presentation_louvain_1,Immunoglobulin-Mediated Adaptive Immunity,26
CD5,Immunogenicity,Antigen Presentation,antigen_presentation_louvain_1,Immunoglobulin-Mediated Adaptive Immunity,26
CLEC7A,Immunogenicity,Antigen Presentation,antigen_presentation_louvain_1,Immunoglobulin-Mediated Adaptive Immunity,26
DBNL,Immunogenicity,Antigen Presentation,antigen_presentation_louvain_1,Immunoglobulin-Mediated Adaptive Immunity,26
DMBT1,Immunogenicity,Antigen Presentation,antigen_presentation_louvain_1,Immunoglobulin-Mediated Adaptive Immunity,26
DPP4,Immunogenicity,Antigen Presentation,antigen_presentation_louvain_1,Immunoglobulin-Mediated Adaptive Immunity,26
FCER1G,Immunogenicity,Antigen Presentation,antigen_presentation_louvain_1,Immunoglobulin-Mediated Adaptive Immunity,26
FCGR1A,Immunogenicity,Antigen Presentation,antigen_presentation_louvain_1,Immunoglobulin-Mediated Adaptive Immunity,26
FCGR2B,Immunogenicity,Antigen Presentation,antigen_presentation_louvain_1,Immunoglobulin-Mediated Adaptive Immunity,26
IGHD,Immunogenicity,Antigen Presentation,antigen_presentation_louvain_1,Immunoglobulin-Mediated Adaptive Immunity,26
IGHV1-3,Immunogenicity,Antigen Presentation,antigen_presentation_louvain_1,Immunoglobulin-Mediated Adaptive Immunity,26
IGHV3-11,Immunogenicity,Antigen Presentation,antigen_presentation_louvain_1,Immunoglobulin-Mediated Adaptive Immunity,26
IGHV3-15,Immunogenicity,Antigen Presentation,antigen_presentation_louvain_1,Immunoglobulin-Mediated Adaptive Immunity,26
IGHV3-16,Immunogenicity,Antigen Presentation,antigen_presentation_louvain_1,Immunoglobulin-Mediated Adaptive Immunity,26
IGHV3-43D,Immunogenicity,Antigen Presentation,antigen_presentation_louvain_1,Immunoglobulin-Mediated Adaptive Immunity,26
IGHV3-72,Immunogenicity,Antigen Presentation,antigen_presentation_louvain_1,Immunoglobulin-Mediated Adaptive Immunity,26
IGLL1,Immunogenicity,Antigen Presentation,antigen_presentation_louvain_1,Immunoglobulin-Mediated Adaptive Immunity,26
IGLL5,Immunogenicity,Antigen Presentation,antigen_presentation_louvain_1,Immunoglobulin-Mediated Adaptive Immunity,26
LOC102723407,Immunogenicity,Antigen Presentation,antigen_presentation_louvain_1,Immunoglobulin-Mediated Adaptive Immunity,26
OLR1,Immunogenicity,Antigen Presentation,antigen_presentation_louvain_1,Immunoglobulin-Mediated Adaptive Immunity,26
SFTPD,Immunogenicity,Antigen Presentation,antigen_presentation_louvain_1,Immunoglobulin-Mediated Adaptive Immunity,26
SH3BP2,Immunogenicity,Antigen Presentation,antigen_presentation_louvain_1,Immunoglobulin-Mediated Adaptive Immunity,26
SYK,Immunogenicity,Antigen Presentation,antigen_presentation_louvain_1,Immunoglobulin-Mediated Adaptive Immunity,26
TNF,Immunogenicity,Antigen Presentation,antigen_presentation_louvain_1,Immunoglobulin-Mediated Adaptive Immunity,26
TREM2,Immunogenicity,Antigen Presentation,antigen_presentation_louvain_1,Immunoglobulin-Mediated Adaptive Immunity,26
CTSB,Immunogenicity,Antigen Presentation,antigen_presentation_louvain_2,Lysosomal Proteolysis,5
CTSH,Immunogenicity,Antigen Presentation,antigen_presentation_louvain_2,Lysosomal Proteolysis,5
CTSL,Immunogenicity,Antigen Presentation,antigen_presentation_louvain_2,Lysosomal Proteolysis,5
CTSS,Immunogenicity,Antigen Presentation,antigen_presentation_louvain_2,Lysosomal Proteolysis,5
CTSV,Immunogenicity,Antigen Presentation,antigen_presentation_louvain_2,Lysosomal Proteolysis,5
KIR2DL1,Immunogenicity,Antigen Presentation,antigen_presentation_louvain_4,NK Cell Cytotoxicity,10
KIR2DL3,Immunogenicity,Antigen Presentation,antigen_presentation_louvain_4,NK Cell Cytotoxicity,10
KIR3DL1,Immunogenicity,Antigen Presentation,antigen_presentation_louvain_4,NK Cell Cytotoxicity,10
KIR3DL2,Immunogenicity,Antigen Presentation,antigen_presentation_louvain_4,NK Cell Cytotoxicity,10
KIR3DL3,Immunogenicity,Antigen Presentation,antigen_presentation_louvain_4,NK Cell Cytotoxicity,10
KLRC1,Immunogenicity,Antigen Presentation,antigen_presentation_louvain_4,NK Cell Cytotoxicity,10
KLRC2,Immunogenicity,Antigen Presentation,antigen_presentation_louvain_4,NK Cell Cytotoxicity,10
KLRC3-2,Immunogenicity,Antigen Presentation,antigen_presentation_louvain_4,NK Cell Cytotoxicity,10
KLRC4,Immunogenicity,Antigen Presentation,antigen_presentation_louvain_4,NK Cell Cytotoxicity,10
KLRD1,Immunogenicity,Antigen Presentation,antigen_presentation_louvain_4,NK Cell Cytotoxicity,10
ARRB1,Immunogenicity,Inflammation,inflammation_louvain_4,Chemokine Signalling,10
CCL11,Immunogenicity,Inflammation,inflammation_louvain_4,Chemokine Signalling,10
CCL3,Immunogenicity,Inflammation,inflammation_louvain_4,Chemokine Signalling,10
CCR6,Immunogenicity,Inflammation,inflammation_louvain_4,Chemokine Signalling,10
CX3CL1,Immunogenicity,Inflammation,inflammation_louvain_4,Chemokine Signalling,10
CX3CR1,Immunogenicity,Inflammation,inflammation_louvain_4,Chemokine Signalling,10
CXCL13,Immunogenicity,Inflammation,inflammation_louvain_4,Chemokine Signalling,10
CXCR2,Immunogenicity,Inflammation,inflammation_louvain_4,Chemokine Signalling,10
PF4,Immunogenicity,Inflammation,inflammation_louvain_4,Chemokine Signalling,10
PTAFR,Immunogenicity,Inflammation,inflammation_louvain_4,Chemokine Signalling,10
IL1F10,Immunogenicity,Inflammation,inflammation_louvain_11,Cytokine-Cytokine Receptor Interaction,10
IL1R1,Immunogenicity,Inflammation,inflammation_louvain_11,Cytokine-Cytokine Receptor Interaction,10
IL1RAP,Immunogenicity,Inflammation,inflammation_louvain_11,Cytokine-Cytokine Receptor Interaction,10
IL1RL2,Immunogenicity,Inflammation,inflammation_louvain_11,Cytokine-Cytokine Receptor Interaction,10
IL1RN,Immunogenicity,Inflammation,inflammation_louvain_11,Cytokine-Cytokine Receptor Interaction,10
IL33,Immunogenicity,Inflammation,inflammation_louvain_11,Cytokine-Cytokine Receptor Interaction,10
IL36A,Immunogenicity,Inflammation,inflammation_louvain_11,Cytokine-Cytokine Receptor Interaction,10
IL36B,Immunogenicity,Inflammation,inflammation_louvain_11,Cytokine-Cytokine Receptor Interaction,10
IL36G,Immunogenicity,Inflammation,inflammation_louvain_11,Cytokine-Cytokine Receptor Interaction,10
IL36RN,Immunogenicity,Inflammation,inflammation_louvain_11,Cytokine-Cytokine Receptor Interaction,10
AGER,Immunogenicity,Inflammation,inflammation_louvain_7,DAMP/TLR-Driven Inflammation,45
ANXA1,Immunogenicity,Inflammation,inflammation_louvain_7,DAMP/TLR-Driven Inflammation,45
APP,Immunogenicity,Inflammation,inflammation_louvain_7,DAMP/TLR-Driven Inflammation,45
C5AR1,Immunogenicity,Inflammation,inflammation_louvain_7,DAMP/TLR-Driven Inflammation,45
CASP3,Immunogenicity,Inflammation,inflammation_louvain_7,DAMP/TLR-Driven Inflammation,45
CD14,Immunogenicity,Inflammation,inflammation_louvain_7,DAMP/TLR-Driven Inflammation,45
CD36,Immunogenicity,Inflammation,inflammation_louvain_7,DAMP/TLR-Driven Inflammation,45
CLU,Immunogenicity,Inflammation,inflammation_louvain_7,DAMP/TLR-Driven Inflammation,45
DYSF,Immunogenicity,Inflammation,inflammation_louvain_7,DAMP/TLR-Driven Inflammation,45
ELANE,Immunogenicity,Inflammation,inflammation_louvain_7,DAMP/TLR-Driven Inflammation,45
FPR2,Immunogenicity,Inflammation,inflammation_louvain_7,DAMP/TLR-Driven Inflammation,45
GATA3,Immunogenicity,Inflammation,inflammation_louvain_7,DAMP/TLR-Driven Inflammation,45
GNAI2,Immunogenicity,Inflammation,inflammation_louvain_7,DAMP/TLR-Driven Inflammation,45
GNG2,Immunogenicity,Inflammation,inflammation_louvain_7,DAMP/TLR-Driven Inflammation,45
GZMB,Immunogenicity,Inflammation,inflammation_louvain_7,DAMP/TLR-Driven Inflammation,45
HMGB1,Immunogenicity,Inflammation,inflammation_louvain_7,DAMP/TLR-Driven Inflammation,45
HMGB2,Immunogenicity,Inflammation,inflammation_louvain_7,DAMP/TLR-Driven Inflammation,45
IFI35,Immunogenicity,Inflammation,inflammation_louvain_7,DAMP/TLR-Driven Inflammation,45
IL17RA,Immunogenicity,Inflammation,inflammation_louvain_7,DAMP/TLR-Driven Inflammation,45
IL25,Immunogenicity,Inflammation,inflammation_louvain_7,DAMP/TLR-Driven Inflammation,45
IRF7,Immunogenicity,Inflammation,inflammation_louvain_7,DAMP/TLR-Driven Inflammation,45
JUN,Immunogenicity,Inflammation,inflammation_louvain_7,DAMP/TLR-Driven Inflammation,45
LBP,Immunogenicity,Inflammation,inflammation_louvain_7,DAMP/TLR-Driven Inflammation,45
LY96,Immunogenicity,Inflammation,inflammation_louvain_7,DAMP/TLR-Driven Inflammation,45
MAPK1,Immunogenicity,Inflammation,inflammation_louvain_7,DAMP/TLR-Driven Inflammation,45
MAPT,Immunogenicity,Inflammation,inflammation_louvain_7,DAMP/TLR-Driven Inflammation,45
MRGPRX2,Immunogenicity,Inflammation,inflammation_louvain_7,DAMP/TLR-Driven Inflammation,45
MYD88,Immunogenicity,Inflammation,inflammation_louvain_7,DAMP/TLR-Driven Inflammation,45
NMI,Immunogenicity,Inflammation,inflammation_louvain_7,DAMP/TLR-Driven Inflammation,45
OPRM1,Immunogenicity,Inflammation,inflammation_louvain_7,DAMP/TLR-Driven Inflammation,45
S100A13,Immunogenicity,Inflammation,inflammation_louvain_7,DAMP/TLR-Driven Inflammation,45
S100A8,Immunogenicity,Inflammation,inflammation_louvain_7,DAMP/TLR-Driven Inflammation,45
S100A9,Immunogenicity,Inflammation,inflammation_louvain_7,DAMP/TLR-Driven Inflammation,45
SNCA,Immunogenicity,Inflammation,inflammation_louvain_7,DAMP/TLR-Driven Inflammation,45
TGFB1,Immunogenicity,Inflammation,inflammation_louvain_7,DAMP/TLR-Driven Inflammation,45
THBS1,Immunogenicity,Inflammation,inflammation_louvain_7,DAMP/TLR-Driven Inflammation,45
TICAM1,Immunogenicity,Inflammation,inflammation_louvain_7,DAMP/TLR-Driven Inflammation,45
TLR2,Immunogenicity,Inflammation,inflammation_louvain_7,DAMP/TLR-Driven Inflammation,45
TLR3,Immunogenicity,Inflammation,inflammation_louvain_7,DAMP/TLR-Driven Inflammation,45
TLR4,Immunogenicity,Inflammation,inflammation_louvain_7,DAMP/TLR-Driven Inflammation,45
TLR6,Immunogenicity,Inflammation,inflammation_louvain_7,DAMP/TLR-Driven Inflammation,45
TLR7,Immunogenicity,Inflammation,inflammation_louvain_7,DAMP/TLR-Driven Inflammation,45
TLR8,Immunogenicity,Inflammation,inflammation_louvain_7,DAMP/TLR-Driven Inflammation,45
TLR9,Immunogenicity,Inflammation,inflammation_louvain_7,DAMP/TLR-Driven Inflammation,45
TRAF6,Immunogenicity,Inflammation,inflammation_louvain_7,DAMP/TLR-Driven Inflammation,45
BCR,Immunogenicity,Inflammation,inflammation_louvain_5,Fc receptor-mediated Signalling,30
BTK,Immunogenicity,Inflammation,inflammation_louvain_5,Fc receptor-mediated Signalling,30
C1QA,Immunogenicity,Inflammation,inflammation_louvain_5,Fc receptor-mediated Signalling,30
CBL,Immunogenicity,Inflammation,inflammation_louvain_5,Fc receptor-mediated Signalling,30
CLEC4D,Immunogenicity,Inflammation,inflammation_louvain_5,Fc receptor-mediated Signalling,30
CLEC4E,Immunogenicity,Inflammation,inflammation_louvain_5,Fc receptor-mediated Signalling,30
CLEC6A,Immunogenicity,Inflammation,inflammation_louvain_5,Fc receptor-mediated Signalling,30
CLEC7A,Immunogenicity,Inflammation,inflammation_louvain_5,Fc receptor-mediated Signalling,30
EPHB6,Immunogenicity,Inflammation,inflammation_louvain_5,Fc receptor-mediated Signalling,30
FCER1G,Immunogenicity,Inflammation,inflammation_louvain_5,Fc receptor-mediated Signalling,30
FCGR1A,Immunogenicity,Inflammation,inflammation_louvain_5,Fc receptor-mediated Signalling,30
FCGR3A,Immunogenicity,Inflammation,inflammation_louvain_5,Fc receptor-mediated Signalling,30
FYN,Immunogenicity,Inflammation,inflammation_louvain_5,Fc receptor-mediated Signalling,30
HAVCR2,Immunogenicity,Inflammation,inflammation_louvain_5,Fc receptor-mediated Signalling,30
IGKV2D-28,Immunogenicity,Inflammation,inflammation_louvain_5,Fc receptor-mediated Signalling,30
INPP5D,Immunogenicity,Inflammation,inflammation_louvain_5,Fc receptor-mediated Signalling,30
KIT,Immunogenicity,Inflammation,inflammation_louvain_5,Fc receptor-mediated Signalling,30
LAT,Immunogenicity,Inflammation,inflammation_louvain_5,Fc receptor-mediated Signalling,30
LILRA2,Immunogenicity,Inflammation,inflammation_louvain_5,Fc receptor-mediated Signalling,30
LYN,Immunogenicity,Inflammation,inflammation_louvain_5,Fc receptor-mediated Signalling,30
NCK2,Immunogenicity,Inflammation,inflammation_louvain_5,Fc receptor-mediated Signalling,30
PIK3CD,Immunogenicity,Inflammation,inflammation_louvain_5,Fc receptor-mediated Signalling,30
PIK3CG,Immunogenicity,Inflammation,inflammation_louvain_5,Fc receptor-mediated Signalling,30
PIK3R1,Immunogenicity,Inflammation,inflammation_louvain_5,Fc receptor-mediated Signalling,30
PLCG2,Immunogenicity,Inflammation,inflammation_louvain_5,Fc receptor-mediated Signalling,30
RTN4,Immunogenicity,Inflammation,inflammation_louvain_5,Fc receptor-mediated Signalling,30
SLAMF1,Immunogenicity,Inflammation,inflammation_louvain_5,Fc receptor-mediated Signalling,30
SYK,Immunogenicity,Inflammation,inflammation_louvain_5,Fc receptor-mediated Signalling,30
TREM2,Immunogenicity,Inflammation,inflammation_louvain_5,Fc receptor-mediated Signalling,30
TYROBP,Immunogenicity,Inflammation,inflammation_louvain_5,Fc receptor-mediated Signalling,30
C3,Immunogenicity,Inflammation,inflammation_louvain_6,Integrin Signalling,5
FCN1,Immunogenicity,Inflammation,inflammation_louvain_6,Integrin Signalling,5
ITGAM,Immunogenicity,Inflammation,inflammation_louvain_6,Integrin Signalling,5
ITGB2,Immunogenicity,Inflammation,inflammation_louvain_6,Integrin Signalling,5
JAM3,Immunogenicity,Inflammation,inflammation_louvain_6,Integrin Signalling,5
IFNG,Immunogenicity,Inflammation,inflammation_louvain_10,JAK-STAT Signalling Pathway,10
IFNGR1,Immunogenicity,Inflammation,inflammation_louvain_10,JAK-STAT Signalling Pathway,10
IFNGR2,Immunogenicity,Inflammation,inflammation_louvain_10,JAK-STAT Signalling Pathway,10
IL13,Immunogenicity,Inflammation,inflammation_louvain_10,JAK-STAT Signalling Pathway,10
IL20RB,Immunogenicity,Inflammation,inflammation_louvain_10,JAK-STAT Signalling Pathway,10
IL2RA,Immunogenicity,Inflammation,inflammation_louvain_10,JAK-STAT Signalling Pathway,10
IL4,Immunogenicity,Inflammation,inflammation_louvain_10,JAK-STAT Signalling Pathway,10
IL4R,Immunogenicity,Inflammation,inflammation_louvain_10,JAK-STAT Signalling Pathway,10
IL5RA,Immunogenicity,Inflammation,inflammation_louvain_10,JAK-STAT Signalling Pathway,10
JAK2,Immunogenicity,Inflammation,inflammation_louvain_10,JAK-STAT Signalling Pathway,10
ANXA3,Immunogenicity,Inflammation,inflammation_louvain_3,Leukocyte Degranulation,7
CPLX2,Immunogenicity,Inflammation,inflammation_louvain_3,Leukocyte Degranulation,7
SNAP23,Immunogenicity,Inflammation,inflammation_louvain_3,Leukocyte Degranulation,7
STXBP2,Immunogenicity,Inflammation,inflammation_louvain_3,Leukocyte Degranulation,7
STXBP3,Immunogenicity,Inflammation,inflammation_louvain_3,Leukocyte Degranulation,7
VAMP2,Immunogenicity,Inflammation,inflammation_louvain_3,Leukocyte Degranulation,7
VAMP7,Immunogenicity,Inflammation,inflammation_louvain_3,Leukocyte Degranulation,7
CD44,Immunogenicity,Inflammation,inflammation_louvain_8,Leukocyte Transendothelial Migration,9
CDC42,Immunogenicity,Inflammation,inflammation_louvain_8,Leukocyte Transendothelial Migration,9
DOCK2,Immunogenicity,Inflammation,inflammation_louvain_8,Leukocyte Transendothelial Migration,9
EZR,Immunogenicity,Inflammation,inflammation_louvain_8,Leukocyte Transendothelial Migration,9
RAP1A,Immunogenicity,Inflammation,inflammation_louvain_8,Leukocyte Transendothelial Migration,9
RASGRP1,Immunogenicity,Inflammation,inflammation_louvain_8,Leukocyte Transendothelial Migration,9
RASGRP2,Immunogenicity,Inflammation,inflammation_louvain_8,Leukocyte Transendothelial Migration,9
SELE,Immunogenicity,Inflammation,inflammation_louvain_8,Leukocyte Transendothelial Migration,9
VCAM1,Immunogenicity,Inflammation,inflammation_louvain_8,Leukocyte Transendothelial Migration,9
ALOX5,Immunogenicity,Inflammation,inflammation_louvain_2,Leukotriene Biosynthesis,7
ALOX5AP,Immunogenicity,Inflammation,inflammation_louvain_2,Leukotriene Biosynthesis,7
CSF2RA,Immunogenicity,Inflammation,inflammation_louvain_2,Leukotriene Biosynthesis,7
DMBT1,Immunogenicity,Inflammation,inflammation_louvain_2,Leukotriene Biosynthesis,7
GRB2,Immunogenicity,Inflammation,inflammation_louvain_2,Leukotriene Biosynthesis,7
LAT2,Immunogenicity,Inflammation,inflammation_louvain_2,Leukotriene Biosynthesis,7
SFTPD,Immunogenicity,Inflammation,inflammation_louvain_2,Leukotriene Biosynthesis,7
AHCY,Immunogenicity,Inflammation,inflammation_louvain_0,NLRP6 Inflammasome Signalling,9
CARD8,Immunogenicity,Inflammation,inflammation_louvain_0,NLRP6 Inflammasome Signalling,9
CASP1,Immunogenicity,Inflammation,inflammation_louvain_0,NLRP6 Inflammasome Signalling,9
IKBKB,Immunogenicity,Inflammation,inflammation_louvain_0,NLRP6 Inflammasome Signalling,9
IL37,Immunogenicity,Inflammation,inflammation_louvain_0,NLRP6 Inflammasome Signalling,9
NLRP6,Immunogenicity,Inflammation,inflammation_louvain_0,NLRP6 Inflammasome Signalling,9
PYCARD,Immunogenicity,Inflammation,inflammation_louvain_0,NLRP6 Inflammasome Signalling,9
TNF,Immunogenicity,Inflammation,inflammation_louvain_0,NLRP6 Inflammasome Signalling,9
XIAP,Immunogenicity,Inflammation,inflammation_louvain_0,NLRP6 Inflammasome Signalling,9
HSP90AA1,Immunogenicity,Inflammation,inflammation_louvain_9,NOD Signalling,6
NOD1,Immunogenicity,Inflammation,inflammation_louvain_9,NOD Signalling,6
NOD2,Immunogenicity,Inflammation,inflammation_louvain_9,NOD Signalling,6
PARK7,Immunogenicity,Inflammation,inflammation_louvain_9,NOD Signalling,6
PRDX2,Immunogenicity,Inflammation,inflammation_louvain_9,NOD Signalling,6
TRAF3IP2,Immunogenicity,Inflammation,inflammation_louvain_9,NOD Signalling,6
ALCAM,Immunogenicity,Inflammation,inflammation_louvain_1,T-Cell Co-Stimulatory Checkpoint,11
CD6,Immunogenicity,Inflammation,inflammation_louvain_1,T-Cell Co-Stimulatory Checkpoint,11
EGFR,Immunogenicity,Inflammation,inflammation_louvain_1,T-Cell Co-Stimulatory Checkpoint,11
GRN,Immunogenicity,Inflammation,inflammation_louvain_1,T-Cell Co-Stimulatory Checkpoint,11
LGALS1,Immunogenicity,Inflammation,inflammation_louvain_1,T-Cell Co-Stimulatory Checkpoint,11
NEDD4,Immunogenicity,Inflammation,inflammation_louvain_1,T-Cell Co-Stimulatory Checkpoint,11
PRKCE,Immunogenicity,Inflammation,inflammation_louvain_1,T-Cell Co-Stimulatory Checkpoint,11
RAB5A,Immunogenicity,Inflammation,inflammation_louvain_1,T-Cell Co-Stimulatory Checkpoint,11
RABGEF1,Immunogenicity,Inflammation,inflammation_louvain_1,T-Cell Co-Stimulatory Checkpoint,11
SCNN1B,Immunogenicity,Inflammation,inflammation_louvain_1,T-Cell Co-Stimulatory Checkpoint,11
TNFRSF1A,Immunogenicity,Inflammation,inflammation_louvain_1,T-Cell Co-Stimulatory Checkpoint,11
MDK,Immunogenicity,Inflammation,inflammation_louvain_12,Th1/Th2 Cell Differentiation,5
NOTCH1,Immunogenicity,Inflammation,inflammation_louvain_12,Th1/Th2 Cell Differentiation,5
NOTCH2,Immunogenicity,Inflammation,inflammation_louvain_12,Th1/Th2 Cell Differentiation,5
PTN,Immunogenicity,Inflammation,inflammation_louvain_12,Th1/Th2 Cell Differentiation,5
RBPJ,Immunogenicity,Inflammation,inflammation_louvain_12,Th1/Th2 Cell Differentiation,5
AKT1,Immunogenicity,Innate Immune Activation,innate_immune_activation_louvain_11,Akt/CREB Transcriptional Signalling,23
AKT2,Immunogenicity,Innate Immune Activation,innate_immune_activation_louvain_11,Akt/CREB Transcriptional Signalling,23
AKT3,Immunogenicity,Innate Immune Activation,innate_immune_activation_louvain_11,Akt/CREB Transcriptional Signalling,23
CASP3,Immunogenicity,Innate Immune Activation,innate_immune_activation_louvain_11,Akt/CREB Transcriptional Signalling,23
CITED1,Immunogenicity,Innate Immune Activation,innate_immune_activation_louvain_11,Akt/CREB Transcriptional Signalling,23
CREB1,Immunogenicity,Innate Immune Activation,innate_immune_activation_louvain_11,Akt/CREB Transcriptional Signalling,23
CREB3L1,Immunogenicity,Innate Immune Activation,innate_immune_activation_louvain_11,Akt/CREB Transcriptional Signalling,23
CRTC3,Immunogenicity,Innate Immune Activation,innate_immune_activation_louvain_11,Akt/CREB Transcriptional Signalling,23
CYP27B1,Immunogenicity,Innate Immune Activation,innate_immune_activation_louvain_11,Akt/CREB Transcriptional Signalling,23
EP300,Immunogenicity,Innate Immune Activation,innate_immune_activation_louvain_11,Akt/CREB Transcriptional Signalling,23
FOXP1,Immunogenicity,Innate Immune Activation,innate_immune_activation_louvain_11,Akt/CREB Transcriptional Signalling,23
GNB1,Immunogenicity,Innate Immune Activation,innate_immune_activation_louvain_11,Akt/CREB Transcriptional Signalling,23
GZMB,Immunogenicity,Innate Immune Activation,innate_immune_activation_louvain_11,Akt/CREB Transcriptional Signalling,23
HSP90AA1,Immunogenicity,Innate Immune Activation,innate_immune_activation_louvain_11,Akt/CREB Transcriptional Signalling,23
MRGPRX2,Immunogenicity,Innate Immune Activation,innate_immune_activation_louvain_11,Akt/CREB Transcriptional Signalling,23
NEDD4,Immunogenicity,Innate Immune Activation,innate_immune_activation_louvain_11,Akt/CREB Transcriptional Signalling,23
NOS2,Immunogenicity,Innate Immune Activation,innate_immune_activation_louvain_11,Akt/CREB Transcriptional Signalling,23
NPY,Immunogenicity,Innate Immune Activation,innate_immune_activation_louvain_11,Akt/CREB Transcriptional Signalling,23
RPS6KB1,Immunogenicity,Innate Immune Activation,innate_immune_activation_louvain_11,Akt/CREB Transcriptional Signalling,23
SCNN1B,Immunogenicity,Innate Immune Activation,innate_immune_activation_louvain_11,Akt/CREB Transcriptional Signalling,23
SLC30A8,Immunogenicity,Innate Immune Activation,innate_immune_activation_louvain_11,Akt/CREB Transcriptional Signalling,23
SMAD2,Immunogenicity,Innate Immune Activation,innate_immune_activation_louvain_11,Akt/CREB Transcriptional Signalling,23
WNT5A,Immunogenicity,Innate Immune Activation,innate_immune_activation_louvain_11,Akt/CREB Transcriptional Signalling,23
CD44,Immunogenicity,Innate Immune Activation,innate_immune_activation_louvain_10,Antigen Processing and Presentation,10
CD74,Immunogenicity,Innate Immune Activation,innate_immune_activation_louvain_10,Antigen Processing and Presentation,10
CIITA,Immunogenicity,Innate Immune Activation,innate_immune_activation_louvain_10,Antigen Processing and Presentation,10
HLA-DPA1,Immunogenicity,Innate Immune Activation,innate_immune_activation_louvain_10,Antigen Processing and Presentation,10
HLA-DQB2,Immunogenicity,Innate Immune Activation,innate_immune_activation_louvain_10,Antigen Processing and Presentation,10
HLA-DRA,Immunogenicity,Innate Immune Activation,innate_immune_activation_louvain_10,Antigen Processing and Presentation,10
HYAL2,Immunogenicity,Innate Immune Activation,innate_immune_activation_louvain_10,Antigen Processing and Presentation,10
LAG3,Immunogenicity,Innate Immune Activation,innate_immune_activation_louvain_10,Antigen Processing and Presentation,10
RFX5,Immunogenicity,Innate Immune Activation,innate_immune_activation_louvain_10,Antigen Processing and Presentation,10
SPP1,Immunogenicity,Innate Immune Activation,innate_immune_activation_louvain_10,Antigen Processing and Presentation,10
CCL1,Immunogenicity,Innate Immune Activation,innate_immune_activation_louvain_9,Chemokine Signalling,31
CCL11,Immunogenicity,Innate Immune Activation,innate_immune_activation_louvain_9,Chemokine Signalling,31
CCL13,Immunogenicity,Innate Immune Activation,innate_immune_activation_louvain_9,Chemokine Signalling,31
CCL15,Immunogenicity,Innate Immune Activation,innate_immune_activation_louvain_9,Chemokine Signalling,31
CCL16,Immunogenicity,Innate Immune Activation,innate_immune_activation_louvain_9,Chemokine Signalling,31
CCL17,Immunogenicity,Innate Immune Activation,innate_immune_activation_louvain_9,Chemokine Signalling,31
CCL18,Immunogenicity,Innate Immune Activation,innate_immune_activation_louvain_9,Chemokine Signalling,31
CCL19,Immunogenicity,Innate Immune Activation,innate_immune_activation_louvain_9,Chemokine Signalling,31
CCL2,Immunogenicity,Innate Immune Activation,innate_immune_activation_louvain_9,Chemokine Signalling,31
CCL20,Immunogenicity,Innate Immune Activation,innate_immune_activation_louvain_9,Chemokine Signalling,31
CCL21,Immunogenicity,Innate Immune Activation,innate_immune_activation_louvain_9,Chemokine Signalling,31
CCL22,Immunogenicity,Innate Immune Activation,innate_immune_activation_louvain_9,Chemokine Signalling,31
CCL24,Immunogenicity,Innate Immune Activation,innate_immune_activation_louvain_9,Chemokine Signalling,31
CCL25,Immunogenicity,Innate Immune Activation,innate_immune_activation_louvain_9,Chemokine Signalling,31
CCL26,Immunogenicity,Innate Immune Activation,innate_immune_activation_louvain_9,Chemokine Signalling,31
CCL3,Immunogenicity,Innate Immune Activation,innate_immune_activation_louvain_9,Chemokine Signalling,31
CCL3L1,Immunogenicity,Innate Immune Activation,innate_immune_activation_louvain_9,Chemokine Signalling,31
CCL4,Immunogenicity,Innate Immune Activation,innate_immune_activation_louvain_9,Chemokine Signalling,31
CCL4L2,Immunogenicity,Innate Immune Activation,innate_immune_activation_louvain_9,Chemokine Signalling,31
CCL5,Immunogenicity,Innate Immune Activation,innate_immune_activation_louvain_9,Chemokine Signalling,31
CCL7,Immunogenicity,Innate Immune Activation,innate_immune_activation_louvain_9,Chemokine Signalling,31
CCL8,Immunogenicity,Innate Immune Activation,innate_immune_activation_louvain_9,Chemokine Signalling,31
CX3CL1,Immunogenicity,Innate Immune Activation,innate_immune_activation_louvain_9,Chemokine Signalling,31
CX3CR1,Immunogenicity,Innate Immune Activation,innate_immune_activation_louvain_9,Chemokine Signalling,31
CXCL10,Immunogenicity,Innate Immune Activation,innate_immune_activation_louvain_9,Chemokine Signalling,31
CXCL11,Immunogenicity,Innate Immune Activation,innate_immune_activation_louvain_9,Chemokine Signalling,31
CXCL16,Immunogenicity,Innate Immune Activation,innate_immune_activation_louvain_9,Chemokine Signalling,31
CXCL8,Immunogenicity,Innate Immune Activation,innate_immune_activation_louvain_9,Chemokine Signalling,31
CXCL9,Immunogenicity,Innate Immune Activation,innate_immune_activation_louvain_9,Chemokine Signalling,31
XCL1,Immunogenicity,Innate Immune Activation,innate_immune_activation_louvain_9,Chemokine Signalling,31
XCL2,Immunogenicity,Innate Immune Activation,innate_immune_activation_louvain_9,Chemokine Signalling,31
C3,Immunogenicity,Innate Immune Activation,innate_immune_activation_louvain_8,Complement & Coagulation Cascade,20
CFB,Immunogenicity,Innate Immune Activation,innate_immune_activation_louvain_8,Complement & Coagulation Cascade,20
CFD,Immunogenicity,Innate Immune Activation,innate_immune_activation_louvain_8,Complement & Coagulation Cascade,20
CFH,Immunogenicity,Innate Immune Activation,innate_immune_activation_louvain_8,Complement & Coagulation Cascade,20
CFHR5,Immunogenicity,Innate Immune Activation,innate_immune_activation_louvain_8,Complement & Coagulation Cascade,20
CFP,Immunogenicity,Innate Immune Activation,innate_immune_activation_louvain_8,Complement & Coagulation Cascade,20
COLEC10,Immunogenicity,Innate Immune Activation,innate_immune_activation_louvain_8,Complement & Coagulation Cascade,20
COLEC11,Immunogenicity,Innate Immune Activation,innate_immune_activation_louvain_8,Complement & Coagulation Cascade,20
CR1,Immunogenicity,Innate Immune Activation,innate_immune_activation_louvain_8,Complement & Coagulation Cascade,20
CR2,Immunogenicity,Innate Immune Activation,innate_immune_activation_louvain_8,Complement & Coagulation Cascade,20
FCN1,Immunogenicity,Innate Immune Activation,innate_immune_activation_louvain_8,Complement & Coagulation Cascade,20
FCN2,Immunogenicity,Innate Immune Activation,innate_immune_activation_louvain_8,Complement & Coagulation Cascade,20
FCN3,Immunogenicity,Innate Immune Activation,innate_immune_activation_louvain_8,Complement & Coagulation Cascade,20
IFITM1,Immunogenicity,Innate Immune Activation,innate_immune_activation_louvain_8,Complement & Coagulation Cascade,20
ITGAM,Immunogenicity,Innate Immune Activation,innate_immune_activation_louvain_8,Complement & Coagulation Cascade,20
ITGB2,Immunogenicity,Innate Immune Activation,innate_immune_activation_louvain_8,Complement & Coagulation Cascade,20
MASP1,Immunogenicity,Innate Immune Activation,innate_immune_activation_louvain_8,Complement & Coagulation Cascade,20
MASP2,Immunogenicity,Innate Immune Activation,innate_immune_activation_louvain_8,Complement & Coagulation Cascade,20
MBL2,Immunogenicity,Innate Immune Activation,innate_immune_activation_louvain_8,Complement & Coagulation Cascade,20
VSIG4,Immunogenicity,Innate Immune Activation,innate_immune_activation_louvain_8,Complement & Coagulation Cascade,20
ADAM10,Immunogenicity,Innate Immune Activation,innate_immune_activation_louvain_1,Complement Activation,13
C5,Immunogenicity,Innate Immune Activation,innate_immune_activation_louvain_1,Complement Activation,13
C5AR1,Immunogenicity,Innate Immune Activation,innate_immune_activation_louvain_1,Complement Activation,13
C7,Immunogenicity,Innate Immune Activation,innate_immune_activation_louvain_1,Complement Activation,13
C8A,Immunogenicity,Innate Immune Activation,innate_immune_activation_louvain_1,Complement Activation,13
C8B,Immunogenicity,Innate Immune Activation,innate_immune_activation_louvain_1,Complement Activation,13
C8G,Immunogenicity,Innate Immune Activation,innate_immune_activation_louvain_1,Complement Activation,13
C9,Immunogenicity,Innate Immune Activation,innate_immune_activation_louvain_1,Complement Activation,13
CD2,Immunogenicity,Innate Immune Activation,innate_immune_activation_louvain_1,Complement Activation,13
CLU,Immunogenicity,Innate Immune Activation,innate_immune_activation_louvain_1,Complement Activation,13
HAMP,Immunogenicity,Innate Immune Activation,innate_immune_activation_louvain_1,Complement Activation,13
IGLL5,Immunogenicity,Innate Immune Activation,innate_immune_activation_louvain_1,Complement Activation,13
LCK,Immunogenicity,Innate Immune Activation,innate_immune_activation_louvain_1,Complement Activation,13
ACTG1,Immunogenicity,Innate Immune Activation,innate_immune_activation_louvain_0,DAMP-Mediated MAPK Signalling,45
ACTN1,Immunogenicity,Innate Immune Activation,innate_immune_activation_louvain_0,DAMP-Mediated MAPK Signalling,45
AGER,Immunogenicity,Innate Immune Activation,innate_immune_activation_louvain_0,DAMP-Mediated MAPK Signalling,45
ANXA1,Immunogenicity,Innate Immune Activation,innate_immune_activation_louvain_0,DAMP-Mediated MAPK Signalling,45
APP,Immunogenicity,Innate Immune Activation,innate_immune_activation_louvain_0,DAMP-Mediated MAPK Signalling,45
CDC42,Immunogenicity,Innate Immune Activation,innate_immune_activation_louvain_0,DAMP-Mediated MAPK Signalling,45
CLDN1,Immunogenicity,Innate Immune Activation,innate_immune_activation_louvain_0,DAMP-Mediated MAPK Signalling,45
DOCK2,Immunogenicity,Innate Immune Activation,innate_immune_activation_louvain_0,DAMP-Mediated MAPK Signalling,45
DYSF,Immunogenicity,Innate Immune Activation,innate_immune_activation_louvain_0,DAMP-Mediated MAPK Signalling,45
FOS,Immunogenicity,Innate Immune Activation,innate_immune_activation_louvain_0,DAMP-Mediated MAPK Signalling,45
FPR2,Immunogenicity,Innate Immune Activation,innate_immune_activation_louvain_0,DAMP-Mediated MAPK Signalling,45
GSN,Immunogenicity,Innate Immune Activation,innate_immune_activation_louvain_0,DAMP-Mediated MAPK Signalling,45
HMGB1,Immunogenicity,Innate Immune Activation,innate_immune_activation_louvain_0,DAMP-Mediated MAPK Signalling,45
JUN,Immunogenicity,Innate Immune Activation,innate_immune_activation_louvain_0,DAMP-Mediated MAPK Signalling,45
MAP2K1,Immunogenicity,Innate Immune Activation,innate_immune_activation_louvain_0,DAMP-Mediated MAPK Signalling,45
MAP2K2,Immunogenicity,Innate Immune Activation,innate_immune_activation_louvain_0,DAMP-Mediated MAPK Signalling,45
MAP2K3,Immunogenicity,Innate Immune Activation,innate_immune_activation_louvain_0,DAMP-Mediated MAPK Signalling,45
MAP2K4,Immunogenicity,Innate Immune Activation,innate_immune_activation_louvain_0,DAMP-Mediated MAPK Signalling,45
MAP2K6,Immunogenicity,Innate Immune Activation,innate_immune_activation_louvain_0,DAMP-Mediated MAPK Signalling,45
MAP2K7,Immunogenicity,Innate Immune Activation,innate_immune_activation_louvain_0,DAMP-Mediated MAPK Signalling,45
MAPK1,Immunogenicity,Innate Immune Activation,innate_immune_activation_louvain_0,DAMP-Mediated MAPK Signalling,45
MAPK11,Immunogenicity,Innate Immune Activation,innate_immune_activation_louvain_0,DAMP-Mediated MAPK Signalling,45
MAPK12,Immunogenicity,Innate Immune Activation,innate_immune_activation_louvain_0,DAMP-Mediated MAPK Signalling,45
MAPK13,Immunogenicity,Innate Immune Activation,innate_immune_activation_louvain_0,DAMP-Mediated MAPK Signalling,45
MAPK14,Immunogenicity,Innate Immune Activation,innate_immune_activation_louvain_0,DAMP-Mediated MAPK Signalling,45
MAPK3,Immunogenicity,Innate Immune Activation,innate_immune_activation_louvain_0,DAMP-Mediated MAPK Signalling,45
MAPK8,Immunogenicity,Innate Immune Activation,innate_immune_activation_louvain_0,DAMP-Mediated MAPK Signalling,45
MAPK9,Immunogenicity,Innate Immune Activation,innate_immune_activation_louvain_0,DAMP-Mediated MAPK Signalling,45
MAPT,Immunogenicity,Innate Immune Activation,innate_immune_activation_louvain_0,DAMP-Mediated MAPK Signalling,45
MYH9,Immunogenicity,Innate Immune Activation,innate_immune_activation_louvain_0,DAMP-Mediated MAPK Signalling,45
NUB1,Immunogenicity,Innate Immune Activation,innate_immune_activation_louvain_0,DAMP-Mediated MAPK Signalling,45
OAS1,Immunogenicity,Innate Immune Activation,innate_immune_activation_louvain_0,DAMP-Mediated MAPK Signalling,45
OAS2,Immunogenicity,Innate Immune Activation,innate_immune_activation_louvain_0,DAMP-Mediated MAPK Signalling,45
PARD3,Immunogenicity,Innate Immune Activation,innate_immune_activation_louvain_0,DAMP-Mediated MAPK Signalling,45
RAP1A,Immunogenicity,Innate Immune Activation,innate_immune_activation_louvain_0,DAMP-Mediated MAPK Signalling,45
RASGRP1,Immunogenicity,Innate Immune Activation,innate_immune_activation_louvain_0,DAMP-Mediated MAPK Signalling,45
RASGRP2,Immunogenicity,Innate Immune Activation,innate_immune_activation_louvain_0,DAMP-Mediated MAPK Signalling,45
RHOA,Immunogenicity,Innate Immune Activation,innate_immune_activation_louvain_0,DAMP-Mediated MAPK Signalling,45
S100A13,Immunogenicity,Innate Immune Activation,innate_immune_activation_louvain_0,DAMP-Mediated MAPK Signalling,45
SHMT2,Immunogenicity,Innate Immune Activation,innate_immune_activation_louvain_0,DAMP-Mediated MAPK Signalling,45
SNCA,Immunogenicity,Innate Immune Activation,innate_immune_activation_louvain_0,DAMP-Mediated MAPK Signalling,45
SP100,Immunogenicity,Innate Immune Activation,innate_immune_activation_louvain_0,DAMP-Mediated MAPK Signalling,45
TP53,Immunogenicity,Innate Immune Activation,innate_immune_activation_louvain_0,DAMP-Mediated MAPK Signalling,45
UBD,Immunogenicity,Innate Immune Activation,innate_immune_activation_louvain_0,DAMP-Mediated MAPK Signalling,45
WAS,Immunogenicity,Innate Immune Activation,innate_immune_activation_louvain_0,DAMP-Mediated MAPK Signalling,45
ADAR,Immunogenicity,Innate Immune Activation,innate_immune_activation_louvain_2,Epigenetic Innate Immune Regulation,6
BRD4,Immunogenicity,Innate Immune Activation,innate_immune_activation_louvain_2,Epigenetic Innate Immune Regulation,6
CSNK2B,Immunogenicity,Innate Immune Activation,innate_immune_activation_louvain_2,Epigenetic Innate Immune Regulation,6
EIF2AK2,Immunogenicity,Innate Immune Activation,innate_immune_activation_louvain_2,Epigenetic Innate Immune Regulation,6
JMJD6,Immunogenicity,Innate Immune Activation,innate_immune_activation_louvain_2,Epigenetic Innate Immune Regulation,6
LYST,Immunogenicity,Innate Immune Activation,innate_immune_activation_louvain_2,Epigenetic Innate Immune Regulation,6
IFNA1,Immunogenicity,Innate Immune Activation,innate_immune_activation_louvain_12,JAK-STAT Signalling Pathway,40
IFNA10,Immunogenicity,Innate Immune Activation,innate_immune_activation_louvain_12,JAK-STAT Signalling Pathway,40
IFNA13,Immunogenicity,Innate Immune Activation,innate_immune_activation_louvain_12,JAK-STAT Signalling Pathway,40
IFNA14,Immunogenicity,Innate Immune Activation,innate_immune_activation_louvain_12,JAK-STAT Signalling Pathway,40
IFNA16,Immunogenicity,Innate Immune Activation,innate_immune_activation_louvain_12,JAK-STAT Signalling Pathway,40
IFNA17,Immunogenicity,Innate Immune Activation,innate_immune_activation_louvain_12,JAK-STAT Signalling Pathway,40
IFNA2,Immunogenicity,Innate Immune Activation,innate_immune_activation_louvain_12,JAK-STAT Signalling Pathway,40
IFNA21,Immunogenicity,Innate Immune Activation,innate_immune_activation_louvain_12,JAK-STAT Signalling Pathway,40
IFNA4,Immunogenicity,Innate Immune Activation,innate_immune_activation_louvain_12,JAK-STAT Signalling Pathway,40
IFNA5,Immunogenicity,Innate Immune Activation,innate_immune_activation_louvain_12,JAK-STAT Signalling Pathway,40
IFNA6,Immunogenicity,Innate Immune Activation,innate_immune_activation_louvain_12,JAK-STAT Signalling Pathway,40
IFNA7,Immunogenicity,Innate Immune Activation,innate_immune_activation_louvain_12,JAK-STAT Signalling Pathway,40
IFNA8,Immunogenicity,Innate Immune Activation,innate_immune_activation_louvain_12,JAK-STAT Signalling Pathway,40
IFNAR1,Immunogenicity,Innate Immune Activation,innate_immune_activation_louvain_12,JAK-STAT Signalling Pathway,40
IFNAR2,Immunogenicity,Innate Immune Activation,innate_immune_activation_louvain_12,JAK-STAT Signalling Pathway,40
IFNB1,Immunogenicity,Innate Immune Activation,innate_immune_activation_louvain_12,JAK-STAT Signalling Pathway,40
IFNG,Immunogenicity,Innate Immune Activation,innate_immune_activation_louvain_12,JAK-STAT Signalling Pathway,40
IFNGR1,Immunogenicity,Innate Immune Activation,innate_immune_activation_louvain_12,JAK-STAT Signalling Pathway,40
IFNGR2,Immunogenicity,Innate Immune Activation,innate_immune_activation_louvain_12,JAK-STAT Signalling Pathway,40
IFNLR1,Immunogenicity,Innate Immune Activation,innate_immune_activation_louvain_12,JAK-STAT Signalling Pathway,40
IFNW1,Immunogenicity,Innate Immune Activation,innate_immune_activation_louvain_12,JAK-STAT Signalling Pathway,40
IL10RB,Immunogenicity,Innate Immune Activation,innate_immune_activation_louvain_12,JAK-STAT Signalling Pathway,40
IL12A,Immunogenicity,Innate Immune Activation,innate_immune_activation_louvain_12,JAK-STAT Signalling Pathway,40
IL12B,Immunogenicity,Innate Immune Activation,innate_immune_activation_louvain_12,JAK-STAT Signalling Pathway,40
IL12RB1,Immunogenicity,Innate Immune Activation,innate_immune_activation_louvain_12,JAK-STAT Signalling Pathway,40
IL13,Immunogenicity,Innate Immune Activation,innate_immune_activation_louvain_12,JAK-STAT Signalling Pathway,40
IL23R,Immunogenicity,Innate Immune Activation,innate_immune_activation_louvain_12,JAK-STAT Signalling Pathway,40
IL4,Immunogenicity,Innate Immune Activation,innate_immune_activation_louvain_12,JAK-STAT Signalling Pathway,40
IL6,Immunogenicity,Innate Immune Activation,innate_immune_activation_louvain_12,JAK-STAT Signalling Pathway,40
IRF1,Immunogenicity,Innate Immune Activation,innate_immune_activation_louvain_12,JAK-STAT Signalling Pathway,40
IRF8,Immunogenicity,Innate Immune Activation,innate_immune_activation_louvain_12,JAK-STAT Signalling Pathway,40
ISG15,Immunogenicity,Innate Immune Activation,innate_immune_activation_louvain_12,JAK-STAT Signalling Pathway,40
JAK1,Immunogenicity,Innate Immune Activation,innate_immune_activation_louvain_12,JAK-STAT Signalling Pathway,40
JAK2,Immunogenicity,Innate Immune Activation,innate_immune_activation_louvain_12,JAK-STAT Signalling Pathway,40
MX1,Immunogenicity,Innate Immune Activation,innate_immune_activation_louvain_12,JAK-STAT Signalling Pathway,40
PRKCE,Immunogenicity,Innate Immune Activation,innate_immune_activation_louvain_12,JAK-STAT Signalling Pathway,40
STAT1,Immunogenicity,Innate Immune Activation,innate_immune_activation_louvain_12,JAK-STAT Signalling Pathway,40
STAT2,Immunogenicity,Innate Immune Activation,innate_immune_activation_louvain_12,JAK-STAT Signalling Pathway,40
STAT5B,Immunogenicity,Innate Immune Activation,innate_immune_activation_louvain_12,JAK-STAT Signalling Pathway,40
TYK2,Immunogenicity,Innate Immune Activation,innate_immune_activation_louvain_12,JAK-STAT Signalling Pathway,40
ANXA3,Immunogenicity,Innate Immune Activation,innate_immune_activation_louvain_5,Leukocyte Degranulation,7
CPLX2,Immunogenicity,Innate Immune Activation,innate_immune_activation_louvain_5,Leukocyte Degranulation,7
SNAP23,Immunogenicity,Innate Immune Activation,innate_immune_activation_louvain_5,Leukocyte Degranulation,7
STXBP2,Immunogenicity,Innate Immune Activation,innate_immune_activation_louvain_5,Leukocyte Degranulation,7
STXBP3,Immunogenicity,Innate Immune Activation,innate_immune_activation_louvain_5,Leukocyte Degranulation,7
VAMP2,Immunogenicity,Innate Immune Activation,innate_immune_activation_louvain_5,Leukocyte Degranulation,7
VAMP7,Immunogenicity,Innate Immune Activation,innate_immune_activation_louvain_5,Leukocyte Degranulation,7
BCR,Immunogenicity,Innate Immune Activation,innate_immune_activation_louvain_7,NK-Cell Mediated Cytotoxicity,47
BTK,Immunogenicity,Innate Immune Activation,innate_immune_activation_louvain_7,NK-Cell Mediated Cytotoxicity,47
C1QA,Immunogenicity,Innate Immune Activation,innate_immune_activation_louvain_7,NK-Cell Mediated Cytotoxicity,47
CBL,Immunogenicity,Innate Immune Activation,innate_immune_activation_louvain_7,NK-Cell Mediated Cytotoxicity,47
CD244,Immunogenicity,Innate Immune Activation,innate_immune_activation_louvain_7,NK-Cell Mediated Cytotoxicity,47
CD80,Immunogenicity,Innate Immune Activation,innate_immune_activation_louvain_7,NK-Cell Mediated Cytotoxicity,47
CD86,Immunogenicity,Innate Immune Activation,innate_immune_activation_louvain_7,NK-Cell Mediated Cytotoxicity,47
CORO1A,Immunogenicity,Innate Immune Activation,innate_immune_activation_louvain_7,NK-Cell Mediated Cytotoxicity,47
CORO1C,Immunogenicity,Innate Immune Activation,innate_immune_activation_louvain_7,NK-Cell Mediated Cytotoxicity,47
CSF1,Immunogenicity,Innate Immune Activation,innate_immune_activation_louvain_7,NK-Cell Mediated Cytotoxicity,47
CSF2,Immunogenicity,Innate Immune Activation,innate_immune_activation_louvain_7,NK-Cell Mediated Cytotoxicity,47
FCER1G,Immunogenicity,Innate Immune Activation,innate_immune_activation_louvain_7,NK-Cell Mediated Cytotoxicity,47
FCGR3A,Immunogenicity,Innate Immune Activation,innate_immune_activation_louvain_7,NK-Cell Mediated Cytotoxicity,47
HAVCR2,Immunogenicity,Innate Immune Activation,innate_immune_activation_louvain_7,NK-Cell Mediated Cytotoxicity,47
HCK,Immunogenicity,Innate Immune Activation,innate_immune_activation_louvain_7,NK-Cell Mediated Cytotoxicity,47
IGKV2D-28,Immunogenicity,Innate Immune Activation,innate_immune_activation_louvain_7,NK-Cell Mediated Cytotoxicity,47
KIR3DL1,Immunogenicity,Innate Immune Activation,innate_immune_activation_louvain_7,NK-Cell Mediated Cytotoxicity,47
KIT,Immunogenicity,Innate Immune Activation,innate_immune_activation_louvain_7,NK-Cell Mediated Cytotoxicity,47
KLRC2,Immunogenicity,Innate Immune Activation,innate_immune_activation_louvain_7,NK-Cell Mediated Cytotoxicity,47
KLRD1,Immunogenicity,Innate Immune Activation,innate_immune_activation_louvain_7,NK-Cell Mediated Cytotoxicity,47
KLRK1,Immunogenicity,Innate Immune Activation,innate_immune_activation_louvain_7,NK-Cell Mediated Cytotoxicity,47
LAT,Immunogenicity,Innate Immune Activation,innate_immune_activation_louvain_7,NK-Cell Mediated Cytotoxicity,47
LAT2,Immunogenicity,Innate Immune Activation,innate_immune_activation_louvain_7,NK-Cell Mediated Cytotoxicity,47
LGALS9,Immunogenicity,Innate Immune Activation,innate_immune_activation_louvain_7,NK-Cell Mediated Cytotoxicity,47
LILRA2,Immunogenicity,Innate Immune Activation,innate_immune_activation_louvain_7,NK-Cell Mediated Cytotoxicity,47
LYN,Immunogenicity,Innate Immune Activation,innate_immune_activation_louvain_7,NK-Cell Mediated Cytotoxicity,47
MICA,Immunogenicity,Innate Immune Activation,innate_immune_activation_louvain_7,NK-Cell Mediated Cytotoxicity,47
PIK3CA,Immunogenicity,Innate Immune Activation,innate_immune_activation_louvain_7,NK-Cell Mediated Cytotoxicity,47
PIK3CB,Immunogenicity,Innate Immune Activation,innate_immune_activation_louvain_7,NK-Cell Mediated Cytotoxicity,47
PIK3CD,Immunogenicity,Innate Immune Activation,innate_immune_activation_louvain_7,NK-Cell Mediated Cytotoxicity,47
PIK3CG,Immunogenicity,Innate Immune Activation,innate_immune_activation_louvain_7,NK-Cell Mediated Cytotoxicity,47
PIK3R1,Immunogenicity,Innate Immune Activation,innate_immune_activation_louvain_7,NK-Cell Mediated Cytotoxicity,47
PIK3R2,Immunogenicity,Innate Immune Activation,innate_immune_activation_louvain_7,NK-Cell Mediated Cytotoxicity,47
PIK3R3,Immunogenicity,Innate Immune Activation,innate_immune_activation_louvain_7,NK-Cell Mediated Cytotoxicity,47
PLCG2,Immunogenicity,Innate Immune Activation,innate_immune_activation_louvain_7,NK-Cell Mediated Cytotoxicity,47
PTPN6,Immunogenicity,Innate Immune Activation,innate_immune_activation_louvain_7,NK-Cell Mediated Cytotoxicity,47
RAET1E,Immunogenicity,Innate Immune Activation,innate_immune_activation_louvain_7,NK-Cell Mediated Cytotoxicity,47
RAET1G,Immunogenicity,Innate Immune Activation,innate_immune_activation_louvain_7,NK-Cell Mediated Cytotoxicity,47
SH2D1A,Immunogenicity,Innate Immune Activation,innate_immune_activation_louvain_7,NK-Cell Mediated Cytotoxicity,47
SLAMF1,Immunogenicity,Innate Immune Activation,innate_immune_activation_louvain_7,NK-Cell Mediated Cytotoxicity,47
SLAMF7,Immunogenicity,Innate Immune Activation,innate_immune_activation_louvain_7,NK-Cell Mediated Cytotoxicity,47
SYK,Immunogenicity,Innate Immune Activation,innate_immune_activation_louvain_7,NK-Cell Mediated Cytotoxicity,47
TREM2,Immunogenicity,Innate Immune Activation,innate_immune_activation_louvain_7,NK-Cell Mediated Cytotoxicity,47
TYROBP,Immunogenicity,Innate Immune Activation,innate_immune_activation_louvain_7,NK-Cell Mediated Cytotoxicity,47
ULBP1,Immunogenicity,Innate Immune Activation,innate_immune_activation_louvain_7,NK-Cell Mediated Cytotoxicity,47
ULBP2,Immunogenicity,Innate Immune Activation,innate_immune_activation_louvain_7,NK-Cell Mediated Cytotoxicity,47
ULBP3,Immunogenicity,Innate Immune Activation,innate_immune_activation_louvain_7,NK-Cell Mediated Cytotoxicity,47
ARL8B,Immunogenicity,Innate Immune Activation,innate_immune_activation_louvain_6,Phagolysosomal RAB GTPase Trafficking,5
RAB5A,Immunogenicity,Innate Immune Activation,innate_immune_activation_louvain_6,Phagolysosomal RAB GTPase Trafficking,5
RAB7A,Immunogenicity,Innate Immune Activation,innate_immune_activation_louvain_6,Phagolysosomal RAB GTPase Trafficking,5
RAB7B,Immunogenicity,Innate Immune Activation,innate_immune_activation_louvain_6,Phagolysosomal RAB GTPase Trafficking,5
RABGEF1,Immunogenicity,Innate Immune Activation,innate_immune_activation_louvain_6,Phagolysosomal RAB GTPase Trafficking,5
POLR1C,Immunogenicity,Innate Immune Activation,innate_immune_activation_louvain_4,RNA Pol III Innate Immune Sensing,17
POLR1D,Immunogenicity,Innate Immune Activation,innate_immune_activation_louvain_4,RNA Pol III Innate Immune Sensing,17
POLR2E,Immunogenicity,Innate Immune Activation,innate_immune_activation_louvain_4,RNA Pol III Innate Immune Sensing,17
POLR2F,Immunogenicity,Innate Immune Activation,innate_immune_activation_louvain_4,RNA Pol III Innate Immune Sensing,17
POLR2H,Immunogenicity,Innate Immune Activation,innate_immune_activation_louvain_4,RNA Pol III Innate Immune Sensing,17
POLR2K,Immunogenicity,Innate Immune Activation,innate_immune_activation_louvain_4,RNA Pol III Innate Immune Sensing,17
POLR2L,Immunogenicity,Innate Immune Activation,innate_immune_activation_louvain_4,RNA Pol III Innate Immune Sensing,17
POLR3A,Immunogenicity,Innate Immune Activation,innate_immune_activation_louvain_4,RNA Pol III Innate Immune Sensing,17
POLR3B,Immunogenicity,Innate Immune Activation,innate_immune_activation_louvain_4,RNA Pol III Innate Immune Sensing,17
POLR3C,Immunogenicity,Innate Immune Activation,innate_immune_activation_louvain_4,RNA Pol III Innate Immune Sensing,17
POLR3D,Immunogenicity,Innate Immune Activation,innate_immune_activation_louvain_4,RNA Pol III Innate Immune Sensing,17
POLR3E,Immunogenicity,Innate Immune Activation,innate_immune_activation_louvain_4,RNA Pol III Innate Immune Sensing,17
POLR3F,Immunogenicity,Innate Immune Activation,innate_immune_activation_louvain_4,RNA Pol III Innate Immune Sensing,17
POLR3G,Immunogenicity,Innate Immune Activation,innate_immune_activation_louvain_4,RNA Pol III Innate Immune Sensing,17
POLR3GL,Immunogenicity,Innate Immune Activation,innate_immune_activation_louvain_4,RNA Pol III Innate Immune Sensing,17
POLR3H,Immunogenicity,Innate Immune Activation,innate_immune_activation_louvain_4,RNA Pol III Innate Immune Sensing,17
POLR3K,Immunogenicity,Innate Immune Activation,innate_immune_activation_louvain_4,RNA Pol III Innate Immune Sensing,17
AIM2,Immunogenicity,Innate Immune Activation,innate_immune_activation_louvain_3,Toll-Like Receptor Signalling Pathway,70
AZI2,Immunogenicity,Innate Immune Activation,innate_immune_activation_louvain_3,Toll-Like Receptor Signalling Pathway,70
CALCOCO2,Immunogenicity,Innate Immune Activation,innate_immune_activation_louvain_3,Toll-Like Receptor Signalling Pathway,70
CASP1,Immunogenicity,Innate Immune Activation,innate_immune_activation_louvain_3,Toll-Like Receptor Signalling Pathway,70
CASP8,Immunogenicity,Innate Immune Activation,innate_immune_activation_louvain_3,Toll-Like Receptor Signalling Pathway,70
CD14,Immunogenicity,Innate Immune Activation,innate_immune_activation_louvain_3,Toll-Like Receptor Signalling Pathway,70
CD40,Immunogenicity,Innate Immune Activation,innate_immune_activation_louvain_3,Toll-Like Receptor Signalling Pathway,70
CHUK,Immunogenicity,Innate Immune Activation,innate_immune_activation_louvain_3,Toll-Like Receptor Signalling Pathway,70
DDX58,Immunogenicity,Innate Immune Activation,innate_immune_activation_louvain_3,Toll-Like Receptor Signalling Pathway,70
DNAJA3,Immunogenicity,Innate Immune Activation,innate_immune_activation_louvain_3,Toll-Like Receptor Signalling Pathway,70
FADD,Immunogenicity,Innate Immune Activation,innate_immune_activation_louvain_3,Toll-Like Receptor Signalling Pathway,70
FASLG,Immunogenicity,Innate Immune Activation,innate_immune_activation_louvain_3,Toll-Like Receptor Signalling Pathway,70
GAPDH,Immunogenicity,Innate Immune Activation,innate_immune_activation_louvain_3,Toll-Like Receptor Signalling Pathway,70
GRN,Immunogenicity,Innate Immune Activation,innate_immune_activation_louvain_3,Toll-Like Receptor Signalling Pathway,70
IFI35,Immunogenicity,Innate Immune Activation,innate_immune_activation_louvain_3,Toll-Like Receptor Signalling Pathway,70
IKBKB,Immunogenicity,Innate Immune Activation,innate_immune_activation_louvain_3,Toll-Like Receptor Signalling Pathway,70
IKBKE,Immunogenicity,Innate Immune Activation,innate_immune_activation_louvain_3,Toll-Like Receptor Signalling Pathway,70
IKBKG,Immunogenicity,Innate Immune Activation,innate_immune_activation_louvain_3,Toll-Like Receptor Signalling Pathway,70
IL18,Immunogenicity,Innate Immune Activation,innate_immune_activation_louvain_3,Toll-Like Receptor Signalling Pathway,70
IL1B,Immunogenicity,Innate Immune Activation,innate_immune_activation_louvain_3,Toll-Like Receptor Signalling Pathway,70
IL33,Immunogenicity,Innate Immune Activation,innate_immune_activation_louvain_3,Toll-Like Receptor Signalling Pathway,70
IL37,Immunogenicity,Innate Immune Activation,innate_immune_activation_louvain_3,Toll-Like Receptor Signalling Pathway,70
IRAK1,Immunogenicity,Innate Immune Activation,innate_immune_activation_louvain_3,Toll-Like Receptor Signalling Pathway,70
IRAK4,Immunogenicity,Innate Immune Activation,innate_immune_activation_louvain_3,Toll-Like Receptor Signalling Pathway,70
IRF3,Immunogenicity,Innate Immune Activation,innate_immune_activation_louvain_3,Toll-Like Receptor Signalling Pathway,70
IRF5,Immunogenicity,Innate Immune Activation,innate_immune_activation_louvain_3,Toll-Like Receptor Signalling Pathway,70
IRF7,Immunogenicity,Innate Immune Activation,innate_immune_activation_louvain_3,Toll-Like Receptor Signalling Pathway,70
KRT1,Immunogenicity,Innate Immune Activation,innate_immune_activation_louvain_3,Toll-Like Receptor Signalling Pathway,70
KRT8,Immunogenicity,Innate Immune Activation,innate_immune_activation_louvain_3,Toll-Like Receptor Signalling Pathway,70
LBP,Immunogenicity,Innate Immune Activation,innate_immune_activation_louvain_3,Toll-Like Receptor Signalling Pathway,70
LY96,Immunogenicity,Innate Immune Activation,innate_immune_activation_louvain_3,Toll-Like Receptor Signalling Pathway,70
MAP3K7,Immunogenicity,Innate Immune Activation,innate_immune_activation_louvain_3,Toll-Like Receptor Signalling Pathway,70
MAP3K8,Immunogenicity,Innate Immune Activation,innate_immune_activation_louvain_3,Toll-Like Receptor Signalling Pathway,70
MAVS,Immunogenicity,Innate Immune Activation,innate_immune_activation_louvain_3,Toll-Like Receptor Signalling Pathway,70
MEFV,Immunogenicity,Innate Immune Activation,innate_immune_activation_louvain_3,Toll-Like Receptor Signalling Pathway,70
MYD88,Immunogenicity,Innate Immune Activation,innate_immune_activation_louvain_3,Toll-Like Receptor Signalling Pathway,70
NCOR2,Immunogenicity,Innate Immune Activation,innate_immune_activation_louvain_3,Toll-Like Receptor Signalling Pathway,70
NFKB1,Immunogenicity,Innate Immune Activation,innate_immune_activation_louvain_3,Toll-Like Receptor Signalling Pathway,70
NFKBIA,Immunogenicity,Innate Immune Activation,innate_immune_activation_louvain_3,Toll-Like Receptor Signalling Pathway,70
NFKBIB,Immunogenicity,Innate Immune Activation,innate_immune_activation_louvain_3,Toll-Like Receptor Signalling Pathway,70
NMI,Immunogenicity,Innate Immune Activation,innate_immune_activation_louvain_3,Toll-Like Receptor Signalling Pathway,70
NR4A3,Immunogenicity,Innate Immune Activation,innate_immune_activation_louvain_3,Toll-Like Receptor Signalling Pathway,70
PYCARD,Immunogenicity,Innate Immune Activation,innate_immune_activation_louvain_3,Toll-Like Receptor Signalling Pathway,70
RELA,Immunogenicity,Innate Immune Activation,innate_immune_activation_louvain_3,Toll-Like Receptor Signalling Pathway,70
RIPK1,Immunogenicity,Innate Immune Activation,innate_immune_activation_louvain_3,Toll-Like Receptor Signalling Pathway,70
RIPK3,Immunogenicity,Innate Immune Activation,innate_immune_activation_louvain_3,Toll-Like Receptor Signalling Pathway,70
STING1,Immunogenicity,Innate Immune Activation,innate_immune_activation_louvain_3,Toll-Like Receptor Signalling Pathway,70
TAB1,Immunogenicity,Innate Immune Activation,innate_immune_activation_louvain_3,Toll-Like Receptor Signalling Pathway,70
TAB2,Immunogenicity,Innate Immune Activation,innate_immune_activation_louvain_3,Toll-Like Receptor Signalling Pathway,70
TBK1,Immunogenicity,Innate Immune Activation,innate_immune_activation_louvain_3,Toll-Like Receptor Signalling Pathway,70
TICAM1,Immunogenicity,Innate Immune Activation,innate_immune_activation_louvain_3,Toll-Like Receptor Signalling Pathway,70
TICAM2,Immunogenicity,Innate Immune Activation,innate_immune_activation_louvain_3,Toll-Like Receptor Signalling Pathway,70
TIRAP,Immunogenicity,Innate Immune Activation,innate_immune_activation_louvain_3,Toll-Like Receptor Signalling Pathway,70
TLR1,Immunogenicity,Innate Immune Activation,innate_immune_activation_louvain_3,Toll-Like Receptor Signalling Pathway,70
TLR2,Immunogenicity,Innate Immune Activation,innate_immune_activation_louvain_3,Toll-Like Receptor Signalling Pathway,70
TLR3,Immunogenicity,Innate Immune Activation,innate_immune_activation_louvain_3,Toll-Like Receptor Signalling Pathway,70
TLR4,Immunogenicity,Innate Immune Activation,innate_immune_activation_louvain_3,Toll-Like Receptor Signalling Pathway,70
TLR5,Immunogenicity,Innate Immune Activation,innate_immune_activation_louvain_3,Toll-Like Receptor Signalling Pathway,70
TLR6,Immunogenicity,Innate Immune Activation,innate_immune_activation_louvain_3,Toll-Like Receptor Signalling Pathway,70
TLR7,Immunogenicity,Innate Immune Activation,innate_immune_activation_louvain_3,Toll-Like Receptor Signalling Pathway,70
TLR8,Immunogenicity,Innate Immune Activation,innate_immune_activation_louvain_3,Toll-Like Receptor Signalling Pathway,70
TLR9,Immunogenicity,Innate Immune Activation,innate_immune_activation_louvain_3,Toll-Like Receptor Signalling Pathway,70
TNF,Immunogenicity,Innate Immune Activation,innate_immune_activation_louvain_3,Toll-Like Receptor Signalling Pathway,70
TNFRSF1A,Immunogenicity,Innate Immune Activation,innate_immune_activation_louvain_3,Toll-Like Receptor Signalling Pathway,70
TOLLIP,Immunogenicity,Innate Immune Activation,innate_immune_activation_louvain_3,Toll-Like Receptor Signalling Pathway,70
TRAF3,Immunogenicity,Innate Immune Activation,innate_immune_activation_louvain_3,Toll-Like Receptor Signalling Pathway,70
TRAF6,Immunogenicity,Innate Immune Activation,innate_immune_activation_louvain_3,Toll-Like Receptor Signalling Pathway,70
TRIM21,Immunogenicity,Innate Immune Activation,innate_immune_activation_louvain_3,Toll-Like Receptor Signalling Pathway,70
TRIM56,Immunogenicity,Innate Immune Activation,innate_immune_activation_louvain_3,Toll-Like Receptor Signalling Pathway,70
ZBP1,Immunogenicity,Innate Immune Activation,innate_immune_activation_louvain_3,Toll-Like Receptor Signalling Pathway,70
BMP2,Immunogenicity,TME/Stroma,tme_stroma_louvain_5,BMP/TGF-β signalling,22
BMP4,Immunogenicity,TME/Stroma,tme_stroma_louvain_5,BMP/TGF-β signalling,22
BMP6,Immunogenicity,TME/Stroma,tme_stroma_louvain_5,BMP/TGF-β signalling,22
BMP7,Immunogenicity,TME/Stroma,tme_stroma_louvain_5,BMP/TGF-β signalling,22
BMPR1A,Immunogenicity,TME/Stroma,tme_stroma_louvain_5,BMP/TGF-β signalling,22
BMPR1B,Immunogenicity,TME/Stroma,tme_stroma_louvain_5,BMP/TGF-β signalling,22
GDF5,Immunogenicity,TME/Stroma,tme_stroma_louvain_5,BMP/TGF-β signalling,22
GDF6,Immunogenicity,TME/Stroma,tme_stroma_louvain_5,BMP/TGF-β signalling,22
GDF7,Immunogenicity,TME/Stroma,tme_stroma_louvain_5,BMP/TGF-β signalling,22
GREM1,Immunogenicity,TME/Stroma,tme_stroma_louvain_5,BMP/TGF-β signalling,22
GREM2,Immunogenicity,TME/Stroma,tme_stroma_louvain_5,BMP/TGF-β signalling,22
HAMP,Immunogenicity,TME/Stroma,tme_stroma_louvain_5,BMP/TGF-β signalling,22
HJV,Immunogenicity,TME/Stroma,tme_stroma_louvain_5,BMP/TGF-β signalling,22
IGLL5,Immunogenicity,TME/Stroma,tme_stroma_louvain_5,BMP/TGF-β signalling,22
MMP3,Immunogenicity,TME/Stroma,tme_stroma_louvain_5,BMP/TGF-β signalling,22
NEO1,Immunogenicity,TME/Stroma,tme_stroma_louvain_5,BMP/TGF-β signalling,22
NOG,Immunogenicity,TME/Stroma,tme_stroma_louvain_5,BMP/TGF-β signalling,22
RGMA,Immunogenicity,TME/Stroma,tme_stroma_louvain_5,BMP/TGF-β signalling,22
RGMB,Immunogenicity,TME/Stroma,tme_stroma_louvain_5,BMP/TGF-β signalling,22
TF,Immunogenicity,TME/Stroma,tme_stroma_louvain_5,BMP/TGF-β signalling,22
TFRC,Immunogenicity,TME/Stroma,tme_stroma_louvain_5,BMP/TGF-β signalling,22
TIMP1,Immunogenicity,TME/Stroma,tme_stroma_louvain_5,BMP/TGF-β signalling,22
ENO1,Immunogenicity,TME/Stroma,tme_stroma_louvain_7,Glycolysis,7
ENO2,Immunogenicity,TME/Stroma,tme_stroma_louvain_7,Glycolysis,7
ENO3,Immunogenicity,TME/Stroma,tme_stroma_louvain_7,Glycolysis,7
ENO4,Immunogenicity,TME/Stroma,tme_stroma_louvain_7,Glycolysis,7
GAPDH,Immunogenicity,TME/Stroma,tme_stroma_louvain_7,Glycolysis,7
PGK1,Immunogenicity,TME/Stroma,tme_stroma_louvain_7,Glycolysis,7
PGK2,Immunogenicity,TME/Stroma,tme_stroma_louvain_7,Glycolysis,7
ARNT,Immunogenicity,TME/Stroma,tme_stroma_louvain_3,HIF/NF-kB Crosstalk,35
CDK4,Immunogenicity,TME/Stroma,tme_stroma_louvain_3,HIF/NF-kB Crosstalk,35
CDKN1A,Immunogenicity,TME/Stroma,tme_stroma_louvain_3,HIF/NF-kB Crosstalk,35
CDKN1B,Immunogenicity,TME/Stroma,tme_stroma_louvain_3,HIF/NF-kB Crosstalk,35
CDKN2B,Immunogenicity,TME/Stroma,tme_stroma_louvain_3,HIF/NF-kB Crosstalk,35
CREBBP,Immunogenicity,TME/Stroma,tme_stroma_louvain_3,HIF/NF-kB Crosstalk,35
CUL1,Immunogenicity,TME/Stroma,tme_stroma_louvain_3,HIF/NF-kB Crosstalk,35
CUL2,Immunogenicity,TME/Stroma,tme_stroma_louvain_3,HIF/NF-kB Crosstalk,35
EGLN1,Immunogenicity,TME/Stroma,tme_stroma_louvain_3,HIF/NF-kB Crosstalk,35
EGLN2,Immunogenicity,TME/Stroma,tme_stroma_louvain_3,HIF/NF-kB Crosstalk,35
EGLN3,Immunogenicity,TME/Stroma,tme_stroma_louvain_3,HIF/NF-kB Crosstalk,35
ELOB,Immunogenicity,TME/Stroma,tme_stroma_louvain_3,HIF/NF-kB Crosstalk,35
ELOC,Immunogenicity,TME/Stroma,tme_stroma_louvain_3,HIF/NF-kB Crosstalk,35
EP300,Immunogenicity,TME/Stroma,tme_stroma_louvain_3,HIF/NF-kB Crosstalk,35
HIF1A,Immunogenicity,TME/Stroma,tme_stroma_louvain_3,HIF/NF-kB Crosstalk,35
IFNG,Immunogenicity,TME/Stroma,tme_stroma_louvain_3,HIF/NF-kB Crosstalk,35
IFNGR1,Immunogenicity,TME/Stroma,tme_stroma_louvain_3,HIF/NF-kB Crosstalk,35
LDHA,Immunogenicity,TME/Stroma,tme_stroma_louvain_3,HIF/NF-kB Crosstalk,35
LDHAL6A,Immunogenicity,TME/Stroma,tme_stroma_louvain_3,HIF/NF-kB Crosstalk,35
LDHC,Immunogenicity,TME/Stroma,tme_stroma_louvain_3,HIF/NF-kB Crosstalk,35
LTBR,Immunogenicity,TME/Stroma,tme_stroma_louvain_3,HIF/NF-kB Crosstalk,35
MYC,Immunogenicity,TME/Stroma,tme_stroma_louvain_3,HIF/NF-kB Crosstalk,35
NFKB1,Immunogenicity,TME/Stroma,tme_stroma_louvain_3,HIF/NF-kB Crosstalk,35
PTGS2,Immunogenicity,TME/Stroma,tme_stroma_louvain_3,HIF/NF-kB Crosstalk,35
RBX1,Immunogenicity,TME/Stroma,tme_stroma_louvain_3,HIF/NF-kB Crosstalk,35
RELA,Immunogenicity,TME/Stroma,tme_stroma_louvain_3,HIF/NF-kB Crosstalk,35
RIPK1,Immunogenicity,TME/Stroma,tme_stroma_louvain_3,HIF/NF-kB Crosstalk,35
SKP1,Immunogenicity,TME/Stroma,tme_stroma_louvain_3,HIF/NF-kB Crosstalk,35
SP1,Immunogenicity,TME/Stroma,tme_stroma_louvain_3,HIF/NF-kB Crosstalk,35
SPHK1,Immunogenicity,TME/Stroma,tme_stroma_louvain_3,HIF/NF-kB Crosstalk,35
SPHK2,Immunogenicity,TME/Stroma,tme_stroma_louvain_3,HIF/NF-kB Crosstalk,35
STAT1,Immunogenicity,TME/Stroma,tme_stroma_louvain_3,HIF/NF-kB Crosstalk,35
THSD4,Immunogenicity,TME/Stroma,tme_stroma_louvain_3,HIF/NF-kB Crosstalk,35
TNF,Immunogenicity,TME/Stroma,tme_stroma_louvain_3,HIF/NF-kB Crosstalk,35
VHL,Immunogenicity,TME/Stroma,tme_stroma_louvain_3,HIF/NF-kB Crosstalk,35
BAD,Immunogenicity,TME/Stroma,tme_stroma_louvain_4,MAPK Signalling,23
BCL2,Immunogenicity,TME/Stroma,tme_stroma_louvain_4,MAPK Signalling,23
FBN1,Immunogenicity,TME/Stroma,tme_stroma_louvain_4,MAPK Signalling,23
HRAS,Immunogenicity,TME/Stroma,tme_stroma_louvain_4,MAPK Signalling,23
HSPB1,Immunogenicity,TME/Stroma,tme_stroma_louvain_4,MAPK Signalling,23
ITGB3,Immunogenicity,TME/Stroma,tme_stroma_louvain_4,MAPK Signalling,23
KRAS,Immunogenicity,TME/Stroma,tme_stroma_louvain_4,MAPK Signalling,23
MAP2K1,Immunogenicity,TME/Stroma,tme_stroma_louvain_4,MAPK Signalling,23
MAP2K2,Immunogenicity,TME/Stroma,tme_stroma_louvain_4,MAPK Signalling,23
MAPK1,Immunogenicity,TME/Stroma,tme_stroma_louvain_4,MAPK Signalling,23
MAPK11,Immunogenicity,TME/Stroma,tme_stroma_louvain_4,MAPK Signalling,23
MAPK12,Immunogenicity,TME/Stroma,tme_stroma_louvain_4,MAPK Signalling,23
MAPK13,Immunogenicity,TME/Stroma,tme_stroma_louvain_4,MAPK Signalling,23
MAPK14,Immunogenicity,TME/Stroma,tme_stroma_louvain_4,MAPK Signalling,23
MAPK3,Immunogenicity,TME/Stroma,tme_stroma_louvain_4,MAPK Signalling,23
MAPKAPK2,Immunogenicity,TME/Stroma,tme_stroma_louvain_4,MAPK Signalling,23
MAPKAPK3,Immunogenicity,TME/Stroma,tme_stroma_louvain_4,MAPK Signalling,23
MKNK1,Immunogenicity,TME/Stroma,tme_stroma_louvain_4,MAPK Signalling,23
MKNK2,Immunogenicity,TME/Stroma,tme_stroma_louvain_4,MAPK Signalling,23
NRAS,Immunogenicity,TME/Stroma,tme_stroma_louvain_4,MAPK Signalling,23
PLA2G4A,Immunogenicity,TME/Stroma,tme_stroma_louvain_4,MAPK Signalling,23
PRKACA,Immunogenicity,TME/Stroma,tme_stroma_louvain_4,MAPK Signalling,23
RAF1,Immunogenicity,TME/Stroma,tme_stroma_louvain_4,MAPK Signalling,23
ANGPT1,Immunogenicity,TME/Stroma,tme_stroma_louvain_2,Ras/PI3K/Akt Pathway,39
ANGPT2,Immunogenicity,TME/Stroma,tme_stroma_louvain_2,Ras/PI3K/Akt Pathway,39
ANGPT4,Immunogenicity,TME/Stroma,tme_stroma_louvain_2,Ras/PI3K/Akt Pathway,39
CDC42,Immunogenicity,TME/Stroma,tme_stroma_louvain_2,Ras/PI3K/Akt Pathway,39
CYBB,Immunogenicity,TME/Stroma,tme_stroma_louvain_2,Ras/PI3K/Akt Pathway,39
DCN,Immunogenicity,TME/Stroma,tme_stroma_louvain_2,Ras/PI3K/Akt Pathway,39
EGF,Immunogenicity,TME/Stroma,tme_stroma_louvain_2,Ras/PI3K/Akt Pathway,39
EGFR,Immunogenicity,TME/Stroma,tme_stroma_louvain_2,Ras/PI3K/Akt Pathway,39
EPO,Immunogenicity,TME/Stroma,tme_stroma_louvain_2,Ras/PI3K/Akt Pathway,39
ERBB2,Immunogenicity,TME/Stroma,tme_stroma_louvain_2,Ras/PI3K/Akt Pathway,39
FLT1,Immunogenicity,TME/Stroma,tme_stroma_louvain_2,Ras/PI3K/Akt Pathway,39
IDE,Immunogenicity,TME/Stroma,tme_stroma_louvain_2,Ras/PI3K/Akt Pathway,39
IGF1,Immunogenicity,TME/Stroma,tme_stroma_louvain_2,Ras/PI3K/Akt Pathway,39
IGF1R,Immunogenicity,TME/Stroma,tme_stroma_louvain_2,Ras/PI3K/Akt Pathway,39
IL6,Immunogenicity,TME/Stroma,tme_stroma_louvain_2,Ras/PI3K/Akt Pathway,39
IL6R,Immunogenicity,TME/Stroma,tme_stroma_louvain_2,Ras/PI3K/Akt Pathway,39
INS,Immunogenicity,TME/Stroma,tme_stroma_louvain_2,Ras/PI3K/Akt Pathway,39
INSR,Immunogenicity,TME/Stroma,tme_stroma_louvain_2,Ras/PI3K/Akt Pathway,39
KDR,Immunogenicity,TME/Stroma,tme_stroma_louvain_2,Ras/PI3K/Akt Pathway,39
NPPA,Immunogenicity,TME/Stroma,tme_stroma_louvain_2,Ras/PI3K/Akt Pathway,39
PIK3CA,Immunogenicity,TME/Stroma,tme_stroma_louvain_2,Ras/PI3K/Akt Pathway,39
PIK3CB,Immunogenicity,TME/Stroma,tme_stroma_louvain_2,Ras/PI3K/Akt Pathway,39
PIK3CD,Immunogenicity,TME/Stroma,tme_stroma_louvain_2,Ras/PI3K/Akt Pathway,39
PIK3R1,Immunogenicity,TME/Stroma,tme_stroma_louvain_2,Ras/PI3K/Akt Pathway,39
PIK3R2,Immunogenicity,TME/Stroma,tme_stroma_louvain_2,Ras/PI3K/Akt Pathway,39
PIK3R3,Immunogenicity,TME/Stroma,tme_stroma_louvain_2,Ras/PI3K/Akt Pathway,39
PLCG1,Immunogenicity,TME/Stroma,tme_stroma_louvain_2,Ras/PI3K/Akt Pathway,39
PLCG2,Immunogenicity,TME/Stroma,tme_stroma_louvain_2,Ras/PI3K/Akt Pathway,39
PTK2,Immunogenicity,TME/Stroma,tme_stroma_louvain_2,Ras/PI3K/Akt Pathway,39
RAC2,Immunogenicity,TME/Stroma,tme_stroma_louvain_2,Ras/PI3K/Akt Pathway,39
RAC3,Immunogenicity,TME/Stroma,tme_stroma_louvain_2,Ras/PI3K/Akt Pathway,39
RHOA,Immunogenicity,TME/Stroma,tme_stroma_louvain_2,Ras/PI3K/Akt Pathway,39
ROCK1,Immunogenicity,TME/Stroma,tme_stroma_louvain_2,Ras/PI3K/Akt Pathway,39
SH2D2A,Immunogenicity,TME/Stroma,tme_stroma_louvain_2,Ras/PI3K/Akt Pathway,39
SHC2,Immunogenicity,TME/Stroma,tme_stroma_louvain_2,Ras/PI3K/Akt Pathway,39
SRC,Immunogenicity,TME/Stroma,tme_stroma_louvain_2,Ras/PI3K/Akt Pathway,39
STAT3,Immunogenicity,TME/Stroma,tme_stroma_louvain_2,Ras/PI3K/Akt Pathway,39
TEK,Immunogenicity,TME/Stroma,tme_stroma_louvain_2,Ras/PI3K/Akt Pathway,39
TLR4,Immunogenicity,TME/Stroma,tme_stroma_louvain_2,Ras/PI3K/Akt Pathway,39
NFATC2,Immunogenicity,TME/Stroma,tme_stroma_louvain_9,TCR & Calcium/NFAT signalling,12
PDHA2,Immunogenicity,TME/Stroma,tme_stroma_louvain_9,TCR & Calcium/NFAT signalling,12
PDHB,Immunogenicity,TME/Stroma,tme_stroma_louvain_9,TCR & Calcium/NFAT signalling,12
PPP2CA,Immunogenicity,TME/Stroma,tme_stroma_louvain_9,TCR & Calcium/NFAT signalling,12
PPP2CB,Immunogenicity,TME/Stroma,tme_stroma_louvain_9,TCR & Calcium/NFAT signalling,12
PPP2R1A,Immunogenicity,TME/Stroma,tme_stroma_louvain_9,TCR & Calcium/NFAT signalling,12
PPP2R1B,Immunogenicity,TME/Stroma,tme_stroma_louvain_9,TCR & Calcium/NFAT signalling,12
PPP3CA,Immunogenicity,TME/Stroma,tme_stroma_louvain_9,TCR & Calcium/NFAT signalling,12
PPP3CB,Immunogenicity,TME/Stroma,tme_stroma_louvain_9,TCR & Calcium/NFAT signalling,12
PPP3CC,Immunogenicity,TME/Stroma,tme_stroma_louvain_9,TCR & Calcium/NFAT signalling,12
PPP3R1,Immunogenicity,TME/Stroma,tme_stroma_louvain_9,TCR & Calcium/NFAT signalling,12
PPP3R2,Immunogenicity,TME/Stroma,tme_stroma_louvain_9,TCR & Calcium/NFAT signalling,12
ACVR1C,Immunogenicity,TME/Stroma,tme_stroma_louvain_0,TGF-β Signalling,41
ACVR2A,Immunogenicity,TME/Stroma,tme_stroma_louvain_0,TGF-β Signalling,41
ACVR2B,Immunogenicity,TME/Stroma,tme_stroma_louvain_0,TGF-β Signalling,41
AMH,Immunogenicity,TME/Stroma,tme_stroma_louvain_0,TGF-β Signalling,41
AMHR2,Immunogenicity,TME/Stroma,tme_stroma_louvain_0,TGF-β Signalling,41
BAMBI,Immunogenicity,TME/Stroma,tme_stroma_louvain_0,TGF-β Signalling,41
BMPR2,Immunogenicity,TME/Stroma,tme_stroma_louvain_0,TGF-β Signalling,41
E2F4,Immunogenicity,TME/Stroma,tme_stroma_louvain_0,TGF-β Signalling,41
E2F5,Immunogenicity,TME/Stroma,tme_stroma_louvain_0,TGF-β Signalling,41
FMOD,Immunogenicity,TME/Stroma,tme_stroma_louvain_0,TGF-β Signalling,41
FST,Immunogenicity,TME/Stroma,tme_stroma_louvain_0,TGF-β Signalling,41
ID1,Immunogenicity,TME/Stroma,tme_stroma_louvain_0,TGF-β Signalling,41
INHBA,Immunogenicity,TME/Stroma,tme_stroma_louvain_0,TGF-β Signalling,41
INHBB,Immunogenicity,TME/Stroma,tme_stroma_louvain_0,TGF-β Signalling,41
INHBC,Immunogenicity,TME/Stroma,tme_stroma_louvain_0,TGF-β Signalling,41
INHBE,Immunogenicity,TME/Stroma,tme_stroma_louvain_0,TGF-β Signalling,41
LEFTY1,Immunogenicity,TME/Stroma,tme_stroma_louvain_0,TGF-β Signalling,41
LEFTY2,Immunogenicity,TME/Stroma,tme_stroma_louvain_0,TGF-β Signalling,41
LTBP1,Immunogenicity,TME/Stroma,tme_stroma_louvain_0,TGF-β Signalling,41
NODAL,Immunogenicity,TME/Stroma,tme_stroma_louvain_0,TGF-β Signalling,41
RBL1,Immunogenicity,TME/Stroma,tme_stroma_louvain_0,TGF-β Signalling,41
SMAD1,Immunogenicity,TME/Stroma,tme_stroma_louvain_0,TGF-β Signalling,41
SMAD2,Immunogenicity,TME/Stroma,tme_stroma_louvain_0,TGF-β Signalling,41
SMAD3,Immunogenicity,TME/Stroma,tme_stroma_louvain_0,TGF-β Signalling,41
SMAD4,Immunogenicity,TME/Stroma,tme_stroma_louvain_0,TGF-β Signalling,41
SMAD5,Immunogenicity,TME/Stroma,tme_stroma_louvain_0,TGF-β Signalling,41
SMAD6,Immunogenicity,TME/Stroma,tme_stroma_louvain_0,TGF-β Signalling,41
SMAD7,Immunogenicity,TME/Stroma,tme_stroma_louvain_0,TGF-β Signalling,41
SMAD9,Immunogenicity,TME/Stroma,tme_stroma_louvain_0,TGF-β Signalling,41
SMURF1,Immunogenicity,TME/Stroma,tme_stroma_louvain_0,TGF-β Signalling,41
SMURF2,Immunogenicity,TME/Stroma,tme_stroma_louvain_0,TGF-β Signalling,41
TFDP1,Immunogenicity,TME/Stroma,tme_stroma_louvain_0,TGF-β Signalling,41
TGFB1,Immunogenicity,TME/Stroma,tme_stroma_louvain_0,TGF-β Signalling,41
TGFB3,Immunogenicity,TME/Stroma,tme_stroma_louvain_0,TGF-β Signalling,41
TGFBR1,Immunogenicity,TME/Stroma,tme_stroma_louvain_0,TGF-β Signalling,41
TGFBR2,Immunogenicity,TME/Stroma,tme_stroma_louvain_0,TGF-β Signalling,41
TGIF1,Immunogenicity,TME/Stroma,tme_stroma_louvain_0,TGF-β Signalling,41
TGIF2,Immunogenicity,TME/Stroma,tme_stroma_louvain_0,TGF-β Signalling,41
THBS1,Immunogenicity,TME/Stroma,tme_stroma_louvain_0,TGF-β Signalling,41
ZFYVE16,Immunogenicity,TME/Stroma,tme_stroma_louvain_0,TGF-β Signalling,41
ZFYVE9,Immunogenicity,TME/Stroma,tme_stroma_louvain_0,TGF-β Signalling,41
AKT1,Immunogenicity,TME/Stroma,tme_stroma_louvain_1,mTOR-mediated Translational Regulation,25
AKT2,Immunogenicity,TME/Stroma,tme_stroma_louvain_1,mTOR-mediated Translational Regulation,25
AKT3,Immunogenicity,TME/Stroma,tme_stroma_louvain_1,mTOR-mediated Translational Regulation,25
CAMK2A,Immunogenicity,TME/Stroma,tme_stroma_louvain_1,mTOR-mediated Translational Regulation,25
CAMK2B,Immunogenicity,TME/Stroma,tme_stroma_louvain_1,mTOR-mediated Translational Regulation,25
CASP1,Immunogenicity,TME/Stroma,tme_stroma_louvain_1,mTOR-mediated Translational Regulation,25
CASP9,Immunogenicity,TME/Stroma,tme_stroma_louvain_1,mTOR-mediated Translational Regulation,25
CTNNB1,Immunogenicity,TME/Stroma,tme_stroma_louvain_1,mTOR-mediated Translational Regulation,25
EIF4E1B,Immunogenicity,TME/Stroma,tme_stroma_louvain_1,mTOR-mediated Translational Regulation,25
EIF4E2,Immunogenicity,TME/Stroma,tme_stroma_louvain_1,mTOR-mediated Translational Regulation,25
EIF4EBP1,Immunogenicity,TME/Stroma,tme_stroma_louvain_1,mTOR-mediated Translational Regulation,25
MAPT,Immunogenicity,TME/Stroma,tme_stroma_louvain_1,mTOR-mediated Translational Regulation,25
MTOR,Immunogenicity,TME/Stroma,tme_stroma_louvain_1,mTOR-mediated Translational Regulation,25
NOS2,Immunogenicity,TME/Stroma,tme_stroma_louvain_1,mTOR-mediated Translational Regulation,25
NOS3,Immunogenicity,TME/Stroma,tme_stroma_louvain_1,mTOR-mediated Translational Regulation,25
PDK1,Immunogenicity,TME/Stroma,tme_stroma_louvain_1,mTOR-mediated Translational Regulation,25
PITX2,Immunogenicity,TME/Stroma,tme_stroma_louvain_1,mTOR-mediated Translational Regulation,25
PRKCA,Immunogenicity,TME/Stroma,tme_stroma_louvain_1,mTOR-mediated Translational Regulation,25
PRKCB,Immunogenicity,TME/Stroma,tme_stroma_louvain_1,mTOR-mediated Translational Regulation,25
PRKCG,Immunogenicity,TME/Stroma,tme_stroma_louvain_1,mTOR-mediated Translational Regulation,25
RPS6,Immunogenicity,TME/Stroma,tme_stroma_louvain_1,mTOR-mediated Translational Regulation,25
RPS6KB1,Immunogenicity,TME/Stroma,tme_stroma_louvain_1,mTOR-mediated Translational Regulation,25
RPS6KB2,Immunogenicity,TME/Stroma,tme_stroma_louvain_1,mTOR-mediated Translational Regulation,25
SERPINE1,Immunogenicity,TME/Stroma,tme_stroma_louvain_1,mTOR-mediated Translational Regulation,25
XIAP,Immunogenicity,TME/Stroma,tme_stroma_louvain_1,mTOR-mediated Translational Regulation,25
