sub_bucket_id,gene
endothelial_cell_signature_louvain_0,APOLD1
endothelial_cell_signature_louvain_0,CD248
endothelial_cell_signature_louvain_0,COL14A1
endothelial_cell_signature_louvain_0,COL15A1
endothelial_cell_signature_louvain_0,COL18A1
endothelial_cell_signature_louvain_0,COL21A1
endothelial_cell_signature_louvain_0,COL3A1
endothelial_cell_signature_louvain_0,COL4A2
endothelial_cell_signature_louvain_0,COL5A2
endothelial_cell_signature_louvain_0,COL5A3
endothelial_cell_signature_louvain_0,COL6A3
endothelial_cell_signature_louvain_0,FSTL1
endothelial_cell_signature_louvain_0,IGBP1
endothelial_cell_signature_louvain_0,ITGA7
endothelial_cell_signature_louvain_0,ITGA9
endothelial_cell_signature_louvain_0,ITGB5
endothelial_cell_signature_louvain_0,LAMA4
endothelial_cell_signature_louvain_0,LAMB2
endothelial_cell_signature_louvain_0,MUSTN1
endothelial_cell_signature_louvain_0,NID1
endothelial_cell_signature_louvain_0,NID2
endothelial_cell_signature_louvain_0,NPDC1
endothelial_cell_signature_louvain_0,OLFML2B
endothelial_cell_signature_louvain_0,PCOLCE
endothelial_cell_signature_louvain_0,PILRA
endothelial_cell_signature_louvain_0,PLOD3
endothelial_cell_signature_louvain_0,TNMD
endothelial_cell_signature_louvain_1,ADAMTS1
endothelial_cell_signature_louvain_1,ADAMTS5
endothelial_cell_signature_louvain_1,CHSY3
endothelial_cell_signature_louvain_1,CPED1
endothelial_cell_signature_louvain_1,CSGALNACT1
endothelial_cell_signature_louvain_1,GALNT15
endothelial_cell_signature_louvain_1,GALNT3
endothelial_cell_signature_louvain_1,HAPLN2
endothelial_cell_signature_louvain_1,HAS2
endothelial_cell_signature_louvain_1,HTRA1
endothelial_cell_signature_louvain_1,IGFBP4
endothelial_cell_signature_louvain_1,IGFBP7
endothelial_cell_signature_louvain_1,MIR21
endothelial_cell_signature_louvain_1,MMP2
endothelial_cell_signature_louvain_1,MUC20
endothelial_cell_signature_louvain_1,SCUBE1
endothelial_cell_signature_louvain_1,SCUBE3
endothelial_cell_signature_louvain_1,TIMP3
endothelial_cell_signature_louvain_1,TTC28
endothelial_cell_signature_louvain_1,VCAN
endothelial_cell_signature_louvain_2,ABI3BP
endothelial_cell_signature_louvain_2,ANKH
endothelial_cell_signature_louvain_2,ASPN
endothelial_cell_signature_louvain_2,ATOH8
endothelial_cell_signature_louvain_2,CCDC3
endothelial_cell_signature_louvain_2,CYGB
endothelial_cell_signature_louvain_2,DDR2
endothelial_cell_signature_louvain_2,ECM2
endothelial_cell_signature_louvain_2,ELN
endothelial_cell_signature_louvain_2,FBLN2
endothelial_cell_signature_louvain_2,FBLN5
endothelial_cell_signature_louvain_2,FBN1
endothelial_cell_signature_louvain_2,GLT8D2
endothelial_cell_signature_louvain_2,ITIH5
endothelial_cell_signature_louvain_2,LUM
endothelial_cell_signature_louvain_2,MFAP3
endothelial_cell_signature_louvain_2,MFAP4
endothelial_cell_signature_louvain_2,MGP
endothelial_cell_signature_louvain_2,OLFML1
endothelial_cell_signature_louvain_2,POSTN
endothelial_cell_signature_louvain_2,PRELP
endothelial_cell_signature_louvain_2,PRRX1
endothelial_cell_signature_louvain_2,PRSS23
endothelial_cell_signature_louvain_2,SMOC2
endothelial_cell_signature_louvain_2,ZCCHC24
endothelial_cell_signature_louvain_2,ZNF532
endothelial_cell_signature_louvain_3,A2M
endothelial_cell_signature_louvain_3,ADAMTS12
endothelial_cell_signature_louvain_3,ANG
endothelial_cell_signature_louvain_3,APOE
endothelial_cell_signature_louvain_3,C3
endothelial_cell_signature_louvain_3,CALCA
endothelial_cell_signature_louvain_3,CALR
endothelial_cell_signature_louvain_3,CLEC3B
endothelial_cell_signature_louvain_3,DICER1
endothelial_cell_signature_louvain_3,FKBP7
endothelial_cell_signature_louvain_3,HSPA5
endothelial_cell_signature_louvain_3,NAGLU
endothelial_cell_signature_louvain_3,NCOA7
endothelial_cell_signature_louvain_3,PIEZO2
endothelial_cell_signature_louvain_3,PPARG
endothelial_cell_signature_louvain_3,RBMS1
endothelial_cell_signature_louvain_3,RNASE4
endothelial_cell_signature_louvain_3,THSD7A
endothelial_cell_signature_louvain_3,TRIM71
endothelial_cell_signature_louvain_3,ZNF362
endothelial_cell_signature_louvain_4,ACKR1
endothelial_cell_signature_louvain_4,BTNL9
endothelial_cell_signature_louvain_4,C1orf162
endothelial_cell_signature_louvain_4,CARD6
endothelial_cell_signature_louvain_4,CD163
endothelial_cell_signature_louvain_4,CD36
endothelial_cell_signature_louvain_4,CD93
endothelial_cell_signature_louvain_4,CEACAM1
endothelial_cell_signature_louvain_4,CYBRD1
endothelial_cell_signature_louvain_4,EDIL3
endothelial_cell_signature_louvain_4,EMP1
endothelial_cell_signature_louvain_4,ERBB2
endothelial_cell_signature_louvain_4,F13A1
endothelial_cell_signature_louvain_4,F2R
endothelial_cell_signature_louvain_4,FASN
endothelial_cell_signature_louvain_4,FGL2
endothelial_cell_signature_louvain_4,FLI1
endothelial_cell_signature_louvain_4,FOLR2
endothelial_cell_signature_louvain_4,GIMAP1
endothelial_cell_signature_louvain_4,GIMAP4
endothelial_cell_signature_louvain_4,GIMAP5
endothelial_cell_signature_louvain_4,GIMAP6
endothelial_cell_signature_louvain_4,GIMAP7
endothelial_cell_signature_louvain_4,GIMAP8
endothelial_cell_signature_louvain_4,GPR34
endothelial_cell_signature_louvain_4,HEPH
endothelial_cell_signature_louvain_4,HPSE
endothelial_cell_signature_louvain_4,HSD17B11
endothelial_cell_signature_louvain_4,ICAM1
endothelial_cell_signature_louvain_4,ICAM2
endothelial_cell_signature_louvain_4,IFNG
endothelial_cell_signature_louvain_4,LIPA
endothelial_cell_signature_louvain_4,LPL
endothelial_cell_signature_louvain_4,MFGE8
endothelial_cell_signature_louvain_4,MS4A6A
endothelial_cell_signature_louvain_4,OLFML3
endothelial_cell_signature_louvain_4,OLR1
endothelial_cell_signature_louvain_4,PDK4
endothelial_cell_signature_louvain_4,PECAM1
endothelial_cell_signature_louvain_4,PER2
endothelial_cell_signature_louvain_4,PMP22
endothelial_cell_signature_louvain_4,PROC
endothelial_cell_signature_louvain_4,RCAN2
endothelial_cell_signature_louvain_4,SELP
endothelial_cell_signature_louvain_4,SH2D3C
endothelial_cell_signature_louvain_4,SLC39A1
endothelial_cell_signature_louvain_4,SLC40A1
endothelial_cell_signature_louvain_4,SLCO2B1
endothelial_cell_signature_louvain_4,STAB1
endothelial_cell_signature_louvain_4,SVEP1
endothelial_cell_signature_louvain_4,THBD
endothelial_cell_signature_louvain_4,VWF
endothelial_cell_signature_louvain_5,ADA2
endothelial_cell_signature_louvain_5,AOC3
endothelial_cell_signature_louvain_5,ARHGAP15
endothelial_cell_signature_louvain_5,ARHGAP25
endothelial_cell_signature_louvain_5,BSG
endothelial_cell_signature_louvain_5,CD200
endothelial_cell_signature_louvain_5,CD302
endothelial_cell_signature_louvain_5,CD34
endothelial_cell_signature_louvain_5,CD37
endothelial_cell_signature_louvain_5,CD4
endothelial_cell_signature_louvain_5,CD48
endothelial_cell_signature_louvain_5,CD52
endothelial_cell_signature_louvain_5,CD81
endothelial_cell_signature_louvain_5,CSF2RB
endothelial_cell_signature_louvain_5,CXCL10
endothelial_cell_signature_louvain_5,CYB5R3
endothelial_cell_signature_louvain_5,DPYSL2
endothelial_cell_signature_louvain_5,ENTPD1
endothelial_cell_signature_louvain_5,EVI2A
endothelial_cell_signature_louvain_5,EVI2B
endothelial_cell_signature_louvain_5,FILIP1L
endothelial_cell_signature_louvain_5,FOXP3
endothelial_cell_signature_louvain_5,FYN
endothelial_cell_signature_louvain_5,GIN1
endothelial_cell_signature_louvain_5,GMFG
endothelial_cell_signature_louvain_5,GPR183
endothelial_cell_signature_louvain_5,GZMK
endothelial_cell_signature_louvain_5,HMCN1
endothelial_cell_signature_louvain_5,IKBKB
endothelial_cell_signature_louvain_5,IL10RA
endothelial_cell_signature_louvain_5,IL16
endothelial_cell_signature_louvain_5,IL1B
endothelial_cell_signature_louvain_5,IRAG2
endothelial_cell_signature_louvain_5,IRAK3
endothelial_cell_signature_louvain_5,IRF8
endothelial_cell_signature_louvain_5,ITGAX
endothelial_cell_signature_louvain_5,ITK
endothelial_cell_signature_louvain_5,ITM2A
endothelial_cell_signature_louvain_5,KIT
endothelial_cell_signature_louvain_5,LCN2
endothelial_cell_signature_louvain_5,LRRC32
endothelial_cell_signature_louvain_5,LY75-CD302
endothelial_cell_signature_louvain_5,MIR199B
endothelial_cell_signature_louvain_5,MPEG1
endothelial_cell_signature_louvain_5,MYADM
endothelial_cell_signature_louvain_5,MYD88
endothelial_cell_signature_louvain_5,NCF4
endothelial_cell_signature_louvain_5,NLRC3
endothelial_cell_signature_louvain_5,NRP1
endothelial_cell_signature_louvain_5,PGLYRP1
endothelial_cell_signature_louvain_5,PLSCR4
endothelial_cell_signature_louvain_5,PLXNA2
endothelial_cell_signature_louvain_5,RARRES2
endothelial_cell_signature_louvain_5,RNASE6
endothelial_cell_signature_louvain_5,SELL
endothelial_cell_signature_louvain_5,SEMA3G
endothelial_cell_signature_louvain_5,SEMA6D
endothelial_cell_signature_louvain_5,SH2B3
endothelial_cell_signature_louvain_5,SPRED2
endothelial_cell_signature_louvain_5,STC1
endothelial_cell_signature_louvain_5,SYNE1
endothelial_cell_signature_louvain_5,SYNE3
endothelial_cell_signature_louvain_5,THEMIS2
endothelial_cell_signature_louvain_5,THY1
endothelial_cell_signature_louvain_5,TNF
endothelial_cell_signature_louvain_5,TNFRSF1A
endothelial_cell_signature_louvain_5,TNFRSF21
endothelial_cell_signature_louvain_5,TSPAN4
endothelial_cell_signature_louvain_5,TSPAN7
endothelial_cell_signature_louvain_6,ACTA2
endothelial_cell_signature_louvain_6,ARHGAP31
endothelial_cell_signature_louvain_6,ARHGAP42
endothelial_cell_signature_louvain_6,ARHGAP6
endothelial_cell_signature_louvain_6,ARHGDIB
endothelial_cell_signature_louvain_6,ARHGEF17
endothelial_cell_signature_louvain_6,ARHGEF26
endothelial_cell_signature_louvain_6,BTG1
endothelial_cell_signature_louvain_6,CALD1
endothelial_cell_signature_louvain_6,CNN1
endothelial_cell_signature_louvain_6,DLC1
endothelial_cell_signature_louvain_6,DMD
endothelial_cell_signature_louvain_6,DYSF
endothelial_cell_signature_louvain_6,ELMO1
endothelial_cell_signature_louvain_6,FOXO3
endothelial_cell_signature_louvain_6,KANK2
endothelial_cell_signature_louvain_6,KANK3
endothelial_cell_signature_louvain_6,MECOM
endothelial_cell_signature_louvain_6,MPRIP
endothelial_cell_signature_louvain_6,MYH11
endothelial_cell_signature_louvain_6,MYL9
endothelial_cell_signature_louvain_6,NNMT
endothelial_cell_signature_louvain_6,NUAK1
endothelial_cell_signature_louvain_6,PCDH18
endothelial_cell_signature_louvain_6,PDLIM2
endothelial_cell_signature_louvain_6,PGM5
endothelial_cell_signature_louvain_6,PLXDC1
endothelial_cell_signature_louvain_6,PPP1R12A
endothelial_cell_signature_louvain_6,RHOA
endothelial_cell_signature_louvain_6,RHOB
endothelial_cell_signature_louvain_6,ROCK1
endothelial_cell_signature_louvain_6,ROCK2
endothelial_cell_signature_louvain_6,RUNX1T1
endothelial_cell_signature_louvain_6,SMTN
endothelial_cell_signature_louvain_6,SORBS1
endothelial_cell_signature_louvain_6,SORBS3
endothelial_cell_signature_louvain_6,STARD13
endothelial_cell_signature_louvain_6,SYNPO2
endothelial_cell_signature_louvain_6,TAGLN
endothelial_cell_signature_louvain_6,TGFB1I1
endothelial_cell_signature_louvain_6,TGFBR2
endothelial_cell_signature_louvain_6,TLN1
endothelial_cell_signature_louvain_6,TNS1
endothelial_cell_signature_louvain_6,TNS2
endothelial_cell_signature_louvain_6,TNS3
endothelial_cell_signature_louvain_6,UTRN
endothelial_cell_signature_louvain_6,VCL
endothelial_cell_signature_louvain_6,VIM
endothelial_cell_signature_louvain_7,ADD1
endothelial_cell_signature_louvain_7,AGTR1
endothelial_cell_signature_louvain_7,CD2AP
endothelial_cell_signature_louvain_7,CFTR
endothelial_cell_signature_louvain_7,CLIC2
endothelial_cell_signature_louvain_7,CLIC4
endothelial_cell_signature_louvain_7,CLIC5
endothelial_cell_signature_louvain_7,CNRIP1
endothelial_cell_signature_louvain_7,CREBL2
endothelial_cell_signature_louvain_7,DAB2
endothelial_cell_signature_louvain_7,DSG2
endothelial_cell_signature_louvain_7,EZR
endothelial_cell_signature_louvain_7,FERMT2
endothelial_cell_signature_louvain_7,FOSL2
endothelial_cell_signature_louvain_7,GARRE1
endothelial_cell_signature_louvain_7,GSN
endothelial_cell_signature_louvain_7,HYAL2
endothelial_cell_signature_louvain_7,IQGAP2
endothelial_cell_signature_louvain_7,LAYN
endothelial_cell_signature_louvain_7,MCAM
endothelial_cell_signature_louvain_7,MSN
endothelial_cell_signature_louvain_7,NOS3
endothelial_cell_signature_louvain_7,PODXL
endothelial_cell_signature_louvain_7,PPM1F
endothelial_cell_signature_louvain_7,PPP1R16B
endothelial_cell_signature_louvain_7,RCBTB2
endothelial_cell_signature_louvain_7,RDX
endothelial_cell_signature_louvain_7,RFLNB
endothelial_cell_signature_louvain_7,RNASE1
endothelial_cell_signature_louvain_7,SGIP1
endothelial_cell_signature_louvain_7,SNED1
endothelial_cell_signature_louvain_7,SST
endothelial_cell_signature_louvain_7,SWAP70
endothelial_cell_signature_louvain_7,WIPF1
endothelial_cell_signature_louvain_7,ZDHHC21
endothelial_cell_signature_louvain_8,ADAM10
endothelial_cell_signature_louvain_8,BCL6B
endothelial_cell_signature_louvain_8,DLL1
endothelial_cell_signature_louvain_8,DLL4
endothelial_cell_signature_louvain_8,EDF1
endothelial_cell_signature_louvain_8,GRB2
endothelial_cell_signature_louvain_8,HEY1
endothelial_cell_signature_louvain_8,HEY2
endothelial_cell_signature_louvain_8,HEYL
endothelial_cell_signature_louvain_8,JAG1
endothelial_cell_signature_louvain_8,JAG2
endothelial_cell_signature_louvain_8,MAML2
endothelial_cell_signature_louvain_8,MAP4K3
endothelial_cell_signature_louvain_8,MIR10A
endothelial_cell_signature_louvain_8,MIR34A
endothelial_cell_signature_louvain_8,NOTCH1
endothelial_cell_signature_louvain_8,NOTCH3
endothelial_cell_signature_louvain_8,NOTCH4
endothelial_cell_signature_louvain_8,PELO
endothelial_cell_signature_louvain_8,RBPJ
endothelial_cell_signature_louvain_8,RNF38
endothelial_cell_signature_louvain_8,RPS27A
endothelial_cell_signature_louvain_8,STAMBPL1
endothelial_cell_signature_louvain_9,ARNT
endothelial_cell_signature_louvain_9,BHMT2
endothelial_cell_signature_louvain_9,BOC
endothelial_cell_signature_louvain_9,CALHM2
endothelial_cell_signature_louvain_9,CSNK2B
endothelial_cell_signature_louvain_9,CTNNB1
endothelial_cell_signature_louvain_9,DCHS1
endothelial_cell_signature_louvain_9,DUSP6
endothelial_cell_signature_louvain_9,FRZB
endothelial_cell_signature_louvain_9,GEM
endothelial_cell_signature_louvain_9,HNMT
endothelial_cell_signature_louvain_9,IFFO1
endothelial_cell_signature_louvain_9,IPO11
endothelial_cell_signature_louvain_9,JDP2
endothelial_cell_signature_louvain_9,KDM6B
endothelial_cell_signature_louvain_9,LIX1L
endothelial_cell_signature_louvain_9,MET
endothelial_cell_signature_louvain_9,MIR200C
endothelial_cell_signature_louvain_9,NES
endothelial_cell_signature_louvain_9,NRG1
endothelial_cell_signature_louvain_9,NXF1
endothelial_cell_signature_louvain_9,PRKDC
endothelial_cell_signature_louvain_9,PROM1
endothelial_cell_signature_louvain_9,PTPRS
endothelial_cell_signature_louvain_9,RASSF2
endothelial_cell_signature_louvain_9,RNF144A
endothelial_cell_signature_louvain_9,RPS6KA2
endothelial_cell_signature_louvain_9,TCF4
endothelial_cell_signature_louvain_9,VEGFA
endothelial_cell_signature_louvain_9,ZEB1
endothelial_cell_signature_louvain_10,ACVR1
endothelial_cell_signature_louvain_10,ACVR2B
endothelial_cell_signature_louvain_10,ACVRL1
endothelial_cell_signature_louvain_10,ADGRL2
endothelial_cell_signature_louvain_10,AMOTL1
endothelial_cell_signature_louvain_10,AMOTL2
endothelial_cell_signature_louvain_10,BARX1
endothelial_cell_signature_louvain_10,BLOC1S6
endothelial_cell_signature_louvain_10,BMP4
endothelial_cell_signature_louvain_10,BMP6
endothelial_cell_signature_louvain_10,BMPR2
endothelial_cell_signature_louvain_10,CCDC69
endothelial_cell_signature_louvain_10,CDKN2B
endothelial_cell_signature_louvain_10,CTSO
endothelial_cell_signature_louvain_10,EBF1
endothelial_cell_signature_louvain_10,ELK3
endothelial_cell_signature_louvain_10,FGF1
endothelial_cell_signature_louvain_10,FGFR3
endothelial_cell_signature_louvain_10,FOXJ2
endothelial_cell_signature_louvain_10,FOXP1
endothelial_cell_signature_louvain_10,FRMD6
endothelial_cell_signature_louvain_10,GDF2
endothelial_cell_signature_louvain_10,GJC1
endothelial_cell_signature_louvain_10,HECW2
endothelial_cell_signature_louvain_10,ID1
endothelial_cell_signature_louvain_10,ID3
endothelial_cell_signature_louvain_10,IER2
endothelial_cell_signature_louvain_10,KLF11
endothelial_cell_signature_louvain_10,KLHDC1
endothelial_cell_signature_louvain_10,LATS2
endothelial_cell_signature_louvain_10,LHFPL6
endothelial_cell_signature_louvain_10,LRRC17
endothelial_cell_signature_louvain_10,LRRC8C
endothelial_cell_signature_louvain_10,MIR1-1
endothelial_cell_signature_louvain_10,MIR99B
endothelial_cell_signature_louvain_10,MSX1
endothelial_cell_signature_louvain_10,NEDD4
endothelial_cell_signature_louvain_10,NEGR1
endothelial_cell_signature_louvain_10,NRXN1
endothelial_cell_signature_louvain_10,P2RY8
endothelial_cell_signature_louvain_10,PALMD
endothelial_cell_signature_louvain_10,PIK3R1
endothelial_cell_signature_louvain_10,PITX2
endothelial_cell_signature_louvain_10,RBX1
endothelial_cell_signature_louvain_10,RCSD1
endothelial_cell_signature_louvain_10,SHE
endothelial_cell_signature_louvain_10,SMAD4
endothelial_cell_signature_louvain_10,SMAD7
endothelial_cell_signature_louvain_10,SOCS5
endothelial_cell_signature_louvain_10,SUSD6
endothelial_cell_signature_louvain_10,TACC1
endothelial_cell_signature_louvain_10,TMEM100
endothelial_cell_signature_louvain_10,TMEM47
endothelial_cell_signature_louvain_10,ZNF423
endothelial_cell_signature_louvain_10,ZNF521
endothelial_cell_signature_louvain_11,ADCY4
endothelial_cell_signature_louvain_11,AFDN
endothelial_cell_signature_louvain_11,ARAP3
endothelial_cell_signature_louvain_11,CCM2
endothelial_cell_signature_louvain_11,CDC42
endothelial_cell_signature_louvain_11,CDK17
endothelial_cell_signature_louvain_11,ENPP2
endothelial_cell_signature_louvain_11,FILIP1
endothelial_cell_signature_louvain_11,GABRA4
endothelial_cell_signature_louvain_11,GABRB3
endothelial_cell_signature_louvain_11,HEG1
endothelial_cell_signature_louvain_11,KRAS
endothelial_cell_signature_louvain_11,KRIT1
endothelial_cell_signature_louvain_11,KSR1
endothelial_cell_signature_louvain_11,LGALS8
endothelial_cell_signature_louvain_11,LRPAP1
endothelial_cell_signature_louvain_11,MAGI1
endothelial_cell_signature_louvain_11,MSRB3
endothelial_cell_signature_louvain_11,PDCD10
endothelial_cell_signature_louvain_11,PDE2A
endothelial_cell_signature_louvain_11,PDE4D
endothelial_cell_signature_louvain_11,PDE7B
endothelial_cell_signature_louvain_11,PJA2
endothelial_cell_signature_louvain_11,PKM
endothelial_cell_signature_louvain_11,PLCL1
endothelial_cell_signature_louvain_11,PLEKHG1
endothelial_cell_signature_louvain_11,PLPP1
endothelial_cell_signature_louvain_11,PRKD2
endothelial_cell_signature_louvain_11,PTPRE
endothelial_cell_signature_louvain_11,PTPRG
endothelial_cell_signature_louvain_11,RAB1A
endothelial_cell_signature_louvain_11,RAB1B
endothelial_cell_signature_louvain_11,RAP1A
endothelial_cell_signature_louvain_11,RAP1B
endothelial_cell_signature_louvain_11,RAP2B
endothelial_cell_signature_louvain_11,RAP2C
endothelial_cell_signature_louvain_11,RAPGEF1
endothelial_cell_signature_louvain_11,RAPGEF2
endothelial_cell_signature_louvain_11,RAPGEF3
endothelial_cell_signature_louvain_11,RAPGEF4
endothelial_cell_signature_louvain_11,RAPGEF6
endothelial_cell_signature_louvain_11,RASGRP3
endothelial_cell_signature_louvain_11,RGL1
endothelial_cell_signature_louvain_11,SERINC1
endothelial_cell_signature_louvain_11,SERPINI1
endothelial_cell_signature_louvain_11,SH3BP5
endothelial_cell_signature_louvain_11,SHANK3
endothelial_cell_signature_louvain_11,STXBP1
endothelial_cell_signature_louvain_11,SYT11
endothelial_cell_signature_louvain_11,TECPR1
endothelial_cell_signature_louvain_12,ADGRF5
endothelial_cell_signature_louvain_12,ADGRL4
endothelial_cell_signature_louvain_12,ANGPTL2
endothelial_cell_signature_louvain_12,CDH5
endothelial_cell_signature_louvain_12,CLDN1
endothelial_cell_signature_louvain_12,CLDN3
endothelial_cell_signature_louvain_12,CLDN5
endothelial_cell_signature_louvain_12,CYYR1
endothelial_cell_signature_louvain_12,ECSCR
endothelial_cell_signature_louvain_12,EMCN
endothelial_cell_signature_louvain_12,ENPEP
endothelial_cell_signature_louvain_12,EPHA3
endothelial_cell_signature_louvain_12,ERG
endothelial_cell_signature_louvain_12,ESAM
endothelial_cell_signature_louvain_12,ETV2
endothelial_cell_signature_louvain_12,F11R
endothelial_cell_signature_louvain_12,FAM107A
endothelial_cell_signature_louvain_12,FGD5
endothelial_cell_signature_louvain_12,FOXC2
endothelial_cell_signature_louvain_12,GJA4
endothelial_cell_signature_louvain_12,GJA5
endothelial_cell_signature_louvain_12,HOXA13
endothelial_cell_signature_louvain_12,HOXB5
endothelial_cell_signature_louvain_12,JAM2
endothelial_cell_signature_louvain_12,JAM3
endothelial_cell_signature_louvain_12,KDR
endothelial_cell_signature_louvain_12,LDB2
endothelial_cell_signature_louvain_12,LMO2
endothelial_cell_signature_louvain_12,MARVELD2
endothelial_cell_signature_louvain_12,MESP1
endothelial_cell_signature_louvain_12,MN1
endothelial_cell_signature_louvain_12,MYCT1
endothelial_cell_signature_louvain_12,NR2F2
endothelial_cell_signature_louvain_12,PALM2AKAP2
endothelial_cell_signature_louvain_12,PCDH12
endothelial_cell_signature_louvain_12,PCDH17
endothelial_cell_signature_louvain_12,PDPN
endothelial_cell_signature_louvain_12,PEAK1
endothelial_cell_signature_louvain_12,PLVAP
endothelial_cell_signature_louvain_12,PROX1
endothelial_cell_signature_louvain_12,PTPRB
endothelial_cell_signature_louvain_12,RERE
endothelial_cell_signature_louvain_12,ROBO4
endothelial_cell_signature_louvain_12,SLC30A5
endothelial_cell_signature_louvain_12,SLIT3
endothelial_cell_signature_louvain_12,SOX17
endothelial_cell_signature_louvain_12,SOX18
endothelial_cell_signature_louvain_12,SPARCL1
endothelial_cell_signature_louvain_12,TIE1
endothelial_cell_signature_louvain_12,TJP1
endothelial_cell_signature_louvain_12,TJP2
endothelial_cell_signature_louvain_12,TJP3
endothelial_cell_signature_louvain_12,TMEM204
endothelial_cell_signature_louvain_12,UNC5B
endothelial_cell_signature_louvain_13,ATP1A2
endothelial_cell_signature_louvain_13,ATP1B1
endothelial_cell_signature_louvain_13,ATP5F1A
endothelial_cell_signature_louvain_13,CALCRL
endothelial_cell_signature_louvain_13,CAVIN2
endothelial_cell_signature_louvain_13,COX4I2
endothelial_cell_signature_louvain_13,COX7A1
endothelial_cell_signature_louvain_13,CPXM2
endothelial_cell_signature_louvain_13,DDX46
endothelial_cell_signature_louvain_13,DKK3
endothelial_cell_signature_louvain_13,EDN1
endothelial_cell_signature_louvain_13,EDNRA
endothelial_cell_signature_louvain_13,EDNRB
endothelial_cell_signature_louvain_13,F2RL1
endothelial_cell_signature_louvain_13,FAM13C
endothelial_cell_signature_louvain_13,FMO2
endothelial_cell_signature_louvain_13,FNDC1
endothelial_cell_signature_louvain_13,FXYD5
endothelial_cell_signature_louvain_13,FXYD6
endothelial_cell_signature_louvain_13,FZD1
endothelial_cell_signature_louvain_13,FZD2
endothelial_cell_signature_louvain_13,FZD4
endothelial_cell_signature_louvain_13,GGT5
endothelial_cell_signature_louvain_13,GNG11
endothelial_cell_signature_louvain_13,GNG2
endothelial_cell_signature_louvain_13,GPX1
endothelial_cell_signature_louvain_13,GRK5
endothelial_cell_signature_louvain_13,GSTM3
endothelial_cell_signature_louvain_13,GUCY1B1
endothelial_cell_signature_louvain_13,IRAG1
endothelial_cell_signature_louvain_13,KCNJ8
endothelial_cell_signature_louvain_13,KCTD12
endothelial_cell_signature_louvain_13,NDP
endothelial_cell_signature_louvain_13,P2RY14
endothelial_cell_signature_louvain_13,PDE5A
endothelial_cell_signature_louvain_13,PEAR1
endothelial_cell_signature_louvain_13,PLAC9
endothelial_cell_signature_louvain_13,PLCB1
endothelial_cell_signature_louvain_13,PLN
endothelial_cell_signature_louvain_13,PPARGC1A
endothelial_cell_signature_louvain_13,PREX1
endothelial_cell_signature_louvain_13,PRKCH
endothelial_cell_signature_louvain_13,PRKG1
endothelial_cell_signature_louvain_13,PTGER3
endothelial_cell_signature_louvain_13,PTGIS
endothelial_cell_signature_louvain_13,RAMP3
endothelial_cell_signature_louvain_13,RGS18
endothelial_cell_signature_louvain_13,RGS5
endothelial_cell_signature_louvain_13,S1PR1
endothelial_cell_signature_louvain_13,S1PR2
endothelial_cell_signature_louvain_13,S1PR3
endothelial_cell_signature_louvain_13,SEPTIN8
endothelial_cell_signature_louvain_13,SFRP4
endothelial_cell_signature_louvain_13,SLCO2A1
endothelial_cell_signature_louvain_13,SNRK
endothelial_cell_signature_louvain_13,ST8SIA4
angiogenic_signalling_louvain_0,AAMP
angiogenic_signalling_louvain_0,ADGRG6
angiogenic_signalling_louvain_0,ADM
angiogenic_signalling_louvain_0,ADORA2B
angiogenic_signalling_louvain_0,AGT
angiogenic_signalling_louvain_0,AGTR1
angiogenic_signalling_louvain_0,AGTR2
angiogenic_signalling_louvain_0,APELA
angiogenic_signalling_louvain_0,APLN
angiogenic_signalling_louvain_0,APLNR
angiogenic_signalling_louvain_0,CALCA
angiogenic_signalling_louvain_0,DAB2
angiogenic_signalling_louvain_0,DBH
angiogenic_signalling_louvain_0,EDN1
angiogenic_signalling_louvain_0,EDN2
angiogenic_signalling_louvain_0,EDNRA
angiogenic_signalling_louvain_0,EGFR
angiogenic_signalling_louvain_0,FSHR
angiogenic_signalling_louvain_0,GHRL
angiogenic_signalling_louvain_0,GHSR
angiogenic_signalling_louvain_0,HTR2B
angiogenic_signalling_louvain_0,LEP
angiogenic_signalling_louvain_0,LRIG2
angiogenic_signalling_louvain_0,PRKG1
angiogenic_signalling_louvain_0,PRKX
angiogenic_signalling_louvain_0,PRL
angiogenic_signalling_louvain_0,PROK1
angiogenic_signalling_louvain_0,PROK2
angiogenic_signalling_louvain_0,PTGIR
angiogenic_signalling_louvain_0,RAMP2
angiogenic_signalling_louvain_0,SCG2
angiogenic_signalling_louvain_0,SST
angiogenic_signalling_louvain_0,STON1
angiogenic_signalling_louvain_0,TBXA2R
angiogenic_signalling_louvain_1,ADIPOQ
angiogenic_signalling_louvain_1,APOA1
angiogenic_signalling_louvain_1,APOD
angiogenic_signalling_louvain_1,APOE
angiogenic_signalling_louvain_1,APP
angiogenic_signalling_louvain_1,CALR
angiogenic_signalling_louvain_1,CDH13
angiogenic_signalling_louvain_1,CLN3
angiogenic_signalling_louvain_1,FAM20C
angiogenic_signalling_louvain_1,GPX1
angiogenic_signalling_louvain_1,GRN
angiogenic_signalling_louvain_1,LGMN
angiogenic_signalling_louvain_1,LIPA
angiogenic_signalling_louvain_1,LRP1
angiogenic_signalling_louvain_1,NAXE
angiogenic_signalling_louvain_1,PNPO
angiogenic_signalling_louvain_1,PPARGC1A
angiogenic_signalling_louvain_1,PRSS3
angiogenic_signalling_louvain_1,SCARB1
angiogenic_signalling_louvain_1,SNCA
angiogenic_signalling_louvain_1,YJEFN3
angiogenic_signalling_louvain_10,CBL
angiogenic_signalling_louvain_10,CBLB
angiogenic_signalling_louvain_10,EPN1
angiogenic_signalling_louvain_10,EPN2
angiogenic_signalling_louvain_10,GFUS
angiogenic_signalling_louvain_10,HGS
angiogenic_signalling_louvain_10,HIP1
angiogenic_signalling_louvain_10,HIP1R
angiogenic_signalling_louvain_10,JCAD
angiogenic_signalling_louvain_10,OTULIN
angiogenic_signalling_louvain_10,POLD4
angiogenic_signalling_louvain_10,RPS27A
angiogenic_signalling_louvain_10,RSPO3
angiogenic_signalling_louvain_10,SPRY1
angiogenic_signalling_louvain_10,SPRY2
angiogenic_signalling_louvain_10,SPRY4
angiogenic_signalling_louvain_10,UBA52
angiogenic_signalling_louvain_10,UBB
angiogenic_signalling_louvain_10,UBC
angiogenic_signalling_louvain_10,UBE2L3
angiogenic_signalling_louvain_10,ZFAND5
angiogenic_signalling_louvain_11,ADAMTS3
angiogenic_signalling_louvain_11,ADAMTS9
angiogenic_signalling_louvain_11,BCAR1
angiogenic_signalling_louvain_11,CAV2
angiogenic_signalling_louvain_11,CCN2
angiogenic_signalling_louvain_11,CCN3
angiogenic_signalling_louvain_11,CEACAM1
angiogenic_signalling_louvain_11,CNMD
angiogenic_signalling_louvain_11,COL4A1
angiogenic_signalling_louvain_11,COL4A3
angiogenic_signalling_louvain_11,COL8A1
angiogenic_signalling_louvain_11,COL8A2
angiogenic_signalling_louvain_11,ECM1
angiogenic_signalling_louvain_11,FAP
angiogenic_signalling_louvain_11,FN1
angiogenic_signalling_louvain_11,FSTL1
angiogenic_signalling_louvain_11,ITGA4
angiogenic_signalling_louvain_11,ITGA5
angiogenic_signalling_louvain_11,ITGAV
angiogenic_signalling_louvain_11,ITGB1
angiogenic_signalling_louvain_11,ITGB2
angiogenic_signalling_louvain_11,ITGB3
angiogenic_signalling_louvain_11,ITGB8
angiogenic_signalling_louvain_11,LGALS8
angiogenic_signalling_louvain_11,LOX
angiogenic_signalling_louvain_11,LOXL2
angiogenic_signalling_louvain_11,LPXN
angiogenic_signalling_louvain_11,MIR19A
angiogenic_signalling_louvain_11,MIR19B1
angiogenic_signalling_louvain_11,MIR31
angiogenic_signalling_louvain_11,MMP14
angiogenic_signalling_louvain_11,MMRN1
angiogenic_signalling_louvain_11,PARVA
angiogenic_signalling_louvain_11,PTK2
angiogenic_signalling_louvain_11,PTK2B
angiogenic_signalling_louvain_11,PTP4A3
angiogenic_signalling_louvain_11,PTPN12
angiogenic_signalling_louvain_11,PXN
angiogenic_signalling_louvain_11,RECK
angiogenic_signalling_louvain_11,SMOC2
angiogenic_signalling_louvain_11,SPARC
angiogenic_signalling_louvain_11,SPP1
angiogenic_signalling_louvain_11,SRPX2
angiogenic_signalling_louvain_11,TGM2
angiogenic_signalling_louvain_11,THBS1
angiogenic_signalling_louvain_11,THBS4
angiogenic_signalling_louvain_11,TNMD
angiogenic_signalling_louvain_11,TNN
angiogenic_signalling_louvain_11,VTN
angiogenic_signalling_louvain_12,ALDH1A2
angiogenic_signalling_louvain_12,AMOT
angiogenic_signalling_louvain_12,BCAS3
angiogenic_signalling_louvain_12,CHURC1
angiogenic_signalling_louvain_12,CITED1
angiogenic_signalling_louvain_12,CITED2
angiogenic_signalling_louvain_12,CRIPTO
angiogenic_signalling_louvain_12,CSNK2B
angiogenic_signalling_louvain_12,CSRNP1
angiogenic_signalling_louvain_12,CTNNB1
angiogenic_signalling_louvain_12,EGR3
angiogenic_signalling_louvain_12,ETS1
angiogenic_signalling_louvain_12,FOXF1
angiogenic_signalling_louvain_12,FOXP1
angiogenic_signalling_louvain_12,GATA2
angiogenic_signalling_louvain_12,GATA3
angiogenic_signalling_louvain_12,GATA4
angiogenic_signalling_louvain_12,HDAC5
angiogenic_signalling_louvain_12,HDAC7
angiogenic_signalling_louvain_12,HDAC9
angiogenic_signalling_louvain_12,ISL1
angiogenic_signalling_louvain_12,JUN
angiogenic_signalling_louvain_12,JUNB
angiogenic_signalling_louvain_12,KLF2
angiogenic_signalling_louvain_12,KLF4
angiogenic_signalling_louvain_12,LEF1
angiogenic_signalling_louvain_12,MEF2C
angiogenic_signalling_louvain_12,MEOX2
angiogenic_signalling_louvain_12,MIR1-1
angiogenic_signalling_louvain_12,MIR200A
angiogenic_signalling_louvain_12,MIR200B
angiogenic_signalling_louvain_12,MIR200C
angiogenic_signalling_louvain_12,MIR205
angiogenic_signalling_louvain_12,MIR34A
angiogenic_signalling_louvain_12,MIR34B
angiogenic_signalling_louvain_12,MIR34C
angiogenic_signalling_louvain_12,MYOCD
angiogenic_signalling_louvain_12,NDRG2
angiogenic_signalling_louvain_12,NFATC2
angiogenic_signalling_louvain_12,NFATC4
angiogenic_signalling_louvain_12,NKX2-5
angiogenic_signalling_louvain_12,NODAL
angiogenic_signalling_louvain_12,NOTCH1
angiogenic_signalling_louvain_12,NR2E1
angiogenic_signalling_louvain_12,NR4A1
angiogenic_signalling_louvain_12,NR4A3
angiogenic_signalling_louvain_12,PATZ1
angiogenic_signalling_louvain_12,PITX2
angiogenic_signalling_louvain_12,PLEKHA1
angiogenic_signalling_louvain_12,PRDM14
angiogenic_signalling_louvain_12,RUNX2
angiogenic_signalling_louvain_12,SIRT1
angiogenic_signalling_louvain_12,SIRT6
angiogenic_signalling_louvain_12,SNAI2
angiogenic_signalling_louvain_12,SOX17
angiogenic_signalling_louvain_12,SRF
angiogenic_signalling_louvain_12,STK4
angiogenic_signalling_louvain_12,TBX2
angiogenic_signalling_louvain_12,TBX20
angiogenic_signalling_louvain_12,TBX5
angiogenic_signalling_louvain_12,TEAD2
angiogenic_signalling_louvain_12,THAP1
angiogenic_signalling_louvain_12,TIPARP
angiogenic_signalling_louvain_12,TRIM28
angiogenic_signalling_louvain_12,WT1
angiogenic_signalling_louvain_12,YAP1
angiogenic_signalling_louvain_12,ZEB2
angiogenic_signalling_louvain_12,ZFPM2
angiogenic_signalling_louvain_12,ZMIZ1
angiogenic_signalling_louvain_12,ZNF354C
angiogenic_signalling_louvain_13,ARID5B
angiogenic_signalling_louvain_13,ARNT
angiogenic_signalling_louvain_13,ASB4
angiogenic_signalling_louvain_13,ATF4
angiogenic_signalling_louvain_13,ATP5F1A
angiogenic_signalling_louvain_13,ATP5F1B
angiogenic_signalling_louvain_13,ATP5IF1
angiogenic_signalling_louvain_13,BRCA1
angiogenic_signalling_louvain_13,CUL7
angiogenic_signalling_louvain_13,CYP1B1
angiogenic_signalling_louvain_13,E2F2
angiogenic_signalling_louvain_13,E2F7
angiogenic_signalling_louvain_13,E2F8
angiogenic_signalling_louvain_13,EGLN3
angiogenic_signalling_louvain_13,EIF2AK3
angiogenic_signalling_louvain_13,EMC10
angiogenic_signalling_louvain_13,ERN1
angiogenic_signalling_louvain_13,GLMN
angiogenic_signalling_louvain_13,GLUL
angiogenic_signalling_louvain_13,GPI
angiogenic_signalling_louvain_13,HIF1A
angiogenic_signalling_louvain_13,HIF1AN
angiogenic_signalling_louvain_13,JMJD8
angiogenic_signalling_louvain_13,MECP2
angiogenic_signalling_louvain_13,MIR146A
angiogenic_signalling_louvain_13,MIR20A
angiogenic_signalling_louvain_13,MIR20B
angiogenic_signalling_louvain_13,MYDGF
angiogenic_signalling_louvain_13,NFE2L2
angiogenic_signalling_louvain_13,NPR2
angiogenic_signalling_louvain_13,PAXIP1
angiogenic_signalling_louvain_13,PDCD6
angiogenic_signalling_louvain_13,PDHA2
angiogenic_signalling_louvain_13,PHF14
angiogenic_signalling_louvain_13,PKM
angiogenic_signalling_louvain_13,PPARG
angiogenic_signalling_louvain_13,RBM15
angiogenic_signalling_louvain_13,RELA
angiogenic_signalling_louvain_13,RORA
angiogenic_signalling_louvain_13,SHCBP1
angiogenic_signalling_louvain_13,SP1
angiogenic_signalling_louvain_13,STAT3
angiogenic_signalling_louvain_13,STAT5A
angiogenic_signalling_louvain_13,SYNE1
angiogenic_signalling_louvain_13,TMEM201
angiogenic_signalling_louvain_13,TXNIP
angiogenic_signalling_louvain_13,VEGFA
angiogenic_signalling_louvain_13,XBP1
angiogenic_signalling_louvain_13,XRCC4
angiogenic_signalling_louvain_2,ACKR3
angiogenic_signalling_louvain_2,ADAM10
angiogenic_signalling_louvain_2,ADAM17
angiogenic_signalling_louvain_2,ADTRP
angiogenic_signalling_louvain_2,AIMP1
angiogenic_signalling_louvain_2,ANXA1
angiogenic_signalling_louvain_2,ANXA3
angiogenic_signalling_louvain_2,APOH
angiogenic_signalling_louvain_2,BSG
angiogenic_signalling_louvain_2,C3
angiogenic_signalling_louvain_2,C3AR1
angiogenic_signalling_louvain_2,C5
angiogenic_signalling_louvain_2,C5AR1
angiogenic_signalling_louvain_2,CCL11
angiogenic_signalling_louvain_2,CCL2
angiogenic_signalling_louvain_2,CCL24
angiogenic_signalling_louvain_2,CCL26
angiogenic_signalling_louvain_2,CCR2
angiogenic_signalling_louvain_2,CCR3
angiogenic_signalling_louvain_2,CD40
angiogenic_signalling_louvain_2,CXCL12
angiogenic_signalling_louvain_2,CXCL13
angiogenic_signalling_louvain_2,CXCL17
angiogenic_signalling_louvain_2,CXCL6
angiogenic_signalling_louvain_2,CXCR3
angiogenic_signalling_louvain_2,DPP4
angiogenic_signalling_louvain_2,F3
angiogenic_signalling_louvain_2,F7
angiogenic_signalling_louvain_2,GADD45A
angiogenic_signalling_louvain_2,HMGB1
angiogenic_signalling_louvain_2,HMGB2
angiogenic_signalling_louvain_2,HMOX1
angiogenic_signalling_louvain_2,HRG
angiogenic_signalling_louvain_2,IL10
angiogenic_signalling_louvain_2,IL12A
angiogenic_signalling_louvain_2,IL12B
angiogenic_signalling_louvain_2,IL1A
angiogenic_signalling_louvain_2,IL1B
angiogenic_signalling_louvain_2,IL1R1
angiogenic_signalling_louvain_2,IL6
angiogenic_signalling_louvain_2,IL6R
angiogenic_signalling_louvain_2,IL6ST
angiogenic_signalling_louvain_2,JMJD6
angiogenic_signalling_louvain_2,LCN2
angiogenic_signalling_louvain_2,MIA3
angiogenic_signalling_louvain_2,MIR199A1
angiogenic_signalling_louvain_2,NOS3
angiogenic_signalling_louvain_2,NOX1
angiogenic_signalling_louvain_2,NOX5
angiogenic_signalling_louvain_2,P2RX4
angiogenic_signalling_louvain_2,PF4
angiogenic_signalling_louvain_2,PLAT
angiogenic_signalling_louvain_2,PLG
angiogenic_signalling_louvain_2,PLK2
angiogenic_signalling_louvain_2,PRCP
angiogenic_signalling_louvain_2,PRG2
angiogenic_signalling_louvain_2,PTGS2
angiogenic_signalling_louvain_2,S100A1
angiogenic_signalling_louvain_2,S100A12
angiogenic_signalling_louvain_2,S100A2
angiogenic_signalling_louvain_2,S100A7
angiogenic_signalling_louvain_2,S100A7A
angiogenic_signalling_louvain_2,S100A7L2
angiogenic_signalling_louvain_2,S100A8
angiogenic_signalling_louvain_2,S100A9
angiogenic_signalling_louvain_2,S100P
angiogenic_signalling_louvain_2,SARS1
angiogenic_signalling_louvain_2,SERPINA5
angiogenic_signalling_louvain_2,SERPINF1
angiogenic_signalling_louvain_2,SLC39A14
angiogenic_signalling_louvain_2,SLC39A9
angiogenic_signalling_louvain_2,SP100
angiogenic_signalling_louvain_2,STAT1
angiogenic_signalling_louvain_2,STC1
angiogenic_signalling_louvain_2,TNF
angiogenic_signalling_louvain_2,TNNI3
angiogenic_signalling_louvain_2,TSPAN18
angiogenic_signalling_louvain_2,WARS2
angiogenic_signalling_louvain_2,ZC3H12A
angiogenic_signalling_louvain_3,ABL1
angiogenic_signalling_louvain_3,ADGRB1
angiogenic_signalling_louvain_3,CAV1
angiogenic_signalling_louvain_3,CCND2
angiogenic_signalling_louvain_3,CDC42
angiogenic_signalling_louvain_3,CDKN1A
angiogenic_signalling_louvain_3,CDKN1B
angiogenic_signalling_louvain_3,CIB1
angiogenic_signalling_louvain_3,CLASP2
angiogenic_signalling_louvain_3,CTNND1
angiogenic_signalling_louvain_3,DSG2
angiogenic_signalling_louvain_3,DSTYK
angiogenic_signalling_louvain_3,FER
angiogenic_signalling_louvain_3,IQGAP1
angiogenic_signalling_louvain_3,JUP
angiogenic_signalling_louvain_3,MIR106A
angiogenic_signalling_louvain_3,MIR15A
angiogenic_signalling_louvain_3,MIR15B
angiogenic_signalling_louvain_3,MIR16-1
angiogenic_signalling_louvain_3,MIR221
angiogenic_signalling_louvain_3,MIR222
angiogenic_signalling_louvain_3,MYH9
angiogenic_signalling_louvain_3,MYO18B
angiogenic_signalling_louvain_3,MYO1E
angiogenic_signalling_louvain_3,NFKB1
angiogenic_signalling_louvain_3,NUS1
angiogenic_signalling_louvain_3,PAK1
angiogenic_signalling_louvain_3,PLEKHG5
angiogenic_signalling_louvain_3,PTPRM
angiogenic_signalling_louvain_3,RAC1
angiogenic_signalling_louvain_3,RAC2
angiogenic_signalling_louvain_3,RAC3
angiogenic_signalling_louvain_3,RHOA
angiogenic_signalling_louvain_3,RHOB
angiogenic_signalling_louvain_3,RHOD
angiogenic_signalling_louvain_3,RHOJ
angiogenic_signalling_louvain_3,RNF213
angiogenic_signalling_louvain_3,ROBO1
angiogenic_signalling_louvain_3,ROCK2
angiogenic_signalling_louvain_3,RTN4
angiogenic_signalling_louvain_3,SASH1
angiogenic_signalling_louvain_3,SH3BP1
angiogenic_signalling_louvain_3,SLIT2
angiogenic_signalling_louvain_3,SRC
angiogenic_signalling_louvain_3,STARD13
angiogenic_signalling_louvain_3,VAV2
angiogenic_signalling_louvain_3,ZDHHC16
angiogenic_signalling_louvain_4,AGGF1
angiogenic_signalling_louvain_4,DAB2IP
angiogenic_signalling_louvain_4,HRAS
angiogenic_signalling_louvain_4,KRAS
angiogenic_signalling_louvain_4,MAP2K1
angiogenic_signalling_louvain_4,MAP2K2
angiogenic_signalling_louvain_4,MIR107
angiogenic_signalling_louvain_4,MIR18A
angiogenic_signalling_louvain_4,MIR195
angiogenic_signalling_louvain_4,MIR98
angiogenic_signalling_louvain_4,MIRLET7A1
angiogenic_signalling_louvain_4,MIRLET7B
angiogenic_signalling_louvain_4,MIRLET7F1
angiogenic_signalling_louvain_4,MUC20
angiogenic_signalling_louvain_4,NDRG4
angiogenic_signalling_louvain_4,NF1
angiogenic_signalling_louvain_4,NRAS
angiogenic_signalling_louvain_4,QKI
angiogenic_signalling_louvain_4,RAF1
angiogenic_signalling_louvain_4,RAP1A
angiogenic_signalling_louvain_4,RAPGEF2
angiogenic_signalling_louvain_4,RASA1
angiogenic_signalling_louvain_4,RGS14
angiogenic_signalling_louvain_4,RIN2
angiogenic_signalling_louvain_4,RRAS
angiogenic_signalling_louvain_4,SHOC2
angiogenic_signalling_louvain_4,SOS1
angiogenic_signalling_louvain_4,SPRED1
angiogenic_signalling_louvain_4,TRIM71
angiogenic_signalling_louvain_5,ALOX5
angiogenic_signalling_louvain_5,ATOH8
angiogenic_signalling_louvain_5,ATP2B4
angiogenic_signalling_louvain_5,BAD
angiogenic_signalling_louvain_5,CARD10
angiogenic_signalling_louvain_5,CREB3L1
angiogenic_signalling_louvain_5,FUT1
angiogenic_signalling_louvain_5,FUT2
angiogenic_signalling_louvain_5,GNA13
angiogenic_signalling_louvain_5,GPLD1
angiogenic_signalling_louvain_5,JMJD7-PLA2G4B
angiogenic_signalling_louvain_5,MIR101-1
angiogenic_signalling_louvain_5,MIR10A
angiogenic_signalling_louvain_5,MIR10B
angiogenic_signalling_louvain_5,MIR129-1
angiogenic_signalling_louvain_5,MIR143
angiogenic_signalling_louvain_5,MIR30A
angiogenic_signalling_louvain_5,MIR30B
angiogenic_signalling_louvain_5,MIR30C1
angiogenic_signalling_louvain_5,MIR30E
angiogenic_signalling_louvain_5,NHERF1
angiogenic_signalling_louvain_5,PLA2G4A
angiogenic_signalling_louvain_5,PLA2G4B
angiogenic_signalling_louvain_5,PLA2G4C
angiogenic_signalling_louvain_5,PLA2G4D
angiogenic_signalling_louvain_5,PLA2G4E
angiogenic_signalling_louvain_5,PLA2G4F
angiogenic_signalling_louvain_5,PLCG1
angiogenic_signalling_louvain_5,PLCG2
angiogenic_signalling_louvain_5,PLPP3
angiogenic_signalling_louvain_5,PPP3CA
angiogenic_signalling_louvain_5,PPP3CB
angiogenic_signalling_louvain_5,PPP3CC
angiogenic_signalling_louvain_5,PPP3R1
angiogenic_signalling_louvain_5,PPP3R2
angiogenic_signalling_louvain_5,PRKCA
angiogenic_signalling_louvain_5,PRKCB
angiogenic_signalling_louvain_5,PRKCG
angiogenic_signalling_louvain_5,PRKD1
angiogenic_signalling_louvain_5,PRKD2
angiogenic_signalling_louvain_5,SGPL1
angiogenic_signalling_louvain_5,SMPD3
angiogenic_signalling_louvain_5,SPHK1
angiogenic_signalling_louvain_5,SPHK2
angiogenic_signalling_louvain_6,AKT1
angiogenic_signalling_louvain_6,AKT2
angiogenic_signalling_louvain_6,AKT3
angiogenic_signalling_louvain_6,CASP9
angiogenic_signalling_louvain_6,CLIC3
angiogenic_signalling_louvain_6,CORO1B
angiogenic_signalling_louvain_6,CRKL
angiogenic_signalling_louvain_6,CYBA
angiogenic_signalling_louvain_6,DLG1
angiogenic_signalling_louvain_6,EGFL8
angiogenic_signalling_louvain_6,EHD4
angiogenic_signalling_louvain_6,EZR
angiogenic_signalling_louvain_6,FKBPL
angiogenic_signalling_louvain_6,GRB2
angiogenic_signalling_louvain_6,HSPB1
angiogenic_signalling_louvain_6,JAK1
angiogenic_signalling_louvain_6,JAK2
angiogenic_signalling_louvain_6,KIF16B
angiogenic_signalling_louvain_6,MAP2K3
angiogenic_signalling_louvain_6,MAP2K5
angiogenic_signalling_louvain_6,MAPK1
angiogenic_signalling_louvain_6,MAPK11
angiogenic_signalling_louvain_6,MAPK12
angiogenic_signalling_louvain_6,MAPK13
angiogenic_signalling_louvain_6,MAPK14
angiogenic_signalling_louvain_6,MAPK3
angiogenic_signalling_louvain_6,MAPKAPK2
angiogenic_signalling_louvain_6,MAPKAPK3
angiogenic_signalling_louvain_6,MICALL1
angiogenic_signalling_louvain_6,MIR126
angiogenic_signalling_louvain_6,MIR17
angiogenic_signalling_louvain_6,MIR23A
angiogenic_signalling_louvain_6,MSN
angiogenic_signalling_louvain_6,P3R3URF-PIK3R3
angiogenic_signalling_louvain_6,PACSIN2
angiogenic_signalling_louvain_6,PDPK1
angiogenic_signalling_louvain_6,PIK3C2A
angiogenic_signalling_louvain_6,PIK3CA
angiogenic_signalling_louvain_6,PIK3CB
angiogenic_signalling_louvain_6,PIK3CD
angiogenic_signalling_louvain_6,PIK3CG
angiogenic_signalling_louvain_6,PIK3R1
angiogenic_signalling_louvain_6,PIK3R2
angiogenic_signalling_louvain_6,PIK3R3
angiogenic_signalling_louvain_6,PPP1R16B
angiogenic_signalling_louvain_6,PTPN1
angiogenic_signalling_louvain_6,PTPN11
angiogenic_signalling_louvain_6,PTPN2
angiogenic_signalling_louvain_6,PTPRJ
angiogenic_signalling_louvain_6,RAB13
angiogenic_signalling_louvain_6,RAB14
angiogenic_signalling_louvain_6,RGCC
angiogenic_signalling_louvain_6,RICTOR
angiogenic_signalling_louvain_6,RPTOR
angiogenic_signalling_louvain_6,SH2D2A
angiogenic_signalling_louvain_6,STMN1
angiogenic_signalling_louvain_6,VIM
angiogenic_signalling_louvain_6,ZFP36L1
angiogenic_signalling_louvain_7,ACVR1
angiogenic_signalling_louvain_7,ACVRL1
angiogenic_signalling_louvain_7,ANG
angiogenic_signalling_louvain_7,ANGPT1
angiogenic_signalling_louvain_7,ANGPT2
angiogenic_signalling_louvain_7,ANGPT4
angiogenic_signalling_louvain_7,BMP10
angiogenic_signalling_louvain_7,BMPER
angiogenic_signalling_louvain_7,BMPR2
angiogenic_signalling_louvain_7,CCBE1
angiogenic_signalling_louvain_7,CCM2
angiogenic_signalling_louvain_7,CD34
angiogenic_signalling_louvain_7,CDH5
angiogenic_signalling_louvain_7,CEMIP2
angiogenic_signalling_louvain_7,CLEC14A
angiogenic_signalling_louvain_7,DLL1
angiogenic_signalling_louvain_7,DLL4
angiogenic_signalling_louvain_7,DNAJA4
angiogenic_signalling_louvain_7,EFNB2
angiogenic_signalling_louvain_7,EGFL7
angiogenic_signalling_louvain_7,ENG
angiogenic_signalling_louvain_7,EPHB4
angiogenic_signalling_louvain_7,ESM1
angiogenic_signalling_louvain_7,FLT1
angiogenic_signalling_louvain_7,FLT4
angiogenic_signalling_louvain_7,FOXC2
angiogenic_signalling_louvain_7,GDF2
angiogenic_signalling_louvain_7,GIPC1
angiogenic_signalling_louvain_7,GJC1
angiogenic_signalling_louvain_7,HEG1
angiogenic_signalling_louvain_7,HEY1
angiogenic_signalling_louvain_7,HEY2
angiogenic_signalling_louvain_7,HSPA12B
angiogenic_signalling_louvain_7,ID1
angiogenic_signalling_louvain_7,ITGB1BP1
angiogenic_signalling_louvain_7,KDR
angiogenic_signalling_louvain_7,KRIT1
angiogenic_signalling_louvain_7,LRG1
angiogenic_signalling_louvain_7,MIR21
angiogenic_signalling_louvain_7,MMRN2
angiogenic_signalling_louvain_7,NOTCH4
angiogenic_signalling_louvain_7,NR2F2
angiogenic_signalling_louvain_7,NRARP
angiogenic_signalling_louvain_7,NRP1
angiogenic_signalling_louvain_7,NRP2
angiogenic_signalling_louvain_7,NRXN1
angiogenic_signalling_louvain_7,PDCD10
angiogenic_signalling_louvain_7,PDCL3
angiogenic_signalling_louvain_7,PDGFB
angiogenic_signalling_louvain_7,PDGFC
angiogenic_signalling_louvain_7,PDGFRL
angiogenic_signalling_louvain_7,PECAM1
angiogenic_signalling_louvain_7,PGF
angiogenic_signalling_louvain_7,PLXNB3
angiogenic_signalling_louvain_7,PLXND1
angiogenic_signalling_louvain_7,PROX1
angiogenic_signalling_louvain_7,RASIP1
angiogenic_signalling_louvain_7,ROBO4
angiogenic_signalling_louvain_7,SEMA3E
angiogenic_signalling_louvain_7,SEMA4A
angiogenic_signalling_louvain_7,SEMA5A
angiogenic_signalling_louvain_7,SEMA6A
angiogenic_signalling_louvain_7,SMAD1
angiogenic_signalling_louvain_7,SOX18
angiogenic_signalling_louvain_7,SVBP
angiogenic_signalling_louvain_7,SYNJ2BP
angiogenic_signalling_louvain_7,TEK
angiogenic_signalling_louvain_7,TGFB1
angiogenic_signalling_louvain_7,TGFBR1
angiogenic_signalling_louvain_7,TGFBR2
angiogenic_signalling_louvain_7,TGFBR3
angiogenic_signalling_louvain_7,TIE1
angiogenic_signalling_louvain_7,TJP1
angiogenic_signalling_louvain_7,TMEM100
angiogenic_signalling_louvain_7,VASH1
angiogenic_signalling_louvain_7,VASH2
angiogenic_signalling_louvain_7,VEGFB
angiogenic_signalling_louvain_7,VEGFC
angiogenic_signalling_louvain_7,VEGFD
angiogenic_signalling_louvain_8,ADGRA2
angiogenic_signalling_louvain_8,ADGRL2
angiogenic_signalling_louvain_8,BMP4
angiogenic_signalling_louvain_8,BMP6
angiogenic_signalling_louvain_8,EMP2
angiogenic_signalling_louvain_8,FGF8
angiogenic_signalling_louvain_8,FZD4
angiogenic_signalling_louvain_8,GBX2
angiogenic_signalling_louvain_8,GREM1
angiogenic_signalling_louvain_8,HHIP
angiogenic_signalling_louvain_8,HOXA13
angiogenic_signalling_louvain_8,IFT20
angiogenic_signalling_louvain_8,IFT80
angiogenic_signalling_louvain_8,IHH
angiogenic_signalling_louvain_8,KANK2
angiogenic_signalling_louvain_8,LRIT3
angiogenic_signalling_louvain_8,NOG
angiogenic_signalling_louvain_8,OFD1
angiogenic_signalling_louvain_8,OTX2
angiogenic_signalling_louvain_8,SFRP2
angiogenic_signalling_louvain_8,SHH
angiogenic_signalling_louvain_8,SMO
angiogenic_signalling_louvain_8,WNT4
angiogenic_signalling_louvain_8,WNT5A
angiogenic_signalling_louvain_8,WNT7A
angiogenic_signalling_louvain_8,WNT7B
angiogenic_signalling_louvain_9,ADAMTS12
angiogenic_signalling_louvain_9,CEP57
angiogenic_signalling_louvain_9,CSPG4
angiogenic_signalling_louvain_9,DCN
angiogenic_signalling_louvain_9,EFNA1
angiogenic_signalling_louvain_9,EGF
angiogenic_signalling_louvain_9,EPHA2
angiogenic_signalling_louvain_9,EXT1
angiogenic_signalling_louvain_9,FGF1
angiogenic_signalling_louvain_9,FGF10
angiogenic_signalling_louvain_9,FGF12
angiogenic_signalling_louvain_9,FGF14
angiogenic_signalling_louvain_9,FGF16
angiogenic_signalling_louvain_9,FGF17
angiogenic_signalling_louvain_9,FGF18
angiogenic_signalling_louvain_9,FGF19
angiogenic_signalling_louvain_9,FGF2
angiogenic_signalling_louvain_9,FGF20
angiogenic_signalling_louvain_9,FGF21
angiogenic_signalling_louvain_9,FGF22
angiogenic_signalling_louvain_9,FGF23
angiogenic_signalling_louvain_9,FGF3
angiogenic_signalling_louvain_9,FGF4
angiogenic_signalling_louvain_9,FGF5
angiogenic_signalling_louvain_9,FGF6
angiogenic_signalling_louvain_9,FGF7
angiogenic_signalling_louvain_9,FGF9
angiogenic_signalling_louvain_9,FGFBP1
angiogenic_signalling_louvain_9,FGFBP3
angiogenic_signalling_louvain_9,FGFR1
angiogenic_signalling_louvain_9,FGFR2
angiogenic_signalling_louvain_9,FGFR3
angiogenic_signalling_louvain_9,FGFR4
angiogenic_signalling_louvain_9,FGFRL1
angiogenic_signalling_louvain_9,FIBP
angiogenic_signalling_louvain_9,FLRT1
angiogenic_signalling_louvain_9,FLRT2
angiogenic_signalling_louvain_9,FLRT3
angiogenic_signalling_louvain_9,FRS2
angiogenic_signalling_louvain_9,FRS3
angiogenic_signalling_louvain_9,GAB1
angiogenic_signalling_louvain_9,GALNT3
angiogenic_signalling_louvain_9,GPC1
angiogenic_signalling_louvain_9,HAS2
angiogenic_signalling_louvain_9,HGF
angiogenic_signalling_louvain_9,HPSE
angiogenic_signalling_louvain_9,HSPG2
angiogenic_signalling_louvain_9,IGF2
angiogenic_signalling_louvain_9,KL
angiogenic_signalling_louvain_9,KLB
angiogenic_signalling_louvain_9,MDK
angiogenic_signalling_louvain_9,MET
angiogenic_signalling_louvain_9,MIR125A
angiogenic_signalling_louvain_9,MIR29A
angiogenic_signalling_louvain_9,MIR29C
angiogenic_signalling_louvain_9,NDST1
angiogenic_signalling_louvain_9,NGFR
angiogenic_signalling_louvain_9,NPTN
angiogenic_signalling_louvain_9,NTRK2
angiogenic_signalling_louvain_9,PDGFA
angiogenic_signalling_louvain_9,PDGFD
angiogenic_signalling_louvain_9,PDGFRA
angiogenic_signalling_louvain_9,PDGFRB
angiogenic_signalling_louvain_9,PTN
angiogenic_signalling_louvain_9,SHC2
angiogenic_signalling_louvain_9,SPRY3
angiogenic_signalling_louvain_9,SULF1
angiogenic_signalling_louvain_9,SULF2
angiogenic_signalling_louvain_9,TMSB4X
angiogenic_signalling_louvain_9,TNFSF12
hypoxia_signalling_louvain_0,ACKR3
hypoxia_signalling_louvain_0,ADM
hypoxia_signalling_louvain_0,AKAP12
hypoxia_signalling_louvain_0,ANGPT1
hypoxia_signalling_louvain_0,ANGPT2
hypoxia_signalling_louvain_0,ANGPT4
hypoxia_signalling_louvain_0,ANGPTL4
hypoxia_signalling_louvain_0,ANXA2
hypoxia_signalling_louvain_0,ATP7A
hypoxia_signalling_louvain_0,B4GALNT2
hypoxia_signalling_louvain_0,BLOC1S6
hypoxia_signalling_louvain_0,BRS3
hypoxia_signalling_louvain_0,CAV1
hypoxia_signalling_louvain_0,CAVIN1
hypoxia_signalling_louvain_0,CAVIN3
hypoxia_signalling_louvain_0,CCN1
hypoxia_signalling_louvain_0,CCN2
hypoxia_signalling_louvain_0,CCN5
hypoxia_signalling_louvain_0,COL5A1
hypoxia_signalling_louvain_0,CP
hypoxia_signalling_louvain_0,CXCR4
hypoxia_signalling_louvain_0,CYBB
hypoxia_signalling_louvain_0,EDN1
hypoxia_signalling_louvain_0,EDN2
hypoxia_signalling_louvain_0,EFNA1
hypoxia_signalling_louvain_0,EFNA3
hypoxia_signalling_louvain_0,EGF
hypoxia_signalling_louvain_0,EGFR
hypoxia_signalling_louvain_0,EPO
hypoxia_signalling_louvain_0,F3
hypoxia_signalling_louvain_0,FLT1
hypoxia_signalling_louvain_0,GLRX
hypoxia_signalling_louvain_0,GNG2
hypoxia_signalling_louvain_0,HDLBP
hypoxia_signalling_louvain_0,HMOX1
hypoxia_signalling_louvain_0,HOXB9
hypoxia_signalling_louvain_0,IDS
hypoxia_signalling_louvain_0,IFNG
hypoxia_signalling_louvain_0,IFNGR1
hypoxia_signalling_louvain_0,IFNGR2
hypoxia_signalling_louvain_0,IGF1
hypoxia_signalling_louvain_0,IGFBP1
hypoxia_signalling_louvain_0,IGFBP3
hypoxia_signalling_louvain_0,IL6
hypoxia_signalling_louvain_0,IL6R
hypoxia_signalling_louvain_0,INS
hypoxia_signalling_louvain_0,KIF5A
hypoxia_signalling_louvain_0,KLF7
hypoxia_signalling_louvain_0,LALBA
hypoxia_signalling_louvain_0,LOX
hypoxia_signalling_louvain_0,LXN
hypoxia_signalling_louvain_0,MIF
hypoxia_signalling_louvain_0,MT1E
hypoxia_signalling_louvain_0,MT2A
hypoxia_signalling_louvain_0,MYH9
hypoxia_signalling_louvain_0,NOS2
hypoxia_signalling_louvain_0,NOS3
hypoxia_signalling_louvain_0,NPPA
hypoxia_signalling_louvain_0,PAM
hypoxia_signalling_louvain_0,PDGFB
hypoxia_signalling_louvain_0,PGF
hypoxia_signalling_louvain_0,PLAUR
hypoxia_signalling_louvain_0,PLIN2
hypoxia_signalling_louvain_0,S100A4
hypoxia_signalling_louvain_0,SCARB1
hypoxia_signalling_louvain_0,SERPINE1
hypoxia_signalling_louvain_0,SLC30A4
hypoxia_signalling_louvain_0,SLC39A14
hypoxia_signalling_louvain_0,SRPX
hypoxia_signalling_louvain_0,SULT2B1
hypoxia_signalling_louvain_0,TEK
hypoxia_signalling_louvain_0,TF
hypoxia_signalling_louvain_0,TFRC
hypoxia_signalling_louvain_0,TGFB3
hypoxia_signalling_louvain_0,TGFBI
hypoxia_signalling_louvain_0,TGM2
hypoxia_signalling_louvain_0,TIMP1
hypoxia_signalling_louvain_0,TLR4
hypoxia_signalling_louvain_0,TMEM45A
hypoxia_signalling_louvain_0,TPD52
hypoxia_signalling_louvain_0,VLDLR
hypoxia_signalling_louvain_0,ZNF292
hypoxia_signalling_louvain_1,ADORA2B
hypoxia_signalling_louvain_1,AGO1
hypoxia_signalling_louvain_1,AKT1
hypoxia_signalling_louvain_1,BCL2
hypoxia_signalling_louvain_1,BNIP3L
hypoxia_signalling_louvain_1,BTG1
hypoxia_signalling_louvain_1,CAMK2A
hypoxia_signalling_louvain_1,CAMK2B
hypoxia_signalling_louvain_1,CAMK2D
hypoxia_signalling_louvain_1,CAMK2G
hypoxia_signalling_louvain_1,CASP6
hypoxia_signalling_louvain_1,CCND2
hypoxia_signalling_louvain_1,CCNG2
hypoxia_signalling_louvain_1,CDKN1A
hypoxia_signalling_louvain_1,CDKN1B
hypoxia_signalling_louvain_1,CDKN1C
hypoxia_signalling_louvain_1,CHST2
hypoxia_signalling_louvain_1,CREBBP
hypoxia_signalling_louvain_1,CSRP2
hypoxia_signalling_louvain_1,DICER1
hypoxia_signalling_louvain_1,DPYSL4
hypoxia_signalling_louvain_1,DTNA
hypoxia_signalling_louvain_1,EP300
hypoxia_signalling_louvain_1,ERBB2
hypoxia_signalling_louvain_1,ERRFI1
hypoxia_signalling_louvain_1,ETS1
hypoxia_signalling_louvain_1,FOXO3
hypoxia_signalling_louvain_1,FSHR
hypoxia_signalling_louvain_1,HDAC6
hypoxia_signalling_louvain_1,HSPB1
hypoxia_signalling_louvain_1,HSPG2
hypoxia_signalling_louvain_1,IGF1R
hypoxia_signalling_louvain_1,INHA
hypoxia_signalling_louvain_1,INSR
hypoxia_signalling_louvain_1,IRS2
hypoxia_signalling_louvain_1,ISG20
hypoxia_signalling_louvain_1,LARGE1
hypoxia_signalling_louvain_1,LTBR
hypoxia_signalling_louvain_1,MAP2K1
hypoxia_signalling_louvain_1,MAP2K2
hypoxia_signalling_louvain_1,MAP3K1
hypoxia_signalling_louvain_1,MXI1
hypoxia_signalling_louvain_1,NEDD4L
hypoxia_signalling_louvain_1,NFKB1
hypoxia_signalling_louvain_1,NR3C1
hypoxia_signalling_louvain_1,NRP1
hypoxia_signalling_louvain_1,P3R3URF-PIK3R3
hypoxia_signalling_louvain_1,PIK3CA
hypoxia_signalling_louvain_1,PIK3CB
hypoxia_signalling_louvain_1,PIK3CD
hypoxia_signalling_louvain_1,PIK3R1
hypoxia_signalling_louvain_1,PIK3R2
hypoxia_signalling_louvain_1,PIK3R3
hypoxia_signalling_louvain_1,PIM1
hypoxia_signalling_louvain_1,PLCG1
hypoxia_signalling_louvain_1,PLCG2
hypoxia_signalling_louvain_1,PPARGC1A
hypoxia_signalling_louvain_1,PRL
hypoxia_signalling_louvain_1,RBPJ
hypoxia_signalling_louvain_1,RELA
hypoxia_signalling_louvain_1,SAP30
hypoxia_signalling_louvain_1,SELL
hypoxia_signalling_louvain_1,STAT3
hypoxia_signalling_louvain_1,TES
hypoxia_signalling_louvain_1,VCL
hypoxia_signalling_louvain_1,VEGFA
hypoxia_signalling_louvain_2,AKT2
hypoxia_signalling_louvain_2,AKT3
hypoxia_signalling_louvain_2,DDIT4
hypoxia_signalling_louvain_2,EIF4E
hypoxia_signalling_louvain_2,EIF4E1B
hypoxia_signalling_louvain_2,EIF4E2
hypoxia_signalling_louvain_2,EIF4EBP1
hypoxia_signalling_louvain_2,MAPK1
hypoxia_signalling_louvain_2,MAPK3
hypoxia_signalling_louvain_2,MKNK1
hypoxia_signalling_louvain_2,MKNK2
hypoxia_signalling_louvain_2,MTOR
hypoxia_signalling_louvain_2,PRKCA
hypoxia_signalling_louvain_2,PRKCB
hypoxia_signalling_louvain_2,PRKCG
hypoxia_signalling_louvain_2,PRKDC
hypoxia_signalling_louvain_2,RPS6
hypoxia_signalling_louvain_2,RPS6KB1
hypoxia_signalling_louvain_2,RPS6KB2
hypoxia_signalling_louvain_2,RRAGD
hypoxia_signalling_louvain_3,ANKZF1
hypoxia_signalling_louvain_3,ATF3
hypoxia_signalling_louvain_3,BHLHE40
hypoxia_signalling_louvain_3,DDIT3
hypoxia_signalling_louvain_3,DUSP1
hypoxia_signalling_louvain_3,ERO1A
hypoxia_signalling_louvain_3,FOS
hypoxia_signalling_louvain_3,FOSL2
hypoxia_signalling_louvain_3,HSPA5
hypoxia_signalling_louvain_3,IER3
hypoxia_signalling_louvain_3,JUN
hypoxia_signalling_louvain_3,KLF6
hypoxia_signalling_louvain_3,MAFF
hypoxia_signalling_louvain_3,NFIL3
hypoxia_signalling_louvain_3,NOCT
hypoxia_signalling_louvain_3,PELO
hypoxia_signalling_louvain_3,PPP1R15A
hypoxia_signalling_louvain_3,RORA
hypoxia_signalling_louvain_3,TIPARP
hypoxia_signalling_louvain_3,TNFAIP3
hypoxia_signalling_louvain_3,ZFP36
hypoxia_signalling_louvain_4,AK4
hypoxia_signalling_louvain_4,ALDOA
hypoxia_signalling_louvain_4,ALDOB
hypoxia_signalling_louvain_4,ALDOC
hypoxia_signalling_louvain_4,AMPD3
hypoxia_signalling_louvain_4,ENO1
hypoxia_signalling_louvain_4,ENO2
hypoxia_signalling_louvain_4,ENO3
hypoxia_signalling_louvain_4,FBP1
hypoxia_signalling_louvain_4,GAA
hypoxia_signalling_louvain_4,GALK1
hypoxia_signalling_louvain_4,GAPDH
hypoxia_signalling_louvain_4,GAPDHS
hypoxia_signalling_louvain_4,GBE1
hypoxia_signalling_louvain_4,GCK
hypoxia_signalling_louvain_4,GCNT2
hypoxia_signalling_louvain_4,GNE
hypoxia_signalling_louvain_4,GPI
hypoxia_signalling_louvain_4,GRHPR
hypoxia_signalling_louvain_4,GYS1
hypoxia_signalling_louvain_4,HEXA
hypoxia_signalling_louvain_4,HK1
hypoxia_signalling_louvain_4,HK2
hypoxia_signalling_louvain_4,HK3
hypoxia_signalling_louvain_4,HKDC1
hypoxia_signalling_louvain_4,ILVBL
hypoxia_signalling_louvain_4,LDHA
hypoxia_signalling_louvain_4,LDHAL6A
hypoxia_signalling_louvain_4,LDHAL6B
hypoxia_signalling_louvain_4,LDHC
hypoxia_signalling_louvain_4,NAGK
hypoxia_signalling_louvain_4,PCK1
hypoxia_signalling_louvain_4,PDHA1
hypoxia_signalling_louvain_4,PDHA2
hypoxia_signalling_louvain_4,PDHB
hypoxia_signalling_louvain_4,PDK1
hypoxia_signalling_louvain_4,PDK3
hypoxia_signalling_louvain_4,PFKFB3
hypoxia_signalling_louvain_4,PFKL
hypoxia_signalling_louvain_4,PFKM
hypoxia_signalling_louvain_4,PFKP
hypoxia_signalling_louvain_4,PGAM2
hypoxia_signalling_louvain_4,PGK1
hypoxia_signalling_louvain_4,PGK2
hypoxia_signalling_louvain_4,PGM1
hypoxia_signalling_louvain_4,PGM2
hypoxia_signalling_louvain_4,PHKG1
hypoxia_signalling_louvain_4,PKLR
hypoxia_signalling_louvain_4,PKP1
hypoxia_signalling_louvain_4,PPP1R3C
hypoxia_signalling_louvain_4,PRDX5
hypoxia_signalling_louvain_4,PYGM
hypoxia_signalling_louvain_4,SLC25A1
hypoxia_signalling_louvain_4,SLC2A1
hypoxia_signalling_louvain_4,SLC2A3
hypoxia_signalling_louvain_4,SLC2A5
hypoxia_signalling_louvain_4,SLC37A4
hypoxia_signalling_louvain_4,STBD1
hypoxia_signalling_louvain_4,TKTL1
hypoxia_signalling_louvain_4,TPI1
hypoxia_signalling_louvain_4,UGP2
hypoxia_signalling_louvain_5,ARNT
hypoxia_signalling_louvain_5,CA12
hypoxia_signalling_louvain_5,CITED2
hypoxia_signalling_louvain_5,CUL2
hypoxia_signalling_louvain_5,EGLN1
hypoxia_signalling_louvain_5,EGLN2
hypoxia_signalling_louvain_5,EGLN3
hypoxia_signalling_louvain_5,ELOB
hypoxia_signalling_louvain_5,ELOC
hypoxia_signalling_louvain_5,EPAS1
hypoxia_signalling_louvain_5,HIF1A
hypoxia_signalling_louvain_5,JMJD6
hypoxia_signalling_louvain_5,KDELR3
hypoxia_signalling_louvain_5,KDM3A
hypoxia_signalling_louvain_5,KLHL24
hypoxia_signalling_louvain_5,LDHB
hypoxia_signalling_louvain_5,NDRG1
hypoxia_signalling_louvain_5,P4HA1
hypoxia_signalling_louvain_5,P4HA2
hypoxia_signalling_louvain_5,PNRC1
hypoxia_signalling_louvain_5,RBX1
hypoxia_signalling_louvain_5,SELENBP1
hypoxia_signalling_louvain_5,SIAH2
hypoxia_signalling_louvain_5,STC1
hypoxia_signalling_louvain_5,STC2
hypoxia_signalling_louvain_5,TPBG
hypoxia_signalling_louvain_5,VHL
hypoxia_signalling_louvain_5,WSB1
hypoxia_signalling_louvain_6,B3GALT6
hypoxia_signalling_louvain_6,BCAN
hypoxia_signalling_louvain_6,BGN
hypoxia_signalling_louvain_6,CHST3
hypoxia_signalling_louvain_6,DCN
hypoxia_signalling_louvain_6,EXT1
hypoxia_signalling_louvain_6,GPC1
hypoxia_signalling_louvain_6,GPC3
hypoxia_signalling_louvain_6,GPC4
hypoxia_signalling_louvain_6,HAS1
hypoxia_signalling_louvain_6,HS3ST1
hypoxia_signalling_louvain_6,NCAN
hypoxia_signalling_louvain_6,NDST1
hypoxia_signalling_louvain_6,NDST2
hypoxia_signalling_louvain_6,PPFIA4
hypoxia_signalling_louvain_6,SDC2
hypoxia_signalling_louvain_6,SDC3
hypoxia_signalling_louvain_6,SDC4
hypoxia_signalling_louvain_6,TPST2
hypoxia_signalling_louvain_6,XPNPEP1
emt_initiation_louvain_0,AASDH
emt_initiation_louvain_0,AK4
emt_initiation_louvain_0,ALDOA
emt_initiation_louvain_0,ALDOB
emt_initiation_louvain_0,ALDOC
emt_initiation_louvain_0,AMPD3
emt_initiation_louvain_0,ARNT
emt_initiation_louvain_0,B4GALNT2
emt_initiation_louvain_0,CA12
emt_initiation_louvain_0,CUL2
emt_initiation_louvain_0,EGLN1
emt_initiation_louvain_0,EGLN2
emt_initiation_louvain_0,EGLN3
emt_initiation_louvain_0,ELOB
emt_initiation_louvain_0,ELOC
emt_initiation_louvain_0,ENO1
emt_initiation_louvain_0,ENO2
emt_initiation_louvain_0,ENO3
emt_initiation_louvain_0,EPAS1
emt_initiation_louvain_0,GAPDH
emt_initiation_louvain_0,GAPDHS
emt_initiation_louvain_0,GFPT2
emt_initiation_louvain_0,GRHPR
emt_initiation_louvain_0,HAS1
emt_initiation_louvain_0,HHATL
emt_initiation_louvain_0,HOXB9
emt_initiation_louvain_0,ILVBL
emt_initiation_louvain_0,KDELR3
emt_initiation_louvain_0,LALBA
emt_initiation_louvain_0,LDHA
emt_initiation_louvain_0,LDHAL6A
emt_initiation_louvain_0,LDHAL6B
emt_initiation_louvain_0,LDHC
emt_initiation_louvain_0,NDUFAB1
emt_initiation_louvain_0,P4HA1
emt_initiation_louvain_0,P4HA2
emt_initiation_louvain_0,PCK1
emt_initiation_louvain_0,PDHA1
emt_initiation_louvain_0,PDHA2
emt_initiation_louvain_0,PDHB
emt_initiation_louvain_0,PDK1
emt_initiation_louvain_0,PDK3
emt_initiation_louvain_0,PGAM2
emt_initiation_louvain_0,PGK1
emt_initiation_louvain_0,PGK2
emt_initiation_louvain_0,PKLR
emt_initiation_louvain_0,PRDX5
emt_initiation_louvain_0,SH3YL1
emt_initiation_louvain_0,SIAH1
emt_initiation_louvain_0,SIAH2
emt_initiation_louvain_0,SLC2A1
emt_initiation_louvain_0,SLC2A5
emt_initiation_louvain_0,TKTL1
emt_initiation_louvain_0,TMEM53
emt_initiation_louvain_0,TPBG
emt_initiation_louvain_0,TPI1
emt_initiation_louvain_0,TPST2
emt_initiation_louvain_0,VHL
emt_initiation_louvain_0,WSB1
emt_initiation_louvain_1,FBP1
emt_initiation_louvain_1,GAA
emt_initiation_louvain_1,GALK1
emt_initiation_louvain_1,GBE1
emt_initiation_louvain_1,GCK
emt_initiation_louvain_1,GCNT2
emt_initiation_louvain_1,GPI
emt_initiation_louvain_1,GYS1
emt_initiation_louvain_1,HEXA
emt_initiation_louvain_1,HK1
emt_initiation_louvain_1,HK2
emt_initiation_louvain_1,HK3
emt_initiation_louvain_1,HKDC1
emt_initiation_louvain_1,NAGK
emt_initiation_louvain_1,PFKFB3
emt_initiation_louvain_1,PFKL
emt_initiation_louvain_1,PFKM
emt_initiation_louvain_1,PFKP
emt_initiation_louvain_1,PGM1
emt_initiation_louvain_1,PGM2
emt_initiation_louvain_1,PHKG1
emt_initiation_louvain_1,PKP1
emt_initiation_louvain_1,PPP1R3C
emt_initiation_louvain_1,PYGM
emt_initiation_louvain_1,SLC2A3
emt_initiation_louvain_1,SLC37A4
emt_initiation_louvain_1,STBD1
emt_initiation_louvain_1,UGP2
emt_initiation_louvain_2,AKT2
emt_initiation_louvain_2,AKT3
emt_initiation_louvain_2,ATP7A
emt_initiation_louvain_2,BRS3
emt_initiation_louvain_2,CAMK2A
emt_initiation_louvain_2,CAMK2B
emt_initiation_louvain_2,CAMK2D
emt_initiation_louvain_2,CAMK2G
emt_initiation_louvain_2,CP
emt_initiation_louvain_2,CYBB
emt_initiation_louvain_2,EDN2
emt_initiation_louvain_2,GLRX
emt_initiation_louvain_2,HMOX1
emt_initiation_louvain_2,IFNG
emt_initiation_louvain_2,IFNGR1
emt_initiation_louvain_2,IFNGR2
emt_initiation_louvain_2,IRS2
emt_initiation_louvain_2,KIF5A
emt_initiation_louvain_2,LTBR
emt_initiation_louvain_2,MAP2K1
emt_initiation_louvain_2,MAP2K2
emt_initiation_louvain_2,MAP3K1
emt_initiation_louvain_2,MAP3K7
emt_initiation_louvain_2,MAPK10
emt_initiation_louvain_2,MAPK3
emt_initiation_louvain_2,MAPK8
emt_initiation_louvain_2,MAPK9
emt_initiation_louvain_2,MIF
emt_initiation_louvain_2,MT1E
emt_initiation_louvain_2,MT2A
emt_initiation_louvain_2,NFATC1
emt_initiation_louvain_2,NFATC2
emt_initiation_louvain_2,NFATC3
emt_initiation_louvain_2,NFATC4
emt_initiation_louvain_2,NFKB1
emt_initiation_louvain_2,NOS2
emt_initiation_louvain_2,NOS3
emt_initiation_louvain_2,P3R3URF-PIK3R3
emt_initiation_louvain_2,PAM
emt_initiation_louvain_2,PIK3CA
emt_initiation_louvain_2,PIK3CB
emt_initiation_louvain_2,PIK3CD
emt_initiation_louvain_2,PIK3R1
emt_initiation_louvain_2,PIK3R2
emt_initiation_louvain_2,PIK3R3
emt_initiation_louvain_2,PLCB1
emt_initiation_louvain_2,PLCB2
emt_initiation_louvain_2,PLCB3
emt_initiation_louvain_2,PLCB4
emt_initiation_louvain_2,PLCG1
emt_initiation_louvain_2,PLCG2
emt_initiation_louvain_2,PPP2CA
emt_initiation_louvain_2,PPP2CB
emt_initiation_louvain_2,PPP2R1A
emt_initiation_louvain_2,PPP2R1B
emt_initiation_louvain_2,PPP3CA
emt_initiation_louvain_2,PPP3CB
emt_initiation_louvain_2,PPP3CC
emt_initiation_louvain_2,PPP3R1
emt_initiation_louvain_2,PPP3R2
emt_initiation_louvain_2,PRKCA
emt_initiation_louvain_2,PRKCB
emt_initiation_louvain_2,PRKCG
emt_initiation_louvain_2,RAC1
emt_initiation_louvain_2,RAC2
emt_initiation_louvain_2,RAC3
emt_initiation_louvain_2,RELA
emt_initiation_louvain_2,RHOA
emt_initiation_louvain_2,ROCK1
emt_initiation_louvain_2,ROCK2
emt_initiation_louvain_2,SRPX
emt_initiation_louvain_2,SULT2B1
emt_initiation_louvain_2,TNF
emt_initiation_louvain_3,ACKR3
emt_initiation_louvain_3,ADORA2B
emt_initiation_louvain_3,AKT1
emt_initiation_louvain_3,ANGPT1
emt_initiation_louvain_3,ANGPT2
emt_initiation_louvain_3,ANGPT4
emt_initiation_louvain_3,ANGPTL4
emt_initiation_louvain_3,ANKZF1
emt_initiation_louvain_3,ANXA2
emt_initiation_louvain_3,BCL2
emt_initiation_louvain_3,BNIP3L
emt_initiation_louvain_3,CASP6
emt_initiation_louvain_3,CAV1
emt_initiation_louvain_3,CAVIN1
emt_initiation_louvain_3,CAVIN3
emt_initiation_louvain_3,CSRP2
emt_initiation_louvain_3,CXCR4
emt_initiation_louvain_3,DDIT4
emt_initiation_louvain_3,EFNA1
emt_initiation_louvain_3,EFNA3
emt_initiation_louvain_3,EGF
emt_initiation_louvain_3,EGFR
emt_initiation_louvain_3,EIF4E
emt_initiation_louvain_3,EIF4E1B
emt_initiation_louvain_3,EIF4E2
emt_initiation_louvain_3,EIF4EBP1
emt_initiation_louvain_3,EMP3
emt_initiation_louvain_3,EPO
emt_initiation_louvain_3,ERBB2
emt_initiation_louvain_3,ERRFI1
emt_initiation_louvain_3,ETS1
emt_initiation_louvain_3,FLT1
emt_initiation_louvain_3,HIF1A
emt_initiation_louvain_3,IDS
emt_initiation_louvain_3,IGF1
emt_initiation_louvain_3,IGF1R
emt_initiation_louvain_3,IL6R
emt_initiation_louvain_3,INS
emt_initiation_louvain_3,INSR
emt_initiation_louvain_3,JMJD6
emt_initiation_louvain_3,MAPK1
emt_initiation_louvain_3,MKNK1
emt_initiation_louvain_3,MKNK2
emt_initiation_louvain_3,MTOR
emt_initiation_louvain_3,MYH9
emt_initiation_louvain_3,NDRG1
emt_initiation_louvain_3,NR3C1
emt_initiation_louvain_3,PDGFB
emt_initiation_louvain_3,PGF
emt_initiation_louvain_3,PLIN2
emt_initiation_louvain_3,PPARD
emt_initiation_louvain_3,PPARGC1A
emt_initiation_louvain_3,PRL
emt_initiation_louvain_3,RPS6
emt_initiation_louvain_3,RPS6KB1
emt_initiation_louvain_3,RPS6KB2
emt_initiation_louvain_3,RRAGD
emt_initiation_louvain_3,S100A4
emt_initiation_louvain_3,SCARB1
emt_initiation_louvain_3,SELENBP1
emt_initiation_louvain_3,SIRT1
emt_initiation_louvain_3,STAT3
emt_initiation_louvain_3,STC1
emt_initiation_louvain_3,STC2
emt_initiation_louvain_3,TEK
emt_initiation_louvain_3,TFRC
emt_initiation_louvain_3,TLE7
emt_initiation_louvain_3,TLR4
emt_initiation_louvain_3,TP53
emt_initiation_louvain_3,VCP
emt_initiation_louvain_3,VEGFA
emt_initiation_louvain_4,ADM
emt_initiation_louvain_4,ATF3
emt_initiation_louvain_4,BTG1
emt_initiation_louvain_4,CCN1
emt_initiation_louvain_4,CCN2
emt_initiation_louvain_4,CCND1
emt_initiation_louvain_4,CCND2
emt_initiation_louvain_4,CCND3
emt_initiation_louvain_4,CCNG2
emt_initiation_louvain_4,CDKN1A
emt_initiation_louvain_4,CDKN1B
emt_initiation_louvain_4,CDKN1C
emt_initiation_louvain_4,CDKN2B
emt_initiation_louvain_4,DDIT3
emt_initiation_louvain_4,DUSP1
emt_initiation_louvain_4,EDN1
emt_initiation_louvain_4,ERO1A
emt_initiation_louvain_4,F3
emt_initiation_louvain_4,FOS
emt_initiation_louvain_4,FOSL1
emt_initiation_louvain_4,FOSL2
emt_initiation_louvain_4,FOXO3
emt_initiation_louvain_4,HSPA5
emt_initiation_louvain_4,IER3
emt_initiation_louvain_4,IGFBP1
emt_initiation_louvain_4,IGFBP3
emt_initiation_louvain_4,IL6
emt_initiation_louvain_4,JUN
emt_initiation_louvain_4,KLF6
emt_initiation_louvain_4,LOX
emt_initiation_louvain_4,LXN
emt_initiation_louvain_4,MAFF
emt_initiation_louvain_4,MMP7
emt_initiation_louvain_4,MYC
emt_initiation_louvain_4,NOCT
emt_initiation_louvain_4,NPPA
emt_initiation_louvain_4,PIM1
emt_initiation_louvain_4,PLAUR
emt_initiation_louvain_4,PPP1R15A
emt_initiation_louvain_4,RBL1
emt_initiation_louvain_4,SERPINE1
emt_initiation_louvain_4,SERPINF1
emt_initiation_louvain_4,SP1
emt_initiation_louvain_4,TGM2
emt_initiation_louvain_4,THBS1
emt_initiation_louvain_4,TIMP1
emt_initiation_louvain_4,TIPARP
emt_initiation_louvain_4,TNFAIP3
emt_initiation_louvain_4,VLDLR
emt_initiation_louvain_4,ZFP36
emt_initiation_louvain_5,ACVR1
emt_initiation_louvain_5,ACVR1B
emt_initiation_louvain_5,ACVR1C
emt_initiation_louvain_5,ACVR2A
emt_initiation_louvain_5,ACVR2B
emt_initiation_louvain_5,AMH
emt_initiation_louvain_5,AMHR2
emt_initiation_louvain_5,BAMBI
emt_initiation_louvain_5,BMP2
emt_initiation_louvain_5,BMP4
emt_initiation_louvain_5,BMP5
emt_initiation_louvain_5,BMP6
emt_initiation_louvain_5,BMP7
emt_initiation_louvain_5,BMP8A
emt_initiation_louvain_5,BMP8B
emt_initiation_louvain_5,BMPR1A
emt_initiation_louvain_5,BMPR1B
emt_initiation_louvain_5,BMPR2
emt_initiation_louvain_5,CHRD
emt_initiation_louvain_5,FST
emt_initiation_louvain_5,GDF5
emt_initiation_louvain_5,GDF6
emt_initiation_louvain_5,GDF7
emt_initiation_louvain_5,GREM1
emt_initiation_louvain_5,GREM2
emt_initiation_louvain_5,HAMP
emt_initiation_louvain_5,HFE
emt_initiation_louvain_5,HJV
emt_initiation_louvain_5,IGSF1
emt_initiation_louvain_5,INHA
emt_initiation_louvain_5,INHBA
emt_initiation_louvain_5,INHBB
emt_initiation_louvain_5,INHBC
emt_initiation_louvain_5,INHBE
emt_initiation_louvain_5,LEFTY1
emt_initiation_louvain_5,LEFTY2
emt_initiation_louvain_5,MICOS10-NBL1
emt_initiation_louvain_5,NEO1
emt_initiation_louvain_5,NODAL
emt_initiation_louvain_5,NOG
emt_initiation_louvain_5,PITX2
emt_initiation_louvain_5,RGMA
emt_initiation_louvain_5,RGMB
emt_initiation_louvain_5,TF
emt_initiation_louvain_5,TFR2
emt_initiation_louvain_6,BGN
emt_initiation_louvain_6,CHST2
emt_initiation_louvain_6,COL5A1
emt_initiation_louvain_6,DCN
emt_initiation_louvain_6,FBN1
emt_initiation_louvain_6,FMOD
emt_initiation_louvain_6,ID1
emt_initiation_louvain_6,ID2
emt_initiation_louvain_6,ID3
emt_initiation_louvain_6,ID4
emt_initiation_louvain_6,LEMD3
emt_initiation_louvain_6,LRRC32
emt_initiation_louvain_6,LTBP1
emt_initiation_louvain_6,NEDD4L
emt_initiation_louvain_6,NRROS
emt_initiation_louvain_6,SKI
emt_initiation_louvain_6,SKIL
emt_initiation_louvain_6,SMAD1
emt_initiation_louvain_6,SMAD2
emt_initiation_louvain_6,SMAD3
emt_initiation_louvain_6,SMAD4
emt_initiation_louvain_6,SMAD5
emt_initiation_louvain_6,SMAD6
emt_initiation_louvain_6,SMAD7
emt_initiation_louvain_6,SMAD9
emt_initiation_louvain_6,SMURF1
emt_initiation_louvain_6,SMURF2
emt_initiation_louvain_6,TGFB1
emt_initiation_louvain_6,TGFB2
emt_initiation_louvain_6,TGFB3
emt_initiation_louvain_6,TGFBI
emt_initiation_louvain_6,TGFBR1
emt_initiation_louvain_6,TGFBR2
emt_initiation_louvain_6,TGIF1
emt_initiation_louvain_6,TGIF2
emt_initiation_louvain_6,ZFYVE16
emt_initiation_louvain_6,ZFYVE9
emt_initiation_louvain_7,ATXN1
emt_initiation_louvain_7,ATXN1L
emt_initiation_louvain_7,CCAR2
emt_initiation_louvain_7,CHD8
emt_initiation_louvain_7,CIRSR
emt_initiation_louvain_7,CITED2
emt_initiation_louvain_7,CREBBP
emt_initiation_louvain_7,CSNK2A1
emt_initiation_louvain_7,CTBP1
emt_initiation_louvain_7,CTBP2
emt_initiation_louvain_7,E2F4
emt_initiation_louvain_7,E2F5
emt_initiation_louvain_7,EP300
emt_initiation_louvain_7,HDAC1
emt_initiation_louvain_7,HDAC2
emt_initiation_louvain_7,ISG20
emt_initiation_louvain_7,KAT2A
emt_initiation_louvain_7,KAT2B
emt_initiation_louvain_7,KLF7
emt_initiation_louvain_7,LDHB
emt_initiation_louvain_7,LZTS2
emt_initiation_louvain_7,MCC
emt_initiation_louvain_7,MXI1
emt_initiation_louvain_7,NCOR1
emt_initiation_louvain_7,NCOR2
emt_initiation_louvain_7,PLAC8
emt_initiation_louvain_7,RBPJ
emt_initiation_louvain_7,RBPJL
emt_initiation_louvain_7,RUVBL1
emt_initiation_louvain_7,SAP30
emt_initiation_louvain_7,SIN3A
emt_initiation_louvain_7,SKP1
emt_initiation_louvain_7,SNW1
emt_initiation_louvain_7,SPEN
emt_initiation_louvain_7,TBL1X
emt_initiation_louvain_7,TBL1XR1
emt_initiation_louvain_7,TBL1Y
emt_initiation_louvain_7,TFDP1
emt_initiation_louvain_7,TLE1
emt_initiation_louvain_7,TLE2
emt_initiation_louvain_7,TLE3
emt_initiation_louvain_7,TLE4
emt_initiation_louvain_7,ZNF292
emt_initiation_louvain_8,ADAM17
emt_initiation_louvain_8,APH1A
emt_initiation_louvain_8,APH1B
emt_initiation_louvain_8,DLL1
emt_initiation_louvain_8,DLL3
emt_initiation_louvain_8,DLL4
emt_initiation_louvain_8,DTX1
emt_initiation_louvain_8,DTX2
emt_initiation_louvain_8,DTX3
emt_initiation_louvain_8,DTX3L
emt_initiation_louvain_8,DTX4
emt_initiation_louvain_8,HDLBP
emt_initiation_louvain_8,HES1
emt_initiation_louvain_8,HES5
emt_initiation_louvain_8,HEY1
emt_initiation_louvain_8,HEY2
emt_initiation_louvain_8,HEYL
emt_initiation_louvain_8,JAG1
emt_initiation_louvain_8,JAG2
emt_initiation_louvain_8,LFNG
emt_initiation_louvain_8,MAML1
emt_initiation_louvain_8,MAML2
emt_initiation_louvain_8,MAML3
emt_initiation_louvain_8,MFNG
emt_initiation_louvain_8,NCSTN
emt_initiation_louvain_8,NOTCH1
emt_initiation_louvain_8,NOTCH2
emt_initiation_louvain_8,NOTCH3
emt_initiation_louvain_8,NOTCH4
emt_initiation_louvain_8,NRARP
emt_initiation_louvain_8,NUMB
emt_initiation_louvain_8,NUMBL
emt_initiation_louvain_8,PSEN1
emt_initiation_louvain_8,PSEN2
emt_initiation_louvain_8,PSENEN
emt_initiation_louvain_8,PTCRA
emt_initiation_louvain_8,RFNG
emt_initiation_louvain_8,TLE6
emt_initiation_louvain_9,AKAP12
emt_initiation_louvain_9,ARRB1
emt_initiation_louvain_9,ARRB2
emt_initiation_louvain_9,BHLHE40
emt_initiation_louvain_9,BOC
emt_initiation_louvain_9,BTRC
emt_initiation_louvain_9,CDON
emt_initiation_louvain_9,COPS7A
emt_initiation_louvain_9,CSNK1A1L
emt_initiation_louvain_9,CSNK1D
emt_initiation_louvain_9,CSNK1E
emt_initiation_louvain_9,CSNK1G1
emt_initiation_louvain_9,CSNK1G2
emt_initiation_louvain_9,CSNK1G3
emt_initiation_louvain_9,CUL1
emt_initiation_louvain_9,CUL3
emt_initiation_louvain_9,DHH
emt_initiation_louvain_9,DISP1
emt_initiation_louvain_9,EFCAB7
emt_initiation_louvain_9,EVC
emt_initiation_louvain_9,EVC2
emt_initiation_louvain_9,FBXW11
emt_initiation_louvain_9,GAS1
emt_initiation_louvain_9,GLI1
emt_initiation_louvain_9,GLI2
emt_initiation_louvain_9,GLI3
emt_initiation_louvain_9,GPR161
emt_initiation_louvain_9,GRK2
emt_initiation_louvain_9,GRK3
emt_initiation_louvain_9,HHAT
emt_initiation_louvain_9,HHIP
emt_initiation_louvain_9,IHH
emt_initiation_louvain_9,IQCE
emt_initiation_louvain_9,ITCH
emt_initiation_louvain_9,KDM3A
emt_initiation_louvain_9,KIF3A
emt_initiation_louvain_9,KIF7
emt_initiation_louvain_9,KLHL24
emt_initiation_louvain_9,LRP2
emt_initiation_louvain_9,MEGF8
emt_initiation_louvain_9,MGRN1
emt_initiation_louvain_9,MOSMO
emt_initiation_louvain_9,NFIL3
emt_initiation_louvain_9,PNRC1
emt_initiation_louvain_9,PRKACA
emt_initiation_louvain_9,PRKACB
emt_initiation_louvain_9,PRKACG
emt_initiation_louvain_9,PTCH1
emt_initiation_louvain_9,PTCH2
emt_initiation_louvain_9,RBX1
emt_initiation_louvain_9,SCUBE2
emt_initiation_louvain_9,SHH
emt_initiation_louvain_9,SMO
emt_initiation_louvain_9,SPOP
emt_initiation_louvain_9,SPOPL
emt_initiation_louvain_9,SUFU
emt_initiation_louvain_9,THSD4
emt_initiation_louvain_9,TMEM45A
emt_initiation_louvain_9,TPD52
emt_initiation_louvain_9,TPTEP2-CSNK1E
emt_initiation_louvain_10,CCDC88C
emt_initiation_louvain_10,CSNK2A2
emt_initiation_louvain_10,CSNK2A3
emt_initiation_louvain_10,CSNK2B
emt_initiation_louvain_10,CXXC4
emt_initiation_louvain_10,DAAM1
emt_initiation_louvain_10,DAAM2
emt_initiation_louvain_10,DVL1
emt_initiation_louvain_10,DVL2
emt_initiation_louvain_10,DVL3
emt_initiation_louvain_10,FZD3
emt_initiation_louvain_10,FZD6
emt_initiation_louvain_10,FZD9
emt_initiation_louvain_10,INVS
emt_initiation_louvain_10,NKD1
emt_initiation_louvain_10,NKD2
emt_initiation_louvain_10,PRICKLE1
emt_initiation_louvain_10,PRICKLE2
emt_initiation_louvain_10,PRICKLE3
emt_initiation_louvain_10,PRICKLE4
emt_initiation_louvain_10,SENP2
emt_initiation_louvain_10,SLC25A1
emt_initiation_louvain_10,TES
emt_initiation_louvain_10,VANGL1
emt_initiation_louvain_10,VANGL2
emt_initiation_louvain_11,APC
emt_initiation_louvain_11,APC2
emt_initiation_louvain_11,AXIN1
emt_initiation_louvain_11,AXIN2
emt_initiation_louvain_11,CACYBP
emt_initiation_louvain_11,CBY1
emt_initiation_louvain_11,CSNK1A1
emt_initiation_louvain_11,CTNNB1
emt_initiation_louvain_11,CTNNBIP1
emt_initiation_louvain_11,CTNND2
emt_initiation_louvain_11,DPYSL4
emt_initiation_louvain_11,FRAT1
emt_initiation_louvain_11,FRAT2
emt_initiation_louvain_11,GSK3B
emt_initiation_louvain_11,LARGE1
emt_initiation_louvain_11,LEF1
emt_initiation_louvain_11,NLK
emt_initiation_louvain_11,SOX17
emt_initiation_louvain_11,TCF7
emt_initiation_louvain_11,TCF7L1
emt_initiation_louvain_11,TCF7L2
emt_initiation_louvain_12,APCDD1
emt_initiation_louvain_12,B3GALT6
emt_initiation_louvain_12,BCAN
emt_initiation_louvain_12,CCN4
emt_initiation_louvain_12,CCN5
emt_initiation_louvain_12,CER1
emt_initiation_louvain_12,CHST3
emt_initiation_louvain_12,DKK1
emt_initiation_louvain_12,DKK2
emt_initiation_louvain_12,DKK4
emt_initiation_louvain_12,DTNA
emt_initiation_louvain_12,EXT1
emt_initiation_louvain_12,FRZB
emt_initiation_louvain_12,FZD1
emt_initiation_louvain_12,FZD10
emt_initiation_louvain_12,FZD2
emt_initiation_louvain_12,FZD4
emt_initiation_louvain_12,FZD5
emt_initiation_louvain_12,FZD7
emt_initiation_louvain_12,FZD8
emt_initiation_louvain_12,GPC1
emt_initiation_louvain_12,GPC3
emt_initiation_louvain_12,GPC4
emt_initiation_louvain_12,HS3ST1
emt_initiation_louvain_12,LGR4
emt_initiation_louvain_12,LGR5
emt_initiation_louvain_12,LGR6
emt_initiation_louvain_12,LRP5
emt_initiation_louvain_12,LRP6
emt_initiation_louvain_12,MUSK
emt_initiation_louvain_12,NCAN
emt_initiation_louvain_12,NDST1
emt_initiation_louvain_12,NDST2
emt_initiation_louvain_12,NOTUM
emt_initiation_louvain_12,PORCN
emt_initiation_louvain_12,PPFIA4
emt_initiation_louvain_12,RNF43
emt_initiation_louvain_12,ROR1
emt_initiation_louvain_12,ROR2
emt_initiation_louvain_12,RORA
emt_initiation_louvain_12,RSPO1
emt_initiation_louvain_12,RSPO2
emt_initiation_louvain_12,RSPO3
emt_initiation_louvain_12,RSPO4
emt_initiation_louvain_12,RYK
emt_initiation_louvain_12,SDC2
emt_initiation_louvain_12,SDC3
emt_initiation_louvain_12,SDC4
emt_initiation_louvain_12,SFRP1
emt_initiation_louvain_12,SFRP2
emt_initiation_louvain_12,SFRP4
emt_initiation_louvain_12,SFRP5
emt_initiation_louvain_12,SOST
emt_initiation_louvain_12,WIF1
emt_initiation_louvain_12,WNT1
emt_initiation_louvain_12,WNT10A
emt_initiation_louvain_12,WNT10B
emt_initiation_louvain_12,WNT11
emt_initiation_louvain_12,WNT16
emt_initiation_louvain_12,WNT2
emt_initiation_louvain_12,WNT2B
emt_initiation_louvain_12,WNT3
emt_initiation_louvain_12,WNT3A
emt_initiation_louvain_12,WNT4
emt_initiation_louvain_12,WNT5A
emt_initiation_louvain_12,WNT5B
emt_initiation_louvain_12,WNT6
emt_initiation_louvain_12,WNT7A
emt_initiation_louvain_12,WNT7B
emt_initiation_louvain_12,WNT8A
emt_initiation_louvain_12,WNT8B
emt_initiation_louvain_12,WNT9A
emt_initiation_louvain_12,WNT9B
emt_initiation_louvain_12,XPNPEP1
emt_initiation_louvain_12,ZNRF3
emt_maintenance_louvain_0,CACNA1A
emt_maintenance_louvain_0,CACNA1B
emt_maintenance_louvain_0,CACNA1C
emt_maintenance_louvain_0,CACNA1D
emt_maintenance_louvain_0,CACNA1E
emt_maintenance_louvain_0,CACNA1F
emt_maintenance_louvain_0,CACNA1G
emt_maintenance_louvain_0,CACNA1H
emt_maintenance_louvain_0,CACNA1I
emt_maintenance_louvain_0,CACNA1S
emt_maintenance_louvain_0,CACNA2D1
emt_maintenance_louvain_0,CACNA2D2
emt_maintenance_louvain_0,CACNA2D3
emt_maintenance_louvain_0,CACNA2D4
emt_maintenance_louvain_0,CACNB1
emt_maintenance_louvain_0,CACNB2
emt_maintenance_louvain_0,CACNB3
emt_maintenance_louvain_0,CACNB4
emt_maintenance_louvain_0,CACNG1
emt_maintenance_louvain_0,CACNG2
emt_maintenance_louvain_0,CACNG3
emt_maintenance_louvain_0,CACNG4
emt_maintenance_louvain_0,CACNG6
emt_maintenance_louvain_0,CACNG7
emt_maintenance_louvain_0,CACNG8
emt_maintenance_louvain_0,RASGRF1
emt_maintenance_louvain_0,RASGRF2
emt_maintenance_louvain_0,RASGRP1
emt_maintenance_louvain_0,RASGRP2
emt_maintenance_louvain_0,RASGRP3
emt_maintenance_louvain_0,RASGRP4
emt_maintenance_louvain_1,BLNK
emt_maintenance_louvain_1,BTK
emt_maintenance_louvain_1,CDC42
emt_maintenance_louvain_1,HRAS
emt_maintenance_louvain_1,KRAS
emt_maintenance_louvain_1,LAT
emt_maintenance_louvain_1,LCK
emt_maintenance_louvain_1,LYN
emt_maintenance_louvain_1,MAGI1
emt_maintenance_louvain_1,MAGI2
emt_maintenance_louvain_1,MAP4K1
emt_maintenance_louvain_1,MAP4K4
emt_maintenance_louvain_1,NCK2
emt_maintenance_louvain_1,NRAS
emt_maintenance_louvain_1,P3R3URF-PIK3R3
emt_maintenance_louvain_1,PAK1
emt_maintenance_louvain_1,PAK2
emt_maintenance_louvain_1,PDPK1
emt_maintenance_louvain_1,PIK3AP1
emt_maintenance_louvain_1,PIK3CA
emt_maintenance_louvain_1,PIK3CB
emt_maintenance_louvain_1,PIK3CD
emt_maintenance_louvain_1,PIK3R2
emt_maintenance_louvain_1,PIK3R3
emt_maintenance_louvain_1,PKN2
emt_maintenance_louvain_1,PKN3
emt_maintenance_louvain_1,RAC1
emt_maintenance_louvain_1,RAC2
emt_maintenance_louvain_1,RAC3
emt_maintenance_louvain_1,RAP1A
emt_maintenance_louvain_1,RAP1B
emt_maintenance_louvain_1,RAPGEF2
emt_maintenance_louvain_1,RASA1
emt_maintenance_louvain_1,RASA2
emt_maintenance_louvain_1,SOS2
emt_maintenance_louvain_1,SRC
emt_maintenance_louvain_1,SYK
emt_maintenance_louvain_1,TAOK3
emt_maintenance_louvain_1,ZAP70
emt_maintenance_louvain_2,ABI3
emt_maintenance_louvain_2,ARHGEF6
emt_maintenance_louvain_2,CHRM1
emt_maintenance_louvain_2,CHRM2
emt_maintenance_louvain_2,F2R
emt_maintenance_louvain_2,GNA12
emt_maintenance_louvain_2,GNB1
emt_maintenance_louvain_2,GNB2
emt_maintenance_louvain_2,GNB3
emt_maintenance_louvain_2,GNB4
emt_maintenance_louvain_2,GNB5
emt_maintenance_louvain_2,GNG10
emt_maintenance_louvain_2,GNG11
emt_maintenance_louvain_2,GNG12
emt_maintenance_louvain_2,GNG13
emt_maintenance_louvain_2,GNG2
emt_maintenance_louvain_2,GNG3
emt_maintenance_louvain_2,GNG4
emt_maintenance_louvain_2,GNG5
emt_maintenance_louvain_2,GNG7
emt_maintenance_louvain_2,GNG8
emt_maintenance_louvain_2,GNGT1
emt_maintenance_louvain_2,GNGT2
emt_maintenance_louvain_2,GRM2
emt_maintenance_louvain_2,JMJD7-PLA2G4B
emt_maintenance_louvain_2,LPAR1
emt_maintenance_louvain_2,LPAR2
emt_maintenance_louvain_2,LPAR3
emt_maintenance_louvain_2,LPAR4
emt_maintenance_louvain_2,LPAR5
emt_maintenance_louvain_2,LPAR6
emt_maintenance_louvain_2,MRAS
emt_maintenance_louvain_2,PIK3CG
emt_maintenance_louvain_2,PIK3R5
emt_maintenance_louvain_2,PIK3R6
emt_maintenance_louvain_2,PLA2G4A
emt_maintenance_louvain_2,PLA2G4B
emt_maintenance_louvain_2,PLA2G4C
emt_maintenance_louvain_2,PLA2G4D
emt_maintenance_louvain_2,PLA2G4E
emt_maintenance_louvain_2,PLA2G4F
emt_maintenance_louvain_2,PLCG1
emt_maintenance_louvain_2,PLCG2
emt_maintenance_louvain_2,PRKCA
emt_maintenance_louvain_2,PRKCB
emt_maintenance_louvain_2,PRKCG
emt_maintenance_louvain_2,RRAS
emt_maintenance_louvain_2,RRAS2
emt_maintenance_louvain_3,ARRB1
emt_maintenance_louvain_3,ARRB2
emt_maintenance_louvain_3,CACNG5
emt_maintenance_louvain_3,PDCD10
emt_maintenance_louvain_3,PPP2CA
emt_maintenance_louvain_3,PPP2CB
emt_maintenance_louvain_3,PPP2R1A
emt_maintenance_louvain_3,PPP2R1B
emt_maintenance_louvain_3,PPP2R2A
emt_maintenance_louvain_3,PPP2R2B
emt_maintenance_louvain_3,PPP2R2C
emt_maintenance_louvain_3,PPP2R2D
emt_maintenance_louvain_3,PPP2R3A
emt_maintenance_louvain_3,PPP2R3B
emt_maintenance_louvain_3,PPP2R3C
emt_maintenance_louvain_3,PPP2R5A
emt_maintenance_louvain_3,PPP2R5B
emt_maintenance_louvain_3,PPP2R5C
emt_maintenance_louvain_3,PPP2R5D
emt_maintenance_louvain_3,PPP2R5E
emt_maintenance_louvain_3,PPP3CA
emt_maintenance_louvain_3,PPP3CB
emt_maintenance_louvain_3,PPP3CC
emt_maintenance_louvain_3,PPP3R1
emt_maintenance_louvain_3,PPP3R2
emt_maintenance_louvain_3,STK24
emt_maintenance_louvain_3,STK25
emt_maintenance_louvain_3,STK26
emt_maintenance_louvain_3,STK3
emt_maintenance_louvain_4,ARAF
emt_maintenance_louvain_4,ATP1A2
emt_maintenance_louvain_4,ATP1A3
emt_maintenance_louvain_4,ATP1B1
emt_maintenance_louvain_4,BAD
emt_maintenance_louvain_4,BRAF
emt_maintenance_louvain_4,CDC25B
emt_maintenance_louvain_4,DUSP1
emt_maintenance_louvain_4,DUSP10
emt_maintenance_louvain_4,DUSP16
emt_maintenance_louvain_4,DUSP2
emt_maintenance_louvain_4,DUSP3
emt_maintenance_louvain_4,DUSP4
emt_maintenance_louvain_4,DUSP5
emt_maintenance_louvain_4,DUSP6
emt_maintenance_louvain_4,DUSP7
emt_maintenance_louvain_4,DUSP8
emt_maintenance_louvain_4,DUSP9
emt_maintenance_louvain_4,ELK1
emt_maintenance_louvain_4,ELK4
emt_maintenance_louvain_4,FOS
emt_maintenance_louvain_4,JUND
emt_maintenance_louvain_4,MAP2K1
emt_maintenance_louvain_4,MAP2K2
emt_maintenance_louvain_4,MAP2K5
emt_maintenance_louvain_4,MAP3K2
emt_maintenance_louvain_4,MAP3K21
emt_maintenance_louvain_4,MAP3K3
emt_maintenance_louvain_4,MAPK1
emt_maintenance_louvain_4,MAPK10
emt_maintenance_louvain_4,MAPK11
emt_maintenance_louvain_4,MAPK12
emt_maintenance_louvain_4,MAPK13
emt_maintenance_louvain_4,MAPK14
emt_maintenance_louvain_4,MAPK3
emt_maintenance_louvain_4,MAPK7
emt_maintenance_louvain_4,MAPK8
emt_maintenance_louvain_4,MAPK9
emt_maintenance_louvain_4,MAPKAPK2
emt_maintenance_louvain_4,MAPKAPK3
emt_maintenance_louvain_4,MAPKAPK5
emt_maintenance_louvain_4,MAX
emt_maintenance_louvain_4,MECOM
emt_maintenance_louvain_4,MEF2C
emt_maintenance_louvain_4,NF1
emt_maintenance_louvain_4,NFATC1
emt_maintenance_louvain_4,NFATC3
emt_maintenance_louvain_4,PKN1
emt_maintenance_louvain_4,PTPN5
emt_maintenance_louvain_4,PTPN7
emt_maintenance_louvain_4,PTPRR
emt_maintenance_louvain_4,RAF1
emt_maintenance_louvain_4,RPS6KA1
emt_maintenance_louvain_4,RPS6KA2
emt_maintenance_louvain_4,RPS6KA3
emt_maintenance_louvain_4,RPS6KA6
emt_maintenance_louvain_4,SRF
emt_maintenance_louvain_4,YWHAB
emt_maintenance_louvain_4,YWHAE
emt_maintenance_louvain_4,YWHAG
emt_maintenance_louvain_4,YWHAH
emt_maintenance_louvain_4,YWHAQ
emt_maintenance_louvain_4,YWHAZ
emt_maintenance_louvain_5,GADD45B
emt_maintenance_louvain_5,GADD45G
emt_maintenance_louvain_5,JUN
emt_maintenance_louvain_5,MAP2K3
emt_maintenance_louvain_5,MAP2K4
emt_maintenance_louvain_5,MAP2K6
emt_maintenance_louvain_5,MAP2K7
emt_maintenance_louvain_5,MAP3K1
emt_maintenance_louvain_5,MAP3K10
emt_maintenance_louvain_5,MAP3K11
emt_maintenance_louvain_5,MAP3K12
emt_maintenance_louvain_5,MAP3K13
emt_maintenance_louvain_5,MAP3K20
emt_maintenance_louvain_5,MAP3K4
emt_maintenance_louvain_5,MAP3K5
emt_maintenance_louvain_5,MAP3K6
emt_maintenance_louvain_5,MAP3K9
emt_maintenance_louvain_5,MAP4K2
emt_maintenance_louvain_5,MAPK8IP1
emt_maintenance_louvain_5,MAPK8IP2
emt_maintenance_louvain_5,MAPK8IP3
emt_maintenance_louvain_5,PPM1A
emt_maintenance_louvain_5,TAOK1
emt_maintenance_louvain_5,TAOK2
emt_maintenance_louvain_6,C8orf44-SGK3
emt_maintenance_louvain_6,DDIT4
emt_maintenance_louvain_6,EIF4B
emt_maintenance_louvain_6,EIF4E
emt_maintenance_louvain_6,EIF4E1B
emt_maintenance_louvain_6,EIF4E2
emt_maintenance_louvain_6,EIF4EBP1
emt_maintenance_louvain_6,FOXO3
emt_maintenance_louvain_6,LAMTOR3
emt_maintenance_louvain_6,MKNK1
emt_maintenance_louvain_6,MKNK2
emt_maintenance_louvain_6,MLST8
emt_maintenance_louvain_6,MTOR
emt_maintenance_louvain_6,PRKAA1
emt_maintenance_louvain_6,PRKAA2
emt_maintenance_louvain_6,RHEB
emt_maintenance_louvain_6,RPS6
emt_maintenance_louvain_6,RPS6KB1
emt_maintenance_louvain_6,RPS6KB2
emt_maintenance_louvain_6,RPTOR
emt_maintenance_louvain_6,SGK1
emt_maintenance_louvain_6,SGK2
emt_maintenance_louvain_6,STK11
emt_maintenance_louvain_6,STK4
emt_maintenance_louvain_6,TSC1
emt_maintenance_louvain_6,TSC2
emt_maintenance_louvain_7,ATF2
emt_maintenance_louvain_7,ATF4
emt_maintenance_louvain_7,ATF6B
emt_maintenance_louvain_7,CREB1
emt_maintenance_louvain_7,CREB3
emt_maintenance_louvain_7,CREB3L1
emt_maintenance_louvain_7,CREB3L2
emt_maintenance_louvain_7,CREB3L3
emt_maintenance_louvain_7,CREB3L4
emt_maintenance_louvain_7,CREB5
emt_maintenance_louvain_7,CREBBP
emt_maintenance_louvain_7,CRTC2
emt_maintenance_louvain_7,DDIT3
emt_maintenance_louvain_7,EP300
emt_maintenance_louvain_7,G6PC1
emt_maintenance_louvain_7,G6PC2
emt_maintenance_louvain_7,G6PC3
emt_maintenance_louvain_7,GSK3B
emt_maintenance_louvain_7,GYS1
emt_maintenance_louvain_7,GYS2
emt_maintenance_louvain_7,PCK1
emt_maintenance_louvain_7,PCK2
emt_maintenance_louvain_7,PRKACA
emt_maintenance_louvain_7,PRKACB
emt_maintenance_louvain_7,PRKACG
emt_maintenance_louvain_7,RPS6KA4
emt_maintenance_louvain_7,RPS6KA5
emt_maintenance_louvain_7,RXRA
emt_maintenance_louvain_8,ACTB
emt_maintenance_louvain_8,AKT1
emt_maintenance_louvain_8,AKT2
emt_maintenance_louvain_8,AKT3
emt_maintenance_louvain_8,ATM
emt_maintenance_louvain_8,BCL2
emt_maintenance_louvain_8,BCL2A1
emt_maintenance_louvain_8,BCL2L1
emt_maintenance_louvain_8,BCL2L11
emt_maintenance_louvain_8,BRCA1
emt_maintenance_louvain_8,CASP3
emt_maintenance_louvain_8,CASP9
emt_maintenance_louvain_8,CCND1
emt_maintenance_louvain_8,CCND2
emt_maintenance_louvain_8,CCND3
emt_maintenance_louvain_8,CCNE1
emt_maintenance_louvain_8,CCNE2
emt_maintenance_louvain_8,CDC37
emt_maintenance_louvain_8,CDK2
emt_maintenance_louvain_8,CDK4
emt_maintenance_louvain_8,CDK6
emt_maintenance_louvain_8,CDKN1A
emt_maintenance_louvain_8,CDKN1B
emt_maintenance_louvain_8,CSNK2A1
emt_maintenance_louvain_8,CSNK2A2
emt_maintenance_louvain_8,CSNK2A3
emt_maintenance_louvain_8,CSNK2B
emt_maintenance_louvain_8,CTNNB1
emt_maintenance_louvain_8,DAXX
emt_maintenance_louvain_8,GADD45A
emt_maintenance_louvain_8,HMGA2
emt_maintenance_louvain_8,HSP90AA1
emt_maintenance_louvain_8,HSP90AB1
emt_maintenance_louvain_8,HSP90B1
emt_maintenance_louvain_8,HSPA1A
emt_maintenance_louvain_8,HSPA1B
emt_maintenance_louvain_8,HSPA1L
emt_maintenance_louvain_8,HSPA6
emt_maintenance_louvain_8,HSPA8
emt_maintenance_louvain_8,HSPB1
emt_maintenance_louvain_8,LOC102723407
emt_maintenance_louvain_8,MAPT
emt_maintenance_louvain_8,MCL1
emt_maintenance_louvain_8,MDM2
emt_maintenance_louvain_8,MTCP1
emt_maintenance_louvain_8,MYB
emt_maintenance_louvain_8,MYC
emt_maintenance_louvain_8,NLK
emt_maintenance_louvain_8,NR4A1
emt_maintenance_louvain_8,PALB2
emt_maintenance_louvain_8,PARP1
emt_maintenance_louvain_8,PHLPP1
emt_maintenance_louvain_8,PHLPP2
emt_maintenance_louvain_8,PIAS1
emt_maintenance_louvain_8,PIAS4
emt_maintenance_louvain_8,PIM1
emt_maintenance_louvain_8,PPP1R13L
emt_maintenance_louvain_8,PPP5C
emt_maintenance_louvain_8,PTEN
emt_maintenance_louvain_8,RBL2
emt_maintenance_louvain_8,STMN1
emt_maintenance_louvain_8,TCL1A
emt_maintenance_louvain_8,TCL1B
emt_maintenance_louvain_8,THEM4
emt_maintenance_louvain_8,TP53
emt_maintenance_louvain_8,UBE2I
emt_maintenance_louvain_8,VCP
emt_maintenance_louvain_9,CHAD
emt_maintenance_louvain_9,COL1A1
emt_maintenance_louvain_9,COL1A2
emt_maintenance_louvain_9,COL2A1
emt_maintenance_louvain_9,COL4A1
emt_maintenance_louvain_9,COL4A2
emt_maintenance_louvain_9,COL4A3
emt_maintenance_louvain_9,COL4A4
emt_maintenance_louvain_9,COL4A5
emt_maintenance_louvain_9,COL4A6
emt_maintenance_louvain_9,COL6A1
emt_maintenance_louvain_9,COL6A2
emt_maintenance_louvain_9,COL6A3
emt_maintenance_louvain_9,COL6A5
emt_maintenance_louvain_9,COL6A6
emt_maintenance_louvain_9,COL9A1
emt_maintenance_louvain_9,COL9A2
emt_maintenance_louvain_9,COL9A3
emt_maintenance_louvain_9,COMP
emt_maintenance_louvain_9,DMP1
emt_maintenance_louvain_9,DSPP
emt_maintenance_louvain_9,FBN1
emt_maintenance_louvain_9,FRAS1
emt_maintenance_louvain_9,FREM1
emt_maintenance_louvain_9,FREM2
emt_maintenance_louvain_9,IBSP
emt_maintenance_louvain_9,ITGA1
emt_maintenance_louvain_9,ITGA10
emt_maintenance_louvain_9,ITGA11
emt_maintenance_louvain_9,ITGA2
emt_maintenance_louvain_9,ITGA3
emt_maintenance_louvain_9,ITGA5
emt_maintenance_louvain_9,ITGA6
emt_maintenance_louvain_9,ITGA7
emt_maintenance_louvain_9,ITGA8
emt_maintenance_louvain_9,ITGA9
emt_maintenance_louvain_9,ITGAV
emt_maintenance_louvain_9,ITGB1
emt_maintenance_louvain_9,ITGB4
emt_maintenance_louvain_9,ITGB6
emt_maintenance_louvain_9,ITGB7
emt_maintenance_louvain_9,ITGB8
emt_maintenance_louvain_9,LAMA1
emt_maintenance_louvain_9,LAMA2
emt_maintenance_louvain_9,LAMA3
emt_maintenance_louvain_9,LAMA4
emt_maintenance_louvain_9,LAMA5
emt_maintenance_louvain_9,LAMB1
emt_maintenance_louvain_9,LAMB2
emt_maintenance_louvain_9,LAMB3
emt_maintenance_louvain_9,LAMB4
emt_maintenance_louvain_9,LAMC1
emt_maintenance_louvain_9,LAMC2
emt_maintenance_louvain_9,LAMC3
emt_maintenance_louvain_9,NPNT
emt_maintenance_louvain_9,PLAU
emt_maintenance_louvain_9,PTK2
emt_maintenance_louvain_9,RELN
emt_maintenance_louvain_9,SPP1
emt_maintenance_louvain_9,THBS1
emt_maintenance_louvain_9,THBS2
emt_maintenance_louvain_9,THBS3
emt_maintenance_louvain_9,THBS4
emt_maintenance_louvain_9,TNC
emt_maintenance_louvain_9,TNN
emt_maintenance_louvain_9,TNR
emt_maintenance_louvain_9,TNXB
emt_maintenance_louvain_10,ACTG1
emt_maintenance_louvain_10,ACTN1
emt_maintenance_louvain_10,ACTN4
emt_maintenance_louvain_10,FERMT1
emt_maintenance_louvain_10,FERMT2
emt_maintenance_louvain_10,FERMT3
emt_maintenance_louvain_10,FLNA
emt_maintenance_louvain_10,FLNB
emt_maintenance_louvain_10,ILK
emt_maintenance_louvain_10,ITGB3
emt_maintenance_louvain_10,ITGB5
emt_maintenance_louvain_10,LIMS1
emt_maintenance_louvain_10,LIMS2
emt_maintenance_louvain_10,PARVA
emt_maintenance_louvain_10,PARVB
emt_maintenance_louvain_10,PARVG
emt_maintenance_louvain_10,PXN
emt_maintenance_louvain_10,TLN1
emt_maintenance_louvain_10,TLN2
emt_maintenance_louvain_10,VCL
emt_maintenance_louvain_11,C3
emt_maintenance_louvain_11,CRK
emt_maintenance_louvain_11,CRKL
emt_maintenance_louvain_11,FGA
emt_maintenance_louvain_11,FGB
emt_maintenance_louvain_11,FGG
emt_maintenance_louvain_11,FN1
emt_maintenance_louvain_11,ICAM1
emt_maintenance_louvain_11,ICAM2
emt_maintenance_louvain_11,ICAM3
emt_maintenance_louvain_11,ICAM4
emt_maintenance_louvain_11,ITGA2B
emt_maintenance_louvain_11,ITGA4
emt_maintenance_louvain_11,ITGAD
emt_maintenance_louvain_11,ITGAE
emt_maintenance_louvain_11,ITGAL
emt_maintenance_louvain_11,ITGAM
emt_maintenance_louvain_11,ITGAX
emt_maintenance_louvain_11,ITGB2
emt_maintenance_louvain_11,MADCAM1
emt_maintenance_louvain_11,VCAM1
emt_maintenance_louvain_11,VTN
emt_maintenance_louvain_11,VWF
emt_maintenance_louvain_12,ANGPT1
emt_maintenance_louvain_12,ANGPT2
emt_maintenance_louvain_12,ANGPT4
emt_maintenance_louvain_12,ARTN
emt_maintenance_louvain_12,BDNF
emt_maintenance_louvain_12,FGF9
emt_maintenance_louvain_12,FLT1
emt_maintenance_louvain_12,FLT4
emt_maintenance_louvain_12,GDNF
emt_maintenance_louvain_12,GRB2
emt_maintenance_louvain_12,IRS1
emt_maintenance_louvain_12,KDR
emt_maintenance_louvain_12,MAP4K3
emt_maintenance_louvain_12,NGF
emt_maintenance_louvain_12,NOS3
emt_maintenance_louvain_12,NRTN
emt_maintenance_louvain_12,NTF3
emt_maintenance_louvain_12,NTF4
emt_maintenance_louvain_12,NTRK1
emt_maintenance_louvain_12,NTRK2
emt_maintenance_louvain_12,PGF
emt_maintenance_louvain_12,PIK3R1
emt_maintenance_louvain_12,PSPN
emt_maintenance_louvain_12,PTPN11
emt_maintenance_louvain_12,RET
emt_maintenance_louvain_12,SOS1
emt_maintenance_louvain_12,TEK
emt_maintenance_louvain_12,VEGFB
emt_maintenance_louvain_12,VEGFC
emt_maintenance_louvain_12,VEGFD
emt_maintenance_louvain_13,AOX1
emt_maintenance_louvain_13,AREG
emt_maintenance_louvain_13,CDH1
emt_maintenance_louvain_13,CSF1
emt_maintenance_louvain_13,CSF1R
emt_maintenance_louvain_13,CXCL12
emt_maintenance_louvain_13,EFNA1
emt_maintenance_louvain_13,EFNA2
emt_maintenance_louvain_13,EFNA3
emt_maintenance_louvain_13,EFNA4
emt_maintenance_louvain_13,EFNA4-EFNA3
emt_maintenance_louvain_13,EFNA5
emt_maintenance_louvain_13,EGF
emt_maintenance_louvain_13,EGFR
emt_maintenance_louvain_13,EPHA2
emt_maintenance_louvain_13,ERBB2
emt_maintenance_louvain_13,ERBB3
emt_maintenance_louvain_13,ERBB4
emt_maintenance_louvain_13,EREG
emt_maintenance_louvain_13,FGF1
emt_maintenance_louvain_13,FGF10
emt_maintenance_louvain_13,FGF16
emt_maintenance_louvain_13,FGF17
emt_maintenance_louvain_13,FGF18
emt_maintenance_louvain_13,FGF19
emt_maintenance_louvain_13,FGF2
emt_maintenance_louvain_13,FGF20
emt_maintenance_louvain_13,FGF21
emt_maintenance_louvain_13,FGF22
emt_maintenance_louvain_13,FGF23
emt_maintenance_louvain_13,FGF3
emt_maintenance_louvain_13,FGF4
emt_maintenance_louvain_13,FGF5
emt_maintenance_louvain_13,FGF6
emt_maintenance_louvain_13,FGF7
emt_maintenance_louvain_13,FGF8
emt_maintenance_louvain_13,FGFR1
emt_maintenance_louvain_13,FGFR2
emt_maintenance_louvain_13,FGFR3
emt_maintenance_louvain_13,FGFR4
emt_maintenance_louvain_13,FLT3
emt_maintenance_louvain_13,FLT3LG
emt_maintenance_louvain_13,GFAP
emt_maintenance_louvain_13,HGF
emt_maintenance_louvain_13,IGF1
emt_maintenance_louvain_13,IGF1R
emt_maintenance_louvain_13,IGF2
emt_maintenance_louvain_13,INS
emt_maintenance_louvain_13,INSR
emt_maintenance_louvain_13,KIT
emt_maintenance_louvain_13,KITLG
emt_maintenance_louvain_13,MET
emt_maintenance_louvain_13,NGFR
emt_maintenance_louvain_13,NNMT
emt_maintenance_louvain_13,PDGFA
emt_maintenance_louvain_13,PDGFB
emt_maintenance_louvain_13,PDGFC
emt_maintenance_louvain_13,PDGFD
emt_maintenance_louvain_13,PDGFRA
emt_maintenance_louvain_13,PDGFRB
emt_maintenance_louvain_13,PTGS2
emt_maintenance_louvain_13,STAM
emt_maintenance_louvain_13,STAM2
emt_maintenance_louvain_13,TGFA
emt_maintenance_louvain_13,TGFB1
emt_maintenance_louvain_13,TGFB2
emt_maintenance_louvain_13,TGFB3
emt_maintenance_louvain_13,TGFBR1
emt_maintenance_louvain_13,TGFBR2
emt_maintenance_louvain_13,VEGFA
emt_maintenance_louvain_14,BCL10
emt_maintenance_louvain_14,BIRC2
emt_maintenance_louvain_14,BIRC3
emt_maintenance_louvain_14,CARD10
emt_maintenance_louvain_14,CARD11
emt_maintenance_louvain_14,CARD14
emt_maintenance_louvain_14,CD14
emt_maintenance_louvain_14,CD40
emt_maintenance_louvain_14,CD40LG
emt_maintenance_louvain_14,CFLAR
emt_maintenance_louvain_14,CHUK
emt_maintenance_louvain_14,CYLD
emt_maintenance_louvain_14,ECSIT
emt_maintenance_louvain_14,EDA
emt_maintenance_louvain_14,EDA2R
emt_maintenance_louvain_14,EDAR
emt_maintenance_louvain_14,EDARADD
emt_maintenance_louvain_14,ERC1
emt_maintenance_louvain_14,FAS
emt_maintenance_louvain_14,FASLG
emt_maintenance_louvain_14,GHITM
emt_maintenance_louvain_14,IKBKB
emt_maintenance_louvain_14,IKBKG
emt_maintenance_louvain_14,IL1RAP
emt_maintenance_louvain_14,IRAK1
emt_maintenance_louvain_14,IRAK4
emt_maintenance_louvain_14,LBP
emt_maintenance_louvain_14,LTA
emt_maintenance_louvain_14,LTB
emt_maintenance_louvain_14,LTBR
emt_maintenance_louvain_14,LY96
emt_maintenance_louvain_14,MALT1
emt_maintenance_louvain_14,MAP3K14
emt_maintenance_louvain_14,MAP3K7
emt_maintenance_louvain_14,MAP3K8
emt_maintenance_louvain_14,MYD88
emt_maintenance_louvain_14,NFKB1
emt_maintenance_louvain_14,NFKB2
emt_maintenance_louvain_14,NFKBIA
emt_maintenance_louvain_14,PIDD1
emt_maintenance_louvain_14,PPM1B
emt_maintenance_louvain_14,PRKCQ
emt_maintenance_louvain_14,RELA
emt_maintenance_louvain_14,RELB
emt_maintenance_louvain_14,RIGI
emt_maintenance_louvain_14,RIPK1
emt_maintenance_louvain_14,TAB1
emt_maintenance_louvain_14,TAB2
emt_maintenance_louvain_14,TAB3
emt_maintenance_louvain_14,TICAM1
emt_maintenance_louvain_14,TICAM2
emt_maintenance_louvain_14,TIRAP
emt_maintenance_louvain_14,TLR2
emt_maintenance_louvain_14,TLR4
emt_maintenance_louvain_14,TNF
emt_maintenance_louvain_14,TNFAIP3
emt_maintenance_louvain_14,TNFRSF11A
emt_maintenance_louvain_14,TNFRSF13C
emt_maintenance_louvain_14,TNFRSF1A
emt_maintenance_louvain_14,TNFSF11
emt_maintenance_louvain_14,TNFSF13B
emt_maintenance_louvain_14,TNFSF14
emt_maintenance_louvain_14,TRADD
emt_maintenance_louvain_14,TRAF1
emt_maintenance_louvain_14,TRAF2
emt_maintenance_louvain_14,TRAF3
emt_maintenance_louvain_14,TRAF5
emt_maintenance_louvain_14,TRAF6
emt_maintenance_louvain_14,TRIM25
emt_maintenance_louvain_14,XIAP
emt_maintenance_louvain_15,CISH
emt_maintenance_louvain_15,FHL1
emt_maintenance_louvain_15,JAK1
emt_maintenance_louvain_15,JAK2
emt_maintenance_louvain_15,JAK3
emt_maintenance_louvain_15,PIAS2
emt_maintenance_louvain_15,PIAS3
emt_maintenance_louvain_15,PTPN2
emt_maintenance_louvain_15,PTPN6
emt_maintenance_louvain_15,SOCS1
emt_maintenance_louvain_15,SOCS2
emt_maintenance_louvain_15,SOCS3
emt_maintenance_louvain_15,SOCS4
emt_maintenance_louvain_15,SOCS5
emt_maintenance_louvain_15,SOCS6
emt_maintenance_louvain_15,SOCS7
emt_maintenance_louvain_15,STAT1
emt_maintenance_louvain_15,STAT2
emt_maintenance_louvain_15,STAT3
emt_maintenance_louvain_15,STAT4
emt_maintenance_louvain_15,STAT5A
emt_maintenance_louvain_15,STAT5B
emt_maintenance_louvain_15,STAT6
emt_maintenance_louvain_15,TYK2
emt_maintenance_louvain_16,IFNA1
emt_maintenance_louvain_16,IFNA10
emt_maintenance_louvain_16,IFNA13
emt_maintenance_louvain_16,IFNA14
emt_maintenance_louvain_16,IFNA16
emt_maintenance_louvain_16,IFNA17
emt_maintenance_louvain_16,IFNA2
emt_maintenance_louvain_16,IFNA21
emt_maintenance_louvain_16,IFNA4
emt_maintenance_louvain_16,IFNA5
emt_maintenance_louvain_16,IFNA6
emt_maintenance_louvain_16,IFNA7
emt_maintenance_louvain_16,IFNA8
emt_maintenance_louvain_16,IFNAR1
emt_maintenance_louvain_16,IFNAR2
emt_maintenance_louvain_16,IFNB1
emt_maintenance_louvain_16,IFNE
emt_maintenance_louvain_16,IFNGR1
emt_maintenance_louvain_16,IFNGR2
emt_maintenance_louvain_16,IFNK
emt_maintenance_louvain_16,IFNL1
emt_maintenance_louvain_16,IFNL2
emt_maintenance_louvain_16,IFNL3
emt_maintenance_louvain_16,IFNLR1
emt_maintenance_louvain_16,IFNW1
emt_maintenance_louvain_16,IL10RA
emt_maintenance_louvain_16,IL10RB
emt_maintenance_louvain_16,IL19
emt_maintenance_louvain_16,IL20
emt_maintenance_louvain_16,IL20RA
emt_maintenance_louvain_16,IL20RB
emt_maintenance_louvain_16,IL22
emt_maintenance_louvain_16,IL22RA1
emt_maintenance_louvain_16,IL22RA2
emt_maintenance_louvain_16,IL24
emt_maintenance_louvain_16,IL26
emt_maintenance_louvain_16,IRF9
emt_maintenance_louvain_17,CCL13
emt_maintenance_louvain_17,CCL19
emt_maintenance_louvain_17,CCL21
emt_maintenance_louvain_17,CCL4
emt_maintenance_louvain_17,CCL4L1
emt_maintenance_louvain_17,CD19
emt_maintenance_louvain_17,CLCF1
emt_maintenance_louvain_17,CNTF
emt_maintenance_louvain_17,CNTFR
emt_maintenance_louvain_17,CRLF2
emt_maintenance_louvain_17,CSF2
emt_maintenance_louvain_17,CSF2RA
emt_maintenance_louvain_17,CSF2RB
emt_maintenance_louvain_17,CSF3
emt_maintenance_louvain_17,CSF3R
emt_maintenance_louvain_17,CSH1
emt_maintenance_louvain_17,CSH2
emt_maintenance_louvain_17,CSHL1
emt_maintenance_louvain_17,CTF1
emt_maintenance_louvain_17,CXCL1
emt_maintenance_louvain_17,CXCL2
emt_maintenance_louvain_17,CXCL3
emt_maintenance_louvain_17,CXCL8
emt_maintenance_louvain_17,EPO
emt_maintenance_louvain_17,EPOR
emt_maintenance_louvain_17,GH1
emt_maintenance_louvain_17,GH2
emt_maintenance_louvain_17,GHR
emt_maintenance_louvain_17,IFNG
emt_maintenance_louvain_17,IL10
emt_maintenance_louvain_17,IL11
emt_maintenance_louvain_17,IL11RA
emt_maintenance_louvain_17,IL12A
emt_maintenance_louvain_17,IL12B
emt_maintenance_louvain_17,IL12RB1
emt_maintenance_louvain_17,IL12RB2
emt_maintenance_louvain_17,IL13
emt_maintenance_louvain_17,IL13RA1
emt_maintenance_louvain_17,IL13RA2
emt_maintenance_louvain_17,IL15
emt_maintenance_louvain_17,IL15RA
emt_maintenance_louvain_17,IL1A
emt_maintenance_louvain_17,IL1B
emt_maintenance_louvain_17,IL1R1
emt_maintenance_louvain_17,IL2
emt_maintenance_louvain_17,IL21
emt_maintenance_louvain_17,IL21R
emt_maintenance_louvain_17,IL23A
emt_maintenance_louvain_17,IL23R
emt_maintenance_louvain_17,IL27
emt_maintenance_louvain_17,IL27RA
emt_maintenance_louvain_17,IL2RA
emt_maintenance_louvain_17,IL2RB
emt_maintenance_louvain_17,IL2RG
emt_maintenance_louvain_17,IL3
emt_maintenance_louvain_17,IL31
emt_maintenance_louvain_17,IL31RA
emt_maintenance_louvain_17,IL3RA
emt_maintenance_louvain_17,IL4
emt_maintenance_louvain_17,IL4R
emt_maintenance_louvain_17,IL5
emt_maintenance_louvain_17,IL5RA
emt_maintenance_louvain_17,IL6
emt_maintenance_louvain_17,IL6R
emt_maintenance_louvain_17,IL6ST
emt_maintenance_louvain_17,IL7
emt_maintenance_louvain_17,IL7R
emt_maintenance_louvain_17,IL9
emt_maintenance_louvain_17,IL9R
emt_maintenance_louvain_17,LEP
emt_maintenance_louvain_17,LEPR
emt_maintenance_louvain_17,LIF
emt_maintenance_louvain_17,LIFR
emt_maintenance_louvain_17,MPL
emt_maintenance_louvain_17,OSM
emt_maintenance_louvain_17,OSMR
emt_maintenance_louvain_17,PRL
emt_maintenance_louvain_17,PRLR
emt_maintenance_louvain_17,THPO
emt_maintenance_louvain_17,TSLP
epithelial_markers_louvain_0,ACTB
epithelial_markers_louvain_0,ACVR2A
epithelial_markers_louvain_0,CEP170
epithelial_markers_louvain_0,CORO2A
epithelial_markers_louvain_0,CSF3
epithelial_markers_louvain_0,CYB561
epithelial_markers_louvain_0,CYBB
epithelial_markers_louvain_0,DCN
epithelial_markers_louvain_0,DHCR24
epithelial_markers_louvain_0,DSPP
epithelial_markers_louvain_0,EGFR
epithelial_markers_louvain_0,EPB41L4B
epithelial_markers_louvain_0,FAM174B
epithelial_markers_louvain_0,HDHD3
epithelial_markers_louvain_0,IL20RA
epithelial_markers_louvain_0,INAVA
epithelial_markers_louvain_0,LRP6
epithelial_markers_louvain_0,MANSC1
epithelial_markers_louvain_0,MAP7
epithelial_markers_louvain_0,MAPK1
epithelial_markers_louvain_0,MAPK13
epithelial_markers_louvain_0,MDM2
epithelial_markers_louvain_0,NT5E
epithelial_markers_louvain_0,PTPRF
epithelial_markers_louvain_0,RGMA
epithelial_markers_louvain_0,RSPO4
epithelial_markers_louvain_0,RXRA
epithelial_markers_louvain_0,THBS1
epithelial_markers_louvain_0,TOM1L1
epithelial_markers_louvain_0,TUFT1
epithelial_markers_louvain_0,YWHAE
epithelial_markers_louvain_1,ABCC3
epithelial_markers_louvain_1,ABHD11
epithelial_markers_louvain_1,AGR2
epithelial_markers_louvain_1,AKR1B10
epithelial_markers_louvain_1,ARHGAP32
epithelial_markers_louvain_1,ARHGAP8
epithelial_markers_louvain_1,AZGP1
epithelial_markers_louvain_1,BIK
epithelial_markers_louvain_1,CD24
epithelial_markers_louvain_1,CDS1
epithelial_markers_louvain_1,CEACAM1
epithelial_markers_louvain_1,CEACAM5
epithelial_markers_louvain_1,CEACAM6
epithelial_markers_louvain_1,CEACAM7
epithelial_markers_louvain_1,EHF
epithelial_markers_louvain_1,ELF3
epithelial_markers_louvain_1,EPCAM
epithelial_markers_louvain_1,FAS
epithelial_markers_louvain_1,FUT2
epithelial_markers_louvain_1,FUT3
epithelial_markers_louvain_1,GALE
epithelial_markers_louvain_1,GALNT3
epithelial_markers_louvain_1,GALNT7
epithelial_markers_louvain_1,GMDS
epithelial_markers_louvain_1,HSP90AA1
epithelial_markers_louvain_1,HSPA5
epithelial_markers_louvain_1,KRT18
epithelial_markers_louvain_1,KRT19
epithelial_markers_louvain_1,KRT7
epithelial_markers_louvain_1,KRT8
epithelial_markers_louvain_1,MUC1
epithelial_markers_louvain_1,NQO1
epithelial_markers_louvain_1,PALB2
epithelial_markers_louvain_1,PHLDA2
epithelial_markers_louvain_1,PLPP2
epithelial_markers_louvain_1,PSCA
epithelial_markers_louvain_1,RHOA
epithelial_markers_louvain_1,RNF128
epithelial_markers_louvain_1,SLC22A18
epithelial_markers_louvain_1,SORD
epithelial_markers_louvain_1,SPAG1
epithelial_markers_louvain_1,SPDEF
epithelial_markers_louvain_1,TACSTD2
epithelial_markers_louvain_1,TFF1
epithelial_markers_louvain_1,TFF3
epithelial_markers_louvain_1,TOX3
epithelial_markers_louvain_1,TSPAN8
epithelial_markers_louvain_1,YWHAB
epithelial_markers_louvain_1,YWHAZ
epithelial_markers_louvain_2,ADGRG1
epithelial_markers_louvain_2,AP1M2
epithelial_markers_louvain_2,ARRB1
epithelial_markers_louvain_2,ATP2C2
epithelial_markers_louvain_2,BCAS1
epithelial_markers_louvain_2,BSPRY
epithelial_markers_louvain_2,CD2AP
epithelial_markers_louvain_2,CDH1
epithelial_markers_louvain_2,CKMT1A
epithelial_markers_louvain_2,CLDN3
epithelial_markers_louvain_2,CLDN4
epithelial_markers_louvain_2,CLDN7
epithelial_markers_louvain_2,CXADR
epithelial_markers_louvain_2,DSG2
epithelial_markers_louvain_2,DSP
epithelial_markers_louvain_2,ELMO3
epithelial_markers_louvain_2,EPS8L1
epithelial_markers_louvain_2,ESRP1
epithelial_markers_louvain_2,ESRP2
epithelial_markers_louvain_2,EXPH5
epithelial_markers_louvain_2,F11R
epithelial_markers_louvain_2,FA2H
epithelial_markers_louvain_2,FLNA
epithelial_markers_louvain_2,FXYD3
epithelial_markers_louvain_2,GPRC5A
epithelial_markers_louvain_2,GRHL2
epithelial_markers_louvain_2,GRM2
epithelial_markers_louvain_2,IRF6
epithelial_markers_louvain_2,JUP
epithelial_markers_louvain_2,LAD1
epithelial_markers_louvain_2,LLGL2
epithelial_markers_louvain_2,LRRC1
epithelial_markers_louvain_2,LSR
epithelial_markers_louvain_2,LUM
epithelial_markers_louvain_2,MLPH
epithelial_markers_louvain_2,MPZL2
epithelial_markers_louvain_2,MYO5C
epithelial_markers_louvain_2,MYO6
epithelial_markers_louvain_2,OCLN
epithelial_markers_louvain_2,OVOL2
epithelial_markers_louvain_2,PERP
epithelial_markers_louvain_2,PKP1
epithelial_markers_louvain_2,PKP3
epithelial_markers_louvain_2,PLLP
epithelial_markers_louvain_2,POF1B
epithelial_markers_louvain_2,PPL
epithelial_markers_louvain_2,PPP2R2C
epithelial_markers_louvain_2,PRR15L
epithelial_markers_louvain_2,PRSS8
epithelial_markers_louvain_2,RAB25
epithelial_markers_louvain_2,RBM47
epithelial_markers_louvain_2,S100A14
epithelial_markers_louvain_2,S100P
epithelial_markers_louvain_2,SCNN1A
epithelial_markers_louvain_2,SH3YL1
epithelial_markers_louvain_2,SLC35A3
epithelial_markers_louvain_2,SLC35B4
epithelial_markers_louvain_2,SOS1
epithelial_markers_louvain_2,SPINT1
epithelial_markers_louvain_2,SPINT2
epithelial_markers_louvain_2,ST14
epithelial_markers_louvain_2,SYNGR2
epithelial_markers_louvain_2,TAB1
epithelial_markers_louvain_2,TJP2
epithelial_markers_louvain_2,TJP3
epithelial_markers_louvain_2,TMEM30B
epithelial_markers_louvain_2,TMPRSS2
epithelial_markers_louvain_2,TMPRSS4
epithelial_markers_louvain_2,TPD52
epithelial_markers_louvain_2,TRPM4
epithelial_markers_louvain_2,VAMP8
epithelial_markers_louvain_3,C4orf19
epithelial_markers_louvain_3,CBLC
epithelial_markers_louvain_3,DDR1
epithelial_markers_louvain_3,EPN3
epithelial_markers_louvain_3,EPS8L2
epithelial_markers_louvain_3,ERBB2
epithelial_markers_louvain_3,ERBB3
epithelial_markers_louvain_3,EZR
epithelial_markers_louvain_3,FGFR3
epithelial_markers_louvain_3,GDF15
epithelial_markers_louvain_3,MISP
epithelial_markers_louvain_3,MST1R
epithelial_markers_louvain_3,PLS1
epithelial_markers_louvain_3,PTK6
epithelial_markers_louvain_3,RAB11FIP1
epithelial_markers_louvain_3,SDC4
epithelial_markers_louvain_3,SLC44A4
epithelial_markers_louvain_3,STAP2
epithelial_markers_louvain_3,STK26
epithelial_markers_louvain_3,STYK1
epithelial_markers_louvain_3,TOB1
epithelial_markers_louvain_3,TSPAN1
epithelial_markers_louvain_3,VAV3
mesenchymal_markers_louvain_0,ACTA2
mesenchymal_markers_louvain_0,AKAP12
mesenchymal_markers_louvain_0,ANXA2
mesenchymal_markers_louvain_0,AP1S2
mesenchymal_markers_louvain_0,ARRB1
mesenchymal_markers_louvain_0,BASP1
mesenchymal_markers_louvain_0,CALD1
mesenchymal_markers_louvain_0,CAP2
mesenchymal_markers_louvain_0,CAPG
mesenchymal_markers_louvain_0,CAVIN1
mesenchymal_markers_louvain_0,CEP170
mesenchymal_markers_louvain_0,CHN1
mesenchymal_markers_louvain_0,CRYAB
mesenchymal_markers_louvain_0,CSRP2
mesenchymal_markers_louvain_0,CTNNB1
mesenchymal_markers_louvain_0,EGFR
mesenchymal_markers_louvain_0,FHL1
mesenchymal_markers_louvain_0,FLNA
mesenchymal_markers_louvain_0,GAPDH
mesenchymal_markers_louvain_0,GEM
mesenchymal_markers_louvain_0,GFAP
mesenchymal_markers_louvain_0,GFPT2
mesenchymal_markers_louvain_0,GPM6B
mesenchymal_markers_louvain_0,GUCY1B1
mesenchymal_markers_louvain_0,HEG1
mesenchymal_markers_louvain_0,IFFO1
mesenchymal_markers_louvain_0,MCM7
mesenchymal_markers_louvain_0,MYH10
mesenchymal_markers_louvain_0,MYL9
mesenchymal_markers_louvain_0,MYLK
mesenchymal_markers_louvain_0,NNMT
mesenchymal_markers_louvain_0,PFN2
mesenchymal_markers_louvain_0,PMEPA1
mesenchymal_markers_louvain_0,RHOA
mesenchymal_markers_louvain_0,RHOB
mesenchymal_markers_louvain_0,SACS
mesenchymal_markers_louvain_0,SAT1
mesenchymal_markers_louvain_0,SEPTIN6
mesenchymal_markers_louvain_0,SGCB
mesenchymal_markers_louvain_0,SGCD
mesenchymal_markers_louvain_0,SGCG
mesenchymal_markers_louvain_0,SLC6A8
mesenchymal_markers_louvain_0,SMAD2
mesenchymal_markers_louvain_0,SNTB1
mesenchymal_markers_louvain_0,SYNM
mesenchymal_markers_louvain_0,TAGLN
mesenchymal_markers_louvain_0,TP53
mesenchymal_markers_louvain_0,TPM1
mesenchymal_markers_louvain_0,TPM2
mesenchymal_markers_louvain_0,TPM4
mesenchymal_markers_louvain_0,YWHAB
mesenchymal_markers_louvain_0,YWHAE
mesenchymal_markers_louvain_1,ANGPTL2
mesenchymal_markers_louvain_1,ANK2
mesenchymal_markers_louvain_1,COMP
mesenchymal_markers_louvain_1,COPA
mesenchymal_markers_louvain_1,CRLF1
mesenchymal_markers_louvain_1,DPYSL3
mesenchymal_markers_louvain_1,DST
mesenchymal_markers_louvain_1,DTNA
mesenchymal_markers_louvain_1,EDIL3
mesenchymal_markers_louvain_1,FERMT2
mesenchymal_markers_louvain_1,FLRT2
mesenchymal_markers_louvain_1,FN1
mesenchymal_markers_louvain_1,ITGA2
mesenchymal_markers_louvain_1,ITGA5
mesenchymal_markers_louvain_1,ITGAV
mesenchymal_markers_louvain_1,ITGB1
mesenchymal_markers_louvain_1,ITGB3
mesenchymal_markers_louvain_1,ITGB5
mesenchymal_markers_louvain_1,JAM2
mesenchymal_markers_louvain_1,JAM3
mesenchymal_markers_louvain_1,LAMA1
mesenchymal_markers_louvain_1,LAMA2
mesenchymal_markers_louvain_1,LAMA3
mesenchymal_markers_louvain_1,LAMC1
mesenchymal_markers_louvain_1,LAMC2
mesenchymal_markers_louvain_1,LGALS1
mesenchymal_markers_louvain_1,MAGEE1
mesenchymal_markers_louvain_1,MAP1B
mesenchymal_markers_louvain_1,PDLIM4
mesenchymal_markers_louvain_1,QSOX1
mesenchymal_markers_louvain_1,SYNE1
mesenchymal_markers_louvain_1,SYNE3
mesenchymal_markers_louvain_1,TGM2
mesenchymal_markers_louvain_1,TNC
mesenchymal_markers_louvain_1,TNS1
mesenchymal_markers_louvain_2,AKT3
mesenchymal_markers_louvain_2,BDNF
mesenchymal_markers_louvain_2,CAV1
mesenchymal_markers_louvain_2,CDK14
mesenchymal_markers_louvain_2,CLIC4
mesenchymal_markers_louvain_2,FAS
mesenchymal_markers_louvain_2,FYN
mesenchymal_markers_louvain_2,GLYR1
mesenchymal_markers_louvain_2,GNG11
mesenchymal_markers_louvain_2,GPX7
mesenchymal_markers_louvain_2,JUN
mesenchymal_markers_louvain_2,MAF
mesenchymal_markers_louvain_2,MAFB
mesenchymal_markers_louvain_2,MAPK1
mesenchymal_markers_louvain_2,MEOX2
mesenchymal_markers_louvain_2,NAP1L3
mesenchymal_markers_louvain_2,NR3C1
mesenchymal_markers_louvain_2,OXTR
mesenchymal_markers_louvain_2,PLEKHO1
mesenchymal_markers_louvain_2,PLXNC1
mesenchymal_markers_louvain_2,RGS2
mesenchymal_markers_louvain_2,RGS4
mesenchymal_markers_louvain_2,RPS6
mesenchymal_markers_louvain_2,SCG2
mesenchymal_markers_louvain_2,STAT3
mesenchymal_markers_louvain_2,TRPC1
mesenchymal_markers_louvain_2,VEGFA
mesenchymal_markers_louvain_3,ANPEP
mesenchymal_markers_louvain_3,AREG
mesenchymal_markers_louvain_3,AXL
mesenchymal_markers_louvain_3,BICC1
mesenchymal_markers_louvain_3,C1R
mesenchymal_markers_louvain_3,C1S
mesenchymal_markers_louvain_3,CADM1
mesenchymal_markers_louvain_3,CCN1
mesenchymal_markers_louvain_3,CCN2
mesenchymal_markers_louvain_3,CD44
mesenchymal_markers_louvain_3,CD59
mesenchymal_markers_louvain_3,CEACAM5
mesenchymal_markers_louvain_3,CLEC2B
mesenchymal_markers_louvain_3,COLEC12
mesenchymal_markers_louvain_3,ENO2
mesenchymal_markers_louvain_3,ENPP2
mesenchymal_markers_louvain_3,EVI2A
mesenchymal_markers_louvain_3,FGF2
mesenchymal_markers_louvain_3,GADD45A
mesenchymal_markers_louvain_3,GADD45B
mesenchymal_markers_louvain_3,GLIPR1
mesenchymal_markers_louvain_3,GPC1
mesenchymal_markers_louvain_3,HMGA2
mesenchymal_markers_louvain_3,ICAM1
mesenchymal_markers_louvain_3,IGF1
mesenchymal_markers_louvain_3,IGF1R
mesenchymal_markers_louvain_3,IGFBP2
mesenchymal_markers_louvain_3,IGFBP3
mesenchymal_markers_louvain_3,IGFBP4
mesenchymal_markers_louvain_3,IGFBP5
mesenchymal_markers_louvain_3,IL6
mesenchymal_markers_louvain_3,LHFPL6
mesenchymal_markers_louvain_3,LRP1
mesenchymal_markers_louvain_3,LY96
mesenchymal_markers_louvain_3,MEST
mesenchymal_markers_louvain_3,MMP1
mesenchymal_markers_louvain_3,MMP14
mesenchymal_markers_louvain_3,MMP2
mesenchymal_markers_louvain_3,MMP3
mesenchymal_markers_louvain_3,NOTCH2
mesenchymal_markers_louvain_3,NT5E
mesenchymal_markers_louvain_3,NTM
mesenchymal_markers_louvain_3,NUAK1
mesenchymal_markers_louvain_3,PDGFC
mesenchymal_markers_louvain_3,PDGFRB
mesenchymal_markers_louvain_3,PLAUR
mesenchymal_markers_louvain_3,PTGDS
mesenchymal_markers_louvain_3,PTGIS
mesenchymal_markers_louvain_3,PTHLH
mesenchymal_markers_louvain_3,PTPRC
mesenchymal_markers_louvain_3,PTX3
mesenchymal_markers_louvain_3,RARRES2
mesenchymal_markers_louvain_3,RECK
mesenchymal_markers_louvain_3,SAMSN1
mesenchymal_markers_louvain_3,SDC1
mesenchymal_markers_louvain_3,SDC2
mesenchymal_markers_louvain_3,SDC4
mesenchymal_markers_louvain_3,SERPINE1
mesenchymal_markers_louvain_3,SERPINE2
mesenchymal_markers_louvain_3,SERPINF1
mesenchymal_markers_louvain_3,SERPING1
mesenchymal_markers_louvain_3,SLC2A3
mesenchymal_markers_louvain_3,SPOCK1
mesenchymal_markers_louvain_3,SPP1
mesenchymal_markers_louvain_3,SRGN
mesenchymal_markers_louvain_3,TFPI2
mesenchymal_markers_louvain_3,TGFB1
mesenchymal_markers_louvain_3,TGFBR3
mesenchymal_markers_louvain_3,THBS1
mesenchymal_markers_louvain_3,THY1
mesenchymal_markers_louvain_3,TIMP1
mesenchymal_markers_louvain_3,UCHL1
mesenchymal_markers_louvain_3,VCAM1
mesenchymal_markers_louvain_3,VEGFC
mesenchymal_markers_louvain_3,WWTR1
mesenchymal_markers_louvain_4,ABI3
mesenchymal_markers_louvain_4,ABI3BP
mesenchymal_markers_louvain_4,CCL2
mesenchymal_markers_louvain_4,CCL8
mesenchymal_markers_louvain_4,CD163
mesenchymal_markers_louvain_4,CSF2RB
mesenchymal_markers_louvain_4,CXCL1
mesenchymal_markers_louvain_4,CXCL12
mesenchymal_markers_louvain_4,CXCL13
mesenchymal_markers_louvain_4,CXCL6
mesenchymal_markers_louvain_4,CXCL8
mesenchymal_markers_louvain_4,CXCR4
mesenchymal_markers_louvain_4,F13A1
mesenchymal_markers_louvain_4,FGL2
mesenchymal_markers_louvain_4,GIMAP4
mesenchymal_markers_louvain_4,GIMAP6
mesenchymal_markers_louvain_4,GZMK
mesenchymal_markers_louvain_4,IL10RA
mesenchymal_markers_louvain_4,IL15
mesenchymal_markers_louvain_4,IL32
mesenchymal_markers_louvain_4,MRC1
mesenchymal_markers_louvain_4,MS4A4A
mesenchymal_markers_louvain_4,MS4A6A
mesenchymal_markers_louvain_4,OLFML3
mesenchymal_markers_louvain_4,PVR
mesenchymal_markers_louvain_4,SLIT2
mesenchymal_markers_louvain_4,SLIT3
mesenchymal_markers_louvain_4,TNFAIP3
mesenchymal_markers_louvain_4,TNFRSF12A
mesenchymal_markers_louvain_4,VSIG4
mesenchymal_markers_louvain_5,APLP1
mesenchymal_markers_louvain_5,CDH11
mesenchymal_markers_louvain_5,CDH2
mesenchymal_markers_louvain_5,CDH6
mesenchymal_markers_louvain_5,CRISPLD2
mesenchymal_markers_louvain_5,CYP1B1
mesenchymal_markers_louvain_5,DAB2
mesenchymal_markers_louvain_5,DKK1
mesenchymal_markers_louvain_5,EMP3
mesenchymal_markers_louvain_5,FLI1
mesenchymal_markers_louvain_5,FOXC2
mesenchymal_markers_louvain_5,FXYD5
mesenchymal_markers_louvain_5,FXYD6
mesenchymal_markers_louvain_5,FZD8
mesenchymal_markers_louvain_5,GAS1
mesenchymal_markers_louvain_5,GJA1
mesenchymal_markers_louvain_5,ID2
mesenchymal_markers_louvain_5,KCNJ8
mesenchymal_markers_louvain_5,MPDZ
mesenchymal_markers_louvain_5,MSX1
mesenchymal_markers_louvain_5,PLN
mesenchymal_markers_louvain_5,PMP22
mesenchymal_markers_louvain_5,PRRX1
mesenchymal_markers_louvain_5,QKI
mesenchymal_markers_louvain_5,RUNX1T1
mesenchymal_markers_louvain_5,SFRP1
mesenchymal_markers_louvain_5,SFRP4
mesenchymal_markers_louvain_5,SNAI1
mesenchymal_markers_louvain_5,SNAI2
mesenchymal_markers_louvain_5,STON1
mesenchymal_markers_louvain_5,SYT11
mesenchymal_markers_louvain_5,TCF4
mesenchymal_markers_louvain_5,TUBA1A
mesenchymal_markers_louvain_5,TUBB6
mesenchymal_markers_louvain_5,TWIST1
mesenchymal_markers_louvain_5,TWIST2
mesenchymal_markers_louvain_5,VIM
mesenchymal_markers_louvain_5,WIPF1
mesenchymal_markers_louvain_5,WNT5A
mesenchymal_markers_louvain_5,ZEB1
mesenchymal_markers_louvain_5,ZEB2
mesenchymal_markers_louvain_5,ZFPM2
mesenchymal_markers_louvain_6,ASPN
mesenchymal_markers_louvain_6,BGN
mesenchymal_markers_louvain_6,CTSK
mesenchymal_markers_louvain_6,DCN
mesenchymal_markers_louvain_6,DPT
mesenchymal_markers_louvain_6,DSE
mesenchymal_markers_louvain_6,ECM1
mesenchymal_markers_louvain_6,ECM2
mesenchymal_markers_louvain_6,FAP
mesenchymal_markers_louvain_6,FMOD
mesenchymal_markers_louvain_6,HTRA1
mesenchymal_markers_louvain_6,LRRC15
mesenchymal_markers_louvain_6,LUM
mesenchymal_markers_louvain_6,MATN2
mesenchymal_markers_louvain_6,MATN3
mesenchymal_markers_louvain_6,MGP
mesenchymal_markers_louvain_6,MUSK
mesenchymal_markers_louvain_6,PDZRN3
mesenchymal_markers_louvain_6,POSTN
mesenchymal_markers_louvain_6,PRSS2
mesenchymal_markers_louvain_6,SPARC
mesenchymal_markers_louvain_6,SPARCL1
mesenchymal_markers_louvain_6,SRPX
mesenchymal_markers_louvain_6,TGFBI
mesenchymal_markers_louvain_6,THBS2
mesenchymal_markers_louvain_6,VCAN
mesenchymal_markers_louvain_7,ADAM12
mesenchymal_markers_louvain_7,BMP1
mesenchymal_markers_louvain_7,BNC2
mesenchymal_markers_louvain_7,CALU
mesenchymal_markers_louvain_7,CHRDL1
mesenchymal_markers_louvain_7,COL11A1
mesenchymal_markers_louvain_7,COL12A1
mesenchymal_markers_louvain_7,COL14A1
mesenchymal_markers_louvain_7,COL15A1
mesenchymal_markers_louvain_7,COL16A1
mesenchymal_markers_louvain_7,COL1A1
mesenchymal_markers_louvain_7,COL1A2
mesenchymal_markers_louvain_7,COL3A1
mesenchymal_markers_louvain_7,COL4A1
mesenchymal_markers_louvain_7,COL4A2
mesenchymal_markers_louvain_7,COL5A1
mesenchymal_markers_louvain_7,COL5A2
mesenchymal_markers_louvain_7,COL5A3
mesenchymal_markers_louvain_7,COL6A1
mesenchymal_markers_louvain_7,COL6A2
mesenchymal_markers_louvain_7,COL6A3
mesenchymal_markers_louvain_7,COL7A1
mesenchymal_markers_louvain_7,COL8A2
mesenchymal_markers_louvain_7,COLGALT1
mesenchymal_markers_louvain_7,CTHRC1
mesenchymal_markers_louvain_7,DDR2
mesenchymal_markers_louvain_7,EFEMP1
mesenchymal_markers_louvain_7,EFEMP2
mesenchymal_markers_louvain_7,ELN
mesenchymal_markers_louvain_7,FBLN1
mesenchymal_markers_louvain_7,FBLN2
mesenchymal_markers_louvain_7,FBLN5
mesenchymal_markers_louvain_7,FBN1
mesenchymal_markers_louvain_7,FBN2
mesenchymal_markers_louvain_7,FSTL1
mesenchymal_markers_louvain_7,FSTL3
mesenchymal_markers_louvain_7,FUCA1
mesenchymal_markers_louvain_7,GREM1
mesenchymal_markers_louvain_7,INHBA
mesenchymal_markers_louvain_7,ISLR
mesenchymal_markers_louvain_7,JCAD
mesenchymal_markers_louvain_7,LOX
mesenchymal_markers_louvain_7,LOXL1
mesenchymal_markers_louvain_7,LOXL2
mesenchymal_markers_louvain_7,MFAP4
mesenchymal_markers_louvain_7,MFAP5
mesenchymal_markers_louvain_7,MOXD1
mesenchymal_markers_louvain_7,MXRA5
mesenchymal_markers_louvain_7,NID2
mesenchymal_markers_louvain_7,OLFML2B
mesenchymal_markers_louvain_7,P3H1
mesenchymal_markers_louvain_7,PCOLCE
mesenchymal_markers_louvain_7,PCOLCE2
mesenchymal_markers_louvain_7,PLOD1
mesenchymal_markers_louvain_7,PLOD2
mesenchymal_markers_louvain_7,PLOD3
mesenchymal_markers_louvain_7,PPIB
mesenchymal_markers_louvain_7,SERPINH1
mesenchymal_markers_louvain_7,TIMP3
mesenchymal_markers_louvain_7,TNFRSF11B
mesenchymal_markers_louvain_7,ZCCHC24
fibroblast_signature_louvain_0,ABCC9
fibroblast_signature_louvain_0,AKAP12
fibroblast_signature_louvain_0,AKT1
fibroblast_signature_louvain_0,APPL1
fibroblast_signature_louvain_0,APPL2
fibroblast_signature_louvain_0,AQP1
fibroblast_signature_louvain_0,ARHGAP4
fibroblast_signature_louvain_0,ARHGEF7
fibroblast_signature_louvain_0,BRAF
fibroblast_signature_louvain_0,BRK1
fibroblast_signature_louvain_0,BTC
fibroblast_signature_louvain_0,CAV1
fibroblast_signature_louvain_0,CD300A
fibroblast_signature_louvain_0,CORO1C
fibroblast_signature_louvain_0,DAB2IP
fibroblast_signature_louvain_0,DMTN
fibroblast_signature_louvain_0,DPH1
fibroblast_signature_louvain_0,EEF2
fibroblast_signature_louvain_0,EGFR
fibroblast_signature_louvain_0,EREG
fibroblast_signature_louvain_0,GNA12
fibroblast_signature_louvain_0,GNA13
fibroblast_signature_louvain_0,GNG2
fibroblast_signature_louvain_0,HRAS
fibroblast_signature_louvain_0,ILK
fibroblast_signature_louvain_0,IQGAP1
fibroblast_signature_louvain_0,ITGB1
fibroblast_signature_louvain_0,ITGB1BP1
fibroblast_signature_louvain_0,ITGB3
fibroblast_signature_louvain_0,KCND2
fibroblast_signature_louvain_0,KCNJ8
fibroblast_signature_louvain_0,KDM8
fibroblast_signature_louvain_0,LAMTOR2
fibroblast_signature_louvain_0,LMCD1
fibroblast_signature_louvain_0,MIR145
fibroblast_signature_louvain_0,NF1
fibroblast_signature_louvain_0,NHERF1
fibroblast_signature_louvain_0,NNMT
fibroblast_signature_louvain_0,PAK1
fibroblast_signature_louvain_0,PIP5K1A
fibroblast_signature_louvain_0,PRKCE
fibroblast_signature_louvain_0,PTK2
fibroblast_signature_louvain_0,RAB31
fibroblast_signature_louvain_0,RAC1
fibroblast_signature_louvain_0,RGS4
fibroblast_signature_louvain_0,RPS6
fibroblast_signature_louvain_0,SGPL1
fibroblast_signature_louvain_0,SPHK1
fibroblast_signature_louvain_0,TNS1
fibroblast_signature_louvain_0,VCL
fibroblast_signature_louvain_1,ACTA2
fibroblast_signature_louvain_1,AEBP1
fibroblast_signature_louvain_1,AGT
fibroblast_signature_louvain_1,ANTXR1
fibroblast_signature_louvain_1,B4GALT7
fibroblast_signature_louvain_1,BRS3
fibroblast_signature_louvain_1,C1QL4
fibroblast_signature_louvain_1,C6orf89
fibroblast_signature_louvain_1,CALD1
fibroblast_signature_louvain_1,CCN3
fibroblast_signature_louvain_1,CD248
fibroblast_signature_louvain_1,CDH11
fibroblast_signature_louvain_1,COL3A1
fibroblast_signature_louvain_1,DDR2
fibroblast_signature_louvain_1,FAP
fibroblast_signature_louvain_1,FBLN1
fibroblast_signature_louvain_1,FGF10
fibroblast_signature_louvain_1,FGF2
fibroblast_signature_louvain_1,FN1
fibroblast_signature_louvain_1,FUT8
fibroblast_signature_louvain_1,GAS6
fibroblast_signature_louvain_1,HAS1
fibroblast_signature_louvain_1,HYAL2
fibroblast_signature_louvain_1,IGF1
fibroblast_signature_louvain_1,IL13
fibroblast_signature_louvain_1,IL17A
fibroblast_signature_louvain_1,IL17RA
fibroblast_signature_louvain_1,IL1B
fibroblast_signature_louvain_1,LEP
fibroblast_signature_louvain_1,LIF
fibroblast_signature_louvain_1,LTA
fibroblast_signature_louvain_1,MIR17
fibroblast_signature_louvain_1,MIR19A
fibroblast_signature_louvain_1,MIR19B1
fibroblast_signature_louvain_1,MXRA8
fibroblast_signature_louvain_1,NGFR
fibroblast_signature_louvain_1,NLRC3
fibroblast_signature_louvain_1,PALLD
fibroblast_signature_louvain_1,PDGFA
fibroblast_signature_louvain_1,PDGFB
fibroblast_signature_louvain_1,PDGFC
fibroblast_signature_louvain_1,PDGFD
fibroblast_signature_louvain_1,PDGFRA
fibroblast_signature_louvain_1,PDLIM1
fibroblast_signature_louvain_1,PDPN
fibroblast_signature_louvain_1,PLA2G1B
fibroblast_signature_louvain_1,PLXDC1
fibroblast_signature_louvain_1,SDC4
fibroblast_signature_louvain_1,TAGLN
fibroblast_signature_louvain_1,TGFB1
fibroblast_signature_louvain_1,THBS1
fibroblast_signature_louvain_1,THY1
fibroblast_signature_louvain_1,VEGFD
fibroblast_signature_louvain_1,VIM
fibroblast_signature_louvain_2,ALDH1L2
fibroblast_signature_louvain_2,CTNNB1
fibroblast_signature_louvain_2,EMD
fibroblast_signature_louvain_2,FER
fibroblast_signature_louvain_2,GART
fibroblast_signature_louvain_2,LZTS1
fibroblast_signature_louvain_2,LZTS2
fibroblast_signature_louvain_2,PARP10
fibroblast_signature_louvain_2,PLEC
fibroblast_signature_louvain_2,SFRP1
fibroblast_signature_louvain_2,SKI
fibroblast_signature_louvain_2,TMEM201
fibroblast_signature_louvain_2,TRIM32
fibroblast_signature_louvain_2,WDPCP
fibroblast_signature_louvain_2,WNT1
fibroblast_signature_louvain_2,WNT2
fibroblast_signature_louvain_2,WNT5A
fibroblast_signature_louvain_2,WNT7B
fibroblast_signature_louvain_2,XIRP1
fibroblast_signature_louvain_2,ZMPSTE24
fibroblast_signature_louvain_3,ABL1
fibroblast_signature_louvain_3,AFF1
fibroblast_signature_louvain_3,ARID5B
fibroblast_signature_louvain_3,BAG4
fibroblast_signature_louvain_3,BAX
fibroblast_signature_louvain_3,BMI1
fibroblast_signature_louvain_3,CCNA2
fibroblast_signature_louvain_3,CCNB1
fibroblast_signature_louvain_3,CD74
fibroblast_signature_louvain_3,CDC6
fibroblast_signature_louvain_3,CDC73
fibroblast_signature_louvain_3,CDK1
fibroblast_signature_louvain_3,CDK4
fibroblast_signature_louvain_3,CDK6
fibroblast_signature_louvain_3,CDKN1A
fibroblast_signature_louvain_3,CKS2
fibroblast_signature_louvain_3,CLN3
fibroblast_signature_louvain_3,CPZ
fibroblast_signature_louvain_3,CREB1
fibroblast_signature_louvain_3,CRKL
fibroblast_signature_louvain_3,CTC1
fibroblast_signature_louvain_3,CYGB
fibroblast_signature_louvain_3,DACH1
fibroblast_signature_louvain_3,DAZAP1
fibroblast_signature_louvain_3,DDR1
fibroblast_signature_louvain_3,DHX9
fibroblast_signature_louvain_3,E2F1
fibroblast_signature_louvain_3,E2F8
fibroblast_signature_louvain_3,ECD
fibroblast_signature_louvain_3,EPOR
fibroblast_signature_louvain_3,ESR1
fibroblast_signature_louvain_3,FBXO4
fibroblast_signature_louvain_3,FILIP1L
fibroblast_signature_louvain_3,FOSL2
fibroblast_signature_louvain_3,FTH1
fibroblast_signature_louvain_3,GCLC
fibroblast_signature_louvain_3,GCLM
fibroblast_signature_louvain_3,GGT5
fibroblast_signature_louvain_3,GSTP1
fibroblast_signature_louvain_3,GUF1
fibroblast_signature_louvain_3,HDAC1
fibroblast_signature_louvain_3,HMGA2
fibroblast_signature_louvain_3,HTN3
fibroblast_signature_louvain_3,IFI30
fibroblast_signature_louvain_3,IFNA7
fibroblast_signature_louvain_3,INCA1
fibroblast_signature_louvain_3,ING5
fibroblast_signature_louvain_3,JUN
fibroblast_signature_louvain_3,KAT2A
fibroblast_signature_louvain_3,KMT2A
fibroblast_signature_louvain_3,LIG4
fibroblast_signature_louvain_3,MACIR
fibroblast_signature_louvain_3,MAPK1
fibroblast_signature_louvain_3,MDM2
fibroblast_signature_louvain_3,MED25
fibroblast_signature_louvain_3,MED31
fibroblast_signature_louvain_3,MICAL2
fibroblast_signature_louvain_3,MIF
fibroblast_signature_louvain_3,MORC3
fibroblast_signature_louvain_3,MORF4L1
fibroblast_signature_louvain_3,MSC
fibroblast_signature_louvain_3,MTA2
fibroblast_signature_louvain_3,MTOR
fibroblast_signature_louvain_3,MUC1
fibroblast_signature_louvain_3,MYB
fibroblast_signature_louvain_3,MYC
fibroblast_signature_louvain_3,NUAK1
fibroblast_signature_louvain_3,NUPR1
fibroblast_signature_louvain_3,PAWR
fibroblast_signature_louvain_3,PEX2
fibroblast_signature_louvain_3,PML
fibroblast_signature_louvain_3,PRDX1
fibroblast_signature_louvain_3,PRR5L
fibroblast_signature_louvain_3,PXDN
fibroblast_signature_louvain_3,RCC2
fibroblast_signature_louvain_3,RFFL
fibroblast_signature_louvain_3,RGCC
fibroblast_signature_louvain_3,RNASEH2B
fibroblast_signature_louvain_3,RPS6KA1
fibroblast_signature_louvain_3,RRN3
fibroblast_signature_louvain_3,RUVBL1
fibroblast_signature_louvain_3,S100A6
fibroblast_signature_louvain_3,SIRT6
fibroblast_signature_louvain_3,SMAD2
fibroblast_signature_louvain_3,SOD2
fibroblast_signature_louvain_3,SOX11
fibroblast_signature_louvain_3,SPDEF
fibroblast_signature_louvain_3,TGIF1
fibroblast_signature_louvain_3,TIPARP
fibroblast_signature_louvain_3,TP53
fibroblast_signature_louvain_3,TP53INP1
fibroblast_signature_louvain_3,TTK
fibroblast_signature_louvain_3,ULK3
fibroblast_signature_louvain_3,ZEB2
fibroblast_signature_louvain_3,ZFAND5
fibroblast_signature_louvain_3,ZMIZ1
cell-matrix_adhesion_louvain_0,ACER2
cell-matrix_adhesion_louvain_0,ACTB
cell-matrix_adhesion_louvain_0,ACTG1
cell-matrix_adhesion_louvain_0,ACTN1
cell-matrix_adhesion_louvain_0,ACTN4
cell-matrix_adhesion_louvain_0,ARHGEF6
cell-matrix_adhesion_louvain_0,CAPZA1
cell-matrix_adhesion_louvain_0,CAPZB
cell-matrix_adhesion_louvain_0,CYP1B1
cell-matrix_adhesion_louvain_0,FBLIM1
cell-matrix_adhesion_louvain_0,FERMT1
cell-matrix_adhesion_louvain_0,FERMT2
cell-matrix_adhesion_louvain_0,FERMT3
cell-matrix_adhesion_louvain_0,FLNA
cell-matrix_adhesion_louvain_0,FLNB
cell-matrix_adhesion_louvain_0,FRAS1
cell-matrix_adhesion_louvain_0,FREM1
cell-matrix_adhesion_louvain_0,FREM2
cell-matrix_adhesion_louvain_0,IFT74
cell-matrix_adhesion_louvain_0,ILK
cell-matrix_adhesion_louvain_0,ITGB1
cell-matrix_adhesion_louvain_0,ITGB1BP1
cell-matrix_adhesion_louvain_0,KIF3A
cell-matrix_adhesion_louvain_0,LIMS1
cell-matrix_adhesion_louvain_0,LIMS2
cell-matrix_adhesion_louvain_0,LPXN
cell-matrix_adhesion_louvain_0,NPNT
cell-matrix_adhesion_louvain_0,PARVA
cell-matrix_adhesion_louvain_0,PARVB
cell-matrix_adhesion_louvain_0,PARVG
cell-matrix_adhesion_louvain_0,PIEZO1
cell-matrix_adhesion_louvain_0,PLPP3
cell-matrix_adhesion_louvain_0,PXN
cell-matrix_adhesion_louvain_0,RFLNA
cell-matrix_adhesion_louvain_0,TLN1
cell-matrix_adhesion_louvain_0,TLN2
cell-matrix_adhesion_louvain_0,TMOD3
cell-matrix_adhesion_louvain_0,VCL
cell-matrix_adhesion_louvain_1,ADA
cell-matrix_adhesion_louvain_1,ADAM17
cell-matrix_adhesion_louvain_1,ADAM9
cell-matrix_adhesion_louvain_1,C3
cell-matrix_adhesion_louvain_1,CCL21
cell-matrix_adhesion_louvain_1,CCL5
cell-matrix_adhesion_louvain_1,CCN3
cell-matrix_adhesion_louvain_1,CD36
cell-matrix_adhesion_louvain_1,CD3E
cell-matrix_adhesion_louvain_1,CD44
cell-matrix_adhesion_louvain_1,CD47
cell-matrix_adhesion_louvain_1,CLEC5A
cell-matrix_adhesion_louvain_1,CX3CL1
cell-matrix_adhesion_louvain_1,CXCL13
cell-matrix_adhesion_louvain_1,DPP4
cell-matrix_adhesion_louvain_1,FGA
cell-matrix_adhesion_louvain_1,FGB
cell-matrix_adhesion_louvain_1,FGG
cell-matrix_adhesion_louvain_1,FN1
cell-matrix_adhesion_louvain_1,GP1BA
cell-matrix_adhesion_louvain_1,GP1BB
cell-matrix_adhesion_louvain_1,GP5
cell-matrix_adhesion_louvain_1,GP6
cell-matrix_adhesion_louvain_1,GP9
cell-matrix_adhesion_louvain_1,HMMR
cell-matrix_adhesion_louvain_1,HRG
cell-matrix_adhesion_louvain_1,ICAM1
cell-matrix_adhesion_louvain_1,ICAM2
cell-matrix_adhesion_louvain_1,ICAM3
cell-matrix_adhesion_louvain_1,ICAM4
cell-matrix_adhesion_louvain_1,ITGAD
cell-matrix_adhesion_louvain_1,ITGAE
cell-matrix_adhesion_louvain_1,ITGAL
cell-matrix_adhesion_louvain_1,ITGAM
cell-matrix_adhesion_louvain_1,ITGAX
cell-matrix_adhesion_louvain_1,ITGB2
cell-matrix_adhesion_louvain_1,JAM3
cell-matrix_adhesion_louvain_1,KIF14
cell-matrix_adhesion_louvain_1,MADCAM1
cell-matrix_adhesion_louvain_1,MEDAG
cell-matrix_adhesion_louvain_1,MMRN1
cell-matrix_adhesion_louvain_1,MRC2
cell-matrix_adhesion_louvain_1,MZB1
cell-matrix_adhesion_louvain_1,P2RY12
cell-matrix_adhesion_louvain_1,PLAU
cell-matrix_adhesion_louvain_1,SCARF2
cell-matrix_adhesion_louvain_1,SELP
cell-matrix_adhesion_louvain_1,SERPINE1
cell-matrix_adhesion_louvain_1,SGCD
cell-matrix_adhesion_louvain_1,TMEM119
cell-matrix_adhesion_louvain_1,VCAM1
cell-matrix_adhesion_louvain_1,VTN
cell-matrix_adhesion_louvain_1,VWF
cell-matrix_adhesion_louvain_2,COL16A1
cell-matrix_adhesion_louvain_2,COL1A1
cell-matrix_adhesion_louvain_2,COL1A2
cell-matrix_adhesion_louvain_2,COL2A1
cell-matrix_adhesion_louvain_2,COL4A1
cell-matrix_adhesion_louvain_2,COL4A2
cell-matrix_adhesion_louvain_2,COL4A3
cell-matrix_adhesion_louvain_2,COL4A4
cell-matrix_adhesion_louvain_2,COL4A5
cell-matrix_adhesion_louvain_2,COL4A6
cell-matrix_adhesion_louvain_2,COL5A1
cell-matrix_adhesion_louvain_2,COL6A1
cell-matrix_adhesion_louvain_2,COL6A2
cell-matrix_adhesion_louvain_2,COL6A3
cell-matrix_adhesion_louvain_2,COL6A5
cell-matrix_adhesion_louvain_2,COL6A6
cell-matrix_adhesion_louvain_2,COL9A1
cell-matrix_adhesion_louvain_2,COL9A2
cell-matrix_adhesion_louvain_2,COL9A3
cell-matrix_adhesion_louvain_2,FBN1
cell-matrix_adhesion_louvain_2,ITGA1
cell-matrix_adhesion_louvain_2,ITGA2
cell-matrix_adhesion_louvain_2,SDC1
cell-matrix_adhesion_louvain_2,SDC4
cell-matrix_adhesion_louvain_2,THBS1
cell-matrix_adhesion_louvain_2,THBS2
cell-matrix_adhesion_louvain_2,THBS3
cell-matrix_adhesion_louvain_2,THBS4
cell-matrix_adhesion_louvain_3,AGRN
cell-matrix_adhesion_louvain_3,COLEC12
cell-matrix_adhesion_louvain_3,DAG1
cell-matrix_adhesion_louvain_3,EXT1
cell-matrix_adhesion_louvain_3,HSPG2
cell-matrix_adhesion_louvain_3,ITGA6
cell-matrix_adhesion_louvain_3,ITGA7
cell-matrix_adhesion_louvain_3,LAMA1
cell-matrix_adhesion_louvain_3,LAMA2
cell-matrix_adhesion_louvain_3,LAMA3
cell-matrix_adhesion_louvain_3,LAMA4
cell-matrix_adhesion_louvain_3,LAMA5
cell-matrix_adhesion_louvain_3,LAMB1
cell-matrix_adhesion_louvain_3,LAMB2
cell-matrix_adhesion_louvain_3,LAMB3
cell-matrix_adhesion_louvain_3,LAMB4
cell-matrix_adhesion_louvain_3,LAMC1
cell-matrix_adhesion_louvain_3,LAMC2
cell-matrix_adhesion_louvain_3,LAMC3
cell-matrix_adhesion_louvain_3,LRP12
cell-matrix_adhesion_louvain_3,NTNG2
cell-matrix_adhesion_louvain_3,SV2A
cell-matrix_adhesion_louvain_3,SV2B
cell-matrix_adhesion_louvain_3,SV2C
cell-matrix_adhesion_louvain_4,CHAD
cell-matrix_adhesion_louvain_4,COMP
cell-matrix_adhesion_louvain_4,DMP1
cell-matrix_adhesion_louvain_4,DSPP
cell-matrix_adhesion_louvain_4,EMILIN1
cell-matrix_adhesion_louvain_4,IBSP
cell-matrix_adhesion_louvain_4,ITGA10
cell-matrix_adhesion_louvain_4,ITGA11
cell-matrix_adhesion_louvain_4,ITGA2B
cell-matrix_adhesion_louvain_4,ITGA3
cell-matrix_adhesion_louvain_4,ITGA4
cell-matrix_adhesion_louvain_4,ITGA5
cell-matrix_adhesion_louvain_4,ITGA8
cell-matrix_adhesion_louvain_4,ITGA9
cell-matrix_adhesion_louvain_4,ITGAV
cell-matrix_adhesion_louvain_4,ITGB3
cell-matrix_adhesion_louvain_4,ITGB4
cell-matrix_adhesion_louvain_4,ITGB5
cell-matrix_adhesion_louvain_4,ITGB6
cell-matrix_adhesion_louvain_4,ITGB7
cell-matrix_adhesion_louvain_4,ITGB8
cell-matrix_adhesion_louvain_4,ITGBL1
cell-matrix_adhesion_louvain_4,MEPE
cell-matrix_adhesion_louvain_4,PTK2
cell-matrix_adhesion_louvain_4,RELN
cell-matrix_adhesion_louvain_4,SPP1
cell-matrix_adhesion_louvain_4,TNC
cell-matrix_adhesion_louvain_4,TNN
cell-matrix_adhesion_louvain_4,TNR
cell-matrix_adhesion_louvain_4,TNXB
cell-matrix_adhesion_louvain_5,CRLF2
cell-matrix_adhesion_louvain_5,CXCL12
cell-matrix_adhesion_louvain_5,EFNA1
cell-matrix_adhesion_louvain_5,EGF
cell-matrix_adhesion_louvain_5,EPHA2
cell-matrix_adhesion_louvain_5,EPHA8
cell-matrix_adhesion_louvain_5,ERBB2
cell-matrix_adhesion_louvain_5,FLT1
cell-matrix_adhesion_louvain_5,FLT4
cell-matrix_adhesion_louvain_5,HGF
cell-matrix_adhesion_louvain_5,IGF1
cell-matrix_adhesion_louvain_5,IGF1R
cell-matrix_adhesion_louvain_5,KDR
cell-matrix_adhesion_louvain_5,LIF
cell-matrix_adhesion_louvain_5,MET
cell-matrix_adhesion_louvain_5,NEXMIF
cell-matrix_adhesion_louvain_5,PDGFA
cell-matrix_adhesion_louvain_5,PDGFB
cell-matrix_adhesion_louvain_5,PDGFC
cell-matrix_adhesion_louvain_5,PDGFD
cell-matrix_adhesion_louvain_5,PDGFRA
cell-matrix_adhesion_louvain_5,PDGFRB
cell-matrix_adhesion_louvain_5,PGF
cell-matrix_adhesion_louvain_5,TGFB1
cell-matrix_adhesion_louvain_5,TGFB2
cell-matrix_adhesion_louvain_5,TMEFF2
cell-matrix_adhesion_louvain_5,VEGFA
cell-matrix_adhesion_louvain_5,VEGFB
cell-matrix_adhesion_louvain_5,VEGFC
cell-matrix_adhesion_louvain_5,VEGFD
cell-matrix_adhesion_louvain_6,AKT2
cell-matrix_adhesion_louvain_6,AKT3
cell-matrix_adhesion_louvain_6,CDC42
cell-matrix_adhesion_louvain_6,CHN1
cell-matrix_adhesion_louvain_6,CRK
cell-matrix_adhesion_louvain_6,CRKL
cell-matrix_adhesion_louvain_6,FARP2
cell-matrix_adhesion_louvain_6,GUCA1A
cell-matrix_adhesion_louvain_6,GUCY2F
cell-matrix_adhesion_louvain_6,LYN
cell-matrix_adhesion_louvain_6,MTOR
cell-matrix_adhesion_louvain_6,NCK2
cell-matrix_adhesion_louvain_6,NCKAP1L
cell-matrix_adhesion_louvain_6,NOX1
cell-matrix_adhesion_louvain_6,P3R3URF-PIK3R3
cell-matrix_adhesion_louvain_6,PDE3B
cell-matrix_adhesion_louvain_6,PIK3CA
cell-matrix_adhesion_louvain_6,PIK3CB
cell-matrix_adhesion_louvain_6,PIK3CD
cell-matrix_adhesion_louvain_6,PIK3CG
cell-matrix_adhesion_louvain_6,PIK3R1
cell-matrix_adhesion_louvain_6,PIK3R2
cell-matrix_adhesion_louvain_6,PIK3R3
cell-matrix_adhesion_louvain_6,PLEK
cell-matrix_adhesion_louvain_6,PTPN11
cell-matrix_adhesion_louvain_6,PTPN6
cell-matrix_adhesion_louvain_6,RAC1
cell-matrix_adhesion_louvain_6,RAC2
cell-matrix_adhesion_louvain_6,RAC3
cell-matrix_adhesion_louvain_6,RAP1B
cell-matrix_adhesion_louvain_6,RET
cell-matrix_adhesion_louvain_6,SKAP1
cell-matrix_adhesion_louvain_6,SRC
cell-matrix_adhesion_louvain_6,SWAP70
cell-matrix_adhesion_louvain_6,SYK
cell-matrix_adhesion_louvain_6,TESC
cell-matrix_adhesion_louvain_6,UNC119
cell-matrix_adhesion_louvain_7,AKT1
cell-matrix_adhesion_louvain_7,AR
cell-matrix_adhesion_louvain_7,CCND1
cell-matrix_adhesion_louvain_7,CCND2
cell-matrix_adhesion_louvain_7,CCND3
cell-matrix_adhesion_louvain_7,CDH1
cell-matrix_adhesion_louvain_7,CDH17
cell-matrix_adhesion_louvain_7,CIB1
cell-matrix_adhesion_louvain_7,CTNNB1
cell-matrix_adhesion_louvain_7,DDR2
cell-matrix_adhesion_louvain_7,EGFR
cell-matrix_adhesion_louvain_7,EMILIN2
cell-matrix_adhesion_louvain_7,FOXC2
cell-matrix_adhesion_louvain_7,FYB2
cell-matrix_adhesion_louvain_7,GALNT15
cell-matrix_adhesion_louvain_7,GSK3B
cell-matrix_adhesion_louvain_7,KRIT1
cell-matrix_adhesion_louvain_7,LEMD3
cell-matrix_adhesion_louvain_7,MUC1
cell-matrix_adhesion_louvain_7,PODXL
cell-matrix_adhesion_louvain_7,PTGER4
cell-matrix_adhesion_louvain_7,RASIP1
cell-matrix_adhesion_louvain_7,SFRP2
cell-matrix_adhesion_louvain_7,SNAI2
cell-matrix_adhesion_louvain_7,ST6GALNAC5
cell-matrix_adhesion_louvain_7,WNK1
ecm_remodelling_louvain_0,CLASP1
ecm_remodelling_louvain_0,CLASP2
ecm_remodelling_louvain_0,DHX9
ecm_remodelling_louvain_0,EGFR
ecm_remodelling_louvain_0,EXOC8
ecm_remodelling_louvain_0,GPM6B
ecm_remodelling_louvain_0,GRB2
ecm_remodelling_louvain_0,GSK3B
ecm_remodelling_louvain_0,LARP6
ecm_remodelling_louvain_0,MIR145
ecm_remodelling_louvain_0,MIR195
ecm_remodelling_louvain_0,RAMP2
ecm_remodelling_louvain_0,TMEM131
ecm_remodelling_louvain_0,TRAPPC8
ecm_remodelling_louvain_1,ADAM10
ecm_remodelling_louvain_1,ADAM15
ecm_remodelling_louvain_1,ADAM8
ecm_remodelling_louvain_1,ADAMTS15
ecm_remodelling_louvain_1,ADAMTS3
ecm_remodelling_louvain_1,ADAMTS4
ecm_remodelling_louvain_1,ADAMTS5
ecm_remodelling_louvain_1,AMELX
ecm_remodelling_louvain_1,CMA1
ecm_remodelling_louvain_1,CORIN
ecm_remodelling_louvain_1,CPXM1
ecm_remodelling_louvain_1,CST3
ecm_remodelling_louvain_1,CTSB
ecm_remodelling_louvain_1,CTSG
ecm_remodelling_louvain_1,CTSK
ecm_remodelling_louvain_1,CTSL
ecm_remodelling_louvain_1,CTSS
ecm_remodelling_louvain_1,CTSV
ecm_remodelling_louvain_1,DMP1
ecm_remodelling_louvain_1,DSPP
ecm_remodelling_louvain_1,ELANE
ecm_remodelling_louvain_1,F2R
ecm_remodelling_louvain_1,FURIN
ecm_remodelling_louvain_1,HPN
ecm_remodelling_louvain_1,HTRA1
ecm_remodelling_louvain_1,IHH
ecm_remodelling_louvain_1,ITGAM
ecm_remodelling_louvain_1,KLK4
ecm_remodelling_louvain_1,KLK5
ecm_remodelling_louvain_1,KLK6
ecm_remodelling_louvain_1,KLK7
ecm_remodelling_louvain_1,MEPE
ecm_remodelling_louvain_1,MIR21
ecm_remodelling_louvain_1,MMP1
ecm_remodelling_louvain_1,MMP10
ecm_remodelling_louvain_1,MMP11
ecm_remodelling_louvain_1,MMP12
ecm_remodelling_louvain_1,MMP13
ecm_remodelling_louvain_1,MMP14
ecm_remodelling_louvain_1,MMP15
ecm_remodelling_louvain_1,MMP16
ecm_remodelling_louvain_1,MMP17
ecm_remodelling_louvain_1,MMP19
ecm_remodelling_louvain_1,MMP2
ecm_remodelling_louvain_1,MMP20
ecm_remodelling_louvain_1,MMP21
ecm_remodelling_louvain_1,MMP23B
ecm_remodelling_louvain_1,MMP24
ecm_remodelling_louvain_1,MMP25
ecm_remodelling_louvain_1,MMP26
ecm_remodelling_louvain_1,MMP27
ecm_remodelling_louvain_1,MMP28
ecm_remodelling_louvain_1,MMP3
ecm_remodelling_louvain_1,MMP7
ecm_remodelling_louvain_1,MMP8
ecm_remodelling_louvain_1,MMP9
ecm_remodelling_louvain_1,MMRN1
ecm_remodelling_louvain_1,NPPC
ecm_remodelling_louvain_1,OPTC
ecm_remodelling_louvain_1,OSCAR
ecm_remodelling_louvain_1,P2RX7
ecm_remodelling_louvain_1,PODNL1
ecm_remodelling_louvain_1,PRICKLE1
ecm_remodelling_louvain_1,PRSS1
ecm_remodelling_louvain_1,PRSS2
ecm_remodelling_louvain_1,PRTN3
ecm_remodelling_louvain_1,RECK
ecm_remodelling_louvain_1,SFRP2
ecm_remodelling_louvain_1,SH3PXD2B
ecm_remodelling_louvain_1,SMPD3
ecm_remodelling_louvain_1,SOX9
ecm_remodelling_louvain_1,SPARC
ecm_remodelling_louvain_1,SPOCK1
ecm_remodelling_louvain_1,SPP1
ecm_remodelling_louvain_1,SRC
ecm_remodelling_louvain_1,TIMP2
ecm_remodelling_louvain_1,TIMP3
ecm_remodelling_louvain_1,TPSAB1
ecm_remodelling_louvain_1,VSIR
ecm_remodelling_louvain_1,WNT4
ecm_remodelling_louvain_2,AGT
ecm_remodelling_louvain_2,ANXA2
ecm_remodelling_louvain_2,BRS3
ecm_remodelling_louvain_2,C6orf89
ecm_remodelling_louvain_2,CYGB
ecm_remodelling_louvain_2,DPP4
ecm_remodelling_louvain_2,ESR1
ecm_remodelling_louvain_2,F2
ecm_remodelling_louvain_2,GAS6
ecm_remodelling_louvain_2,GOT1
ecm_remodelling_louvain_2,HTRA3
ecm_remodelling_louvain_2,KIF9
ecm_remodelling_louvain_2,LEP
ecm_remodelling_louvain_2,LRP1
ecm_remodelling_louvain_2,MELTF
ecm_remodelling_louvain_2,MIR19A
ecm_remodelling_louvain_2,MIR19B1
ecm_remodelling_louvain_2,MIR9-1
ecm_remodelling_louvain_2,MRC2
ecm_remodelling_louvain_2,NFKB1
ecm_remodelling_louvain_2,NOX1
ecm_remodelling_louvain_2,NOXO1
ecm_remodelling_louvain_2,PBXIP1
ecm_remodelling_louvain_2,PLAU
ecm_remodelling_louvain_2,PLG
ecm_remodelling_louvain_2,PRDX1
ecm_remodelling_louvain_2,PRDX5
ecm_remodelling_louvain_2,RAC2
ecm_remodelling_louvain_2,SERPINB7
ecm_remodelling_louvain_2,SERPINF2
ecm_remodelling_louvain_2,THBS1
ecm_remodelling_louvain_2,TIE1
ecm_remodelling_louvain_2,UCN
ecm_remodelling_louvain_3,ANTXR2
ecm_remodelling_louvain_3,AR
ecm_remodelling_louvain_3,ATP7A
ecm_remodelling_louvain_3,BMP4
ecm_remodelling_louvain_3,CAPG
ecm_remodelling_louvain_3,CAPZA1
ecm_remodelling_louvain_3,CARMIL2
ecm_remodelling_louvain_3,CBX8
ecm_remodelling_louvain_3,CD44
ecm_remodelling_louvain_3,CIITA
ecm_remodelling_louvain_3,CRISPLD2
ecm_remodelling_louvain_3,CTNND2
ecm_remodelling_louvain_3,CYP1B1
ecm_remodelling_louvain_3,CYP7A1
ecm_remodelling_louvain_3,ENG
ecm_remodelling_louvain_3,ERRFI1
ecm_remodelling_louvain_3,FAP
ecm_remodelling_louvain_3,FGFR4
ecm_remodelling_louvain_3,FLOT1
ecm_remodelling_louvain_3,FN1
ecm_remodelling_louvain_3,FOSL2
ecm_remodelling_louvain_3,FOXC1
ecm_remodelling_louvain_3,FOXC2
ecm_remodelling_louvain_3,FSCN1
ecm_remodelling_louvain_3,GART
ecm_remodelling_louvain_3,GREM1
ecm_remodelling_louvain_3,GSN
ecm_remodelling_louvain_3,HAS1
ecm_remodelling_louvain_3,HAS2
ecm_remodelling_louvain_3,HAS3
ecm_remodelling_louvain_3,HIF1A
ecm_remodelling_louvain_3,HMGA2
ecm_remodelling_louvain_3,HMMR
ecm_remodelling_louvain_3,ID1
ecm_remodelling_louvain_3,IL6
ecm_remodelling_louvain_3,IL6R
ecm_remodelling_louvain_3,INHBA
ecm_remodelling_louvain_3,JAK2
ecm_remodelling_louvain_3,LCP1
ecm_remodelling_louvain_3,MIR205
ecm_remodelling_louvain_3,MIR29A
ecm_remodelling_louvain_3,MIR29B1
ecm_remodelling_louvain_3,MIR29C
ecm_remodelling_louvain_3,MIR98
ecm_remodelling_louvain_3,MYB
ecm_remodelling_louvain_3,NF1
ecm_remodelling_louvain_3,NOTCH1
ecm_remodelling_louvain_3,PDGFRA
ecm_remodelling_louvain_3,PDPN
ecm_remodelling_louvain_3,PPARD
ecm_remodelling_louvain_3,PPARG
ecm_remodelling_louvain_3,PXDN
ecm_remodelling_louvain_3,RB1
ecm_remodelling_louvain_3,RETREG1
ecm_remodelling_louvain_3,RETREG2
ecm_remodelling_louvain_3,RGCC
ecm_remodelling_louvain_3,RUNX1
ecm_remodelling_louvain_3,SMAD3
ecm_remodelling_louvain_3,SMAD4
ecm_remodelling_louvain_3,STAT3
ecm_remodelling_louvain_3,SUCO
ecm_remodelling_louvain_3,SYK
ecm_remodelling_louvain_3,TGFB1
ecm_remodelling_louvain_3,TGFB2
ecm_remodelling_louvain_3,TGFB3
ecm_remodelling_louvain_3,TGFBR1
ecm_remodelling_louvain_3,TGFBR3
ecm_remodelling_louvain_3,TMEFF2
ecm_remodelling_louvain_3,TNFAIP6
ecm_remodelling_louvain_3,UBASH3B
ecm_remodelling_louvain_3,VIM
ecm_remodelling_louvain_3,WASHC1
ecm_remodelling_louvain_3,ZEB2
ecm_remodelling_louvain_4,ADAM19
ecm_remodelling_louvain_4,AGRN
ecm_remodelling_louvain_4,CD36
ecm_remodelling_louvain_4,CD47
ecm_remodelling_louvain_4,CHAD
ecm_remodelling_louvain_4,COMP
ecm_remodelling_louvain_4,DAG1
ecm_remodelling_louvain_4,EMILIN1
ecm_remodelling_louvain_4,FRAS1
ecm_remodelling_louvain_4,FREM1
ecm_remodelling_louvain_4,FREM2
ecm_remodelling_louvain_4,GP1BA
ecm_remodelling_louvain_4,GP1BB
ecm_remodelling_louvain_4,GP5
ecm_remodelling_louvain_4,GP9
ecm_remodelling_louvain_4,HMCN1
ecm_remodelling_louvain_4,IBSP
ecm_remodelling_louvain_4,ITGA1
ecm_remodelling_louvain_4,ITGA10
ecm_remodelling_louvain_4,ITGA11
ecm_remodelling_louvain_4,ITGA2
ecm_remodelling_louvain_4,ITGA2B
ecm_remodelling_louvain_4,ITGA3
ecm_remodelling_louvain_4,ITGA4
ecm_remodelling_louvain_4,ITGA5
ecm_remodelling_louvain_4,ITGA6
ecm_remodelling_louvain_4,ITGA7
ecm_remodelling_louvain_4,ITGA8
ecm_remodelling_louvain_4,ITGA9
ecm_remodelling_louvain_4,ITGAV
ecm_remodelling_louvain_4,ITGB1
ecm_remodelling_louvain_4,ITGB3
ecm_remodelling_louvain_4,ITGB4
ecm_remodelling_louvain_4,ITGB5
ecm_remodelling_louvain_4,ITGB6
ecm_remodelling_louvain_4,ITGB7
ecm_remodelling_louvain_4,ITGB8
ecm_remodelling_louvain_4,LAMA1
ecm_remodelling_louvain_4,LAMA2
ecm_remodelling_louvain_4,LAMA3
ecm_remodelling_louvain_4,LAMA4
ecm_remodelling_louvain_4,LAMA5
ecm_remodelling_louvain_4,LAMB1
ecm_remodelling_louvain_4,LAMB2
ecm_remodelling_louvain_4,LAMB3
ecm_remodelling_louvain_4,LAMB4
ecm_remodelling_louvain_4,LAMC1
ecm_remodelling_louvain_4,LAMC2
ecm_remodelling_louvain_4,LAMC3
ecm_remodelling_louvain_4,NID2
ecm_remodelling_louvain_4,NPNT
ecm_remodelling_louvain_4,NTN4
ecm_remodelling_louvain_4,RAP1A
ecm_remodelling_louvain_4,RELN
ecm_remodelling_louvain_4,RETREG3
ecm_remodelling_louvain_4,SDC1
ecm_remodelling_louvain_4,SV2A
ecm_remodelling_louvain_4,SV2B
ecm_remodelling_louvain_4,SV2C
ecm_remodelling_louvain_4,THBS2
ecm_remodelling_louvain_4,THBS3
ecm_remodelling_louvain_4,THBS4
ecm_remodelling_louvain_4,THSD4
ecm_remodelling_louvain_4,TMPRSS6
ecm_remodelling_louvain_4,TNC
ecm_remodelling_louvain_4,TNN
ecm_remodelling_louvain_4,TNR
ecm_remodelling_louvain_4,TNS2
ecm_remodelling_louvain_4,TNXB
ecm_remodelling_louvain_4,TSPAN9
ecm_remodelling_louvain_4,VTN
ecm_remodelling_louvain_4,VWF
ecm_remodelling_louvain_5,ADAMTS12
ecm_remodelling_louvain_5,ADAMTS14
ecm_remodelling_louvain_5,ADAMTS2
ecm_remodelling_louvain_5,ADAMTS7
ecm_remodelling_louvain_5,AEBP1
ecm_remodelling_louvain_5,ANTXR1
ecm_remodelling_louvain_5,BMP1
ecm_remodelling_louvain_5,CLN3
ecm_remodelling_louvain_5,COL11A1
ecm_remodelling_louvain_5,COL11A2
ecm_remodelling_louvain_5,COL12A1
ecm_remodelling_louvain_5,COL14A1
ecm_remodelling_louvain_5,COL15A1
ecm_remodelling_louvain_5,COL16A1
ecm_remodelling_louvain_5,COL1A1
ecm_remodelling_louvain_5,COL1A2
ecm_remodelling_louvain_5,COL24A1
ecm_remodelling_louvain_5,COL2A1
ecm_remodelling_louvain_5,COL3A1
ecm_remodelling_louvain_5,COL4A1
ecm_remodelling_louvain_5,COL4A2
ecm_remodelling_louvain_5,COL4A3
ecm_remodelling_louvain_5,COL4A4
ecm_remodelling_louvain_5,COL4A5
ecm_remodelling_louvain_5,COL4A6
ecm_remodelling_louvain_5,COL5A1
ecm_remodelling_louvain_5,COL5A2
ecm_remodelling_louvain_5,COL5A3
ecm_remodelling_louvain_5,COL6A1
ecm_remodelling_louvain_5,COL6A2
ecm_remodelling_louvain_5,COL6A3
ecm_remodelling_louvain_5,COL6A5
ecm_remodelling_louvain_5,COL6A6
ecm_remodelling_louvain_5,COL8A1
ecm_remodelling_louvain_5,COL8A2
ecm_remodelling_louvain_5,COL9A1
ecm_remodelling_louvain_5,COL9A2
ecm_remodelling_louvain_5,COL9A3
ecm_remodelling_louvain_5,COLGALT1
ecm_remodelling_louvain_5,COLGALT2
ecm_remodelling_louvain_5,CREB3L1
ecm_remodelling_louvain_5,CRTAP
ecm_remodelling_louvain_5,DDR1
ecm_remodelling_louvain_5,DDR2
ecm_remodelling_louvain_5,FKBP10
ecm_remodelling_louvain_5,FNDC1
ecm_remodelling_louvain_5,GP6
ecm_remodelling_louvain_5,LOXL2
ecm_remodelling_louvain_5,MXRA8
ecm_remodelling_louvain_5,NAGLU
ecm_remodelling_louvain_5,P3H1
ecm_remodelling_louvain_5,P3H2
ecm_remodelling_louvain_5,P3H3
ecm_remodelling_louvain_5,P3H4
ecm_remodelling_louvain_5,P4HA1
ecm_remodelling_louvain_5,P4HA3
ecm_remodelling_louvain_5,PCOLCE
ecm_remodelling_louvain_5,PEPD
ecm_remodelling_louvain_5,PLOD1
ecm_remodelling_louvain_5,PLOD2
ecm_remodelling_louvain_5,PLOD3
ecm_remodelling_louvain_5,RCN3
ecm_remodelling_louvain_5,SDC4
ecm_remodelling_louvain_5,SELENON
ecm_remodelling_louvain_5,SERPINH1
ecm_remodelling_louvain_5,TLL1
ecm_remodelling_louvain_5,TLL2
ecm_remodelling_louvain_5,VIPAS39
ecm_remodelling_louvain_5,VPS33B
ecm_remodelling_louvain_5,ZNF469
ecm_remodelling_louvain_6,ADAMTS16
ecm_remodelling_louvain_6,ADAMTS6
ecm_remodelling_louvain_6,ASPN
ecm_remodelling_louvain_6,CCDC80
ecm_remodelling_louvain_6,CHADL
ecm_remodelling_louvain_6,CILP2
ecm_remodelling_louvain_6,CSGALNACT2
ecm_remodelling_louvain_6,DCN
ecm_remodelling_louvain_6,DPT
ecm_remodelling_louvain_6,ECM2
ecm_remodelling_louvain_6,EFEMP2
ecm_remodelling_louvain_6,ELN
ecm_remodelling_louvain_6,EPYC
ecm_remodelling_louvain_6,ERO1A
ecm_remodelling_louvain_6,EXT1
ecm_remodelling_louvain_6,FBLN2
ecm_remodelling_louvain_6,FBLN5
ecm_remodelling_louvain_6,FBN1
ecm_remodelling_louvain_6,FIBIN
ecm_remodelling_louvain_6,FMOD
ecm_remodelling_louvain_6,GLT8D2
ecm_remodelling_louvain_6,GPC6
ecm_remodelling_louvain_6,HAPLN2
ecm_remodelling_louvain_6,HSPG2
ecm_remodelling_louvain_6,ISLR
ecm_remodelling_louvain_6,KERA
ecm_remodelling_louvain_6,LOX
ecm_remodelling_louvain_6,LOXL1
ecm_remodelling_louvain_6,LOXL3
ecm_remodelling_louvain_6,LOXL4
ecm_remodelling_louvain_6,LTBP2
ecm_remodelling_louvain_6,LTBP4
ecm_remodelling_louvain_6,LUM
ecm_remodelling_louvain_6,MATN3
ecm_remodelling_louvain_6,MEIS3
ecm_remodelling_louvain_6,MFAP2
ecm_remodelling_louvain_6,MFAP4
ecm_remodelling_louvain_6,MFAP5
ecm_remodelling_louvain_6,MYH11
ecm_remodelling_louvain_6,OLFML1
ecm_remodelling_louvain_6,OLFML2B
ecm_remodelling_louvain_6,OMD
ecm_remodelling_louvain_6,PBX4
ecm_remodelling_louvain_6,PODN
ecm_remodelling_louvain_6,QSOX1
ecm_remodelling_louvain_6,SCX
ecm_remodelling_louvain_6,TRAM2
ecm_remodelling_louvain_6,VCAN
ecm_remodelling_louvain_6,VGLL3
pro-fibrotic_signalling_louvain_0,ALDOA
pro-fibrotic_signalling_louvain_0,ALDOB
pro-fibrotic_signalling_louvain_0,ALDOC
pro-fibrotic_signalling_louvain_0,BCAT1
pro-fibrotic_signalling_louvain_0,ENO1
pro-fibrotic_signalling_louvain_0,ENO2
pro-fibrotic_signalling_louvain_0,ENO3
pro-fibrotic_signalling_louvain_0,GAPDH
pro-fibrotic_signalling_louvain_0,GART
pro-fibrotic_signalling_louvain_0,GFPT2
pro-fibrotic_signalling_louvain_0,HK1
pro-fibrotic_signalling_louvain_0,HK2
pro-fibrotic_signalling_louvain_0,HK3
pro-fibrotic_signalling_louvain_0,HKDC1
pro-fibrotic_signalling_louvain_0,LDHA
pro-fibrotic_signalling_louvain_0,LDHAL6A
pro-fibrotic_signalling_louvain_0,LDHAL6B
pro-fibrotic_signalling_louvain_0,LDHC
pro-fibrotic_signalling_louvain_0,PDHA1
pro-fibrotic_signalling_louvain_0,PDHA2
pro-fibrotic_signalling_louvain_0,PDHB
pro-fibrotic_signalling_louvain_0,PDK1
pro-fibrotic_signalling_louvain_0,PFKFB3
pro-fibrotic_signalling_louvain_0,PFKL
pro-fibrotic_signalling_louvain_0,PFKM
pro-fibrotic_signalling_louvain_0,PFKP
pro-fibrotic_signalling_louvain_0,PGK1
pro-fibrotic_signalling_louvain_0,PGK2
pro-fibrotic_signalling_louvain_0,SLC2A1
pro-fibrotic_signalling_louvain_0,TMOD1
pro-fibrotic_signalling_louvain_1,AKT1
pro-fibrotic_signalling_louvain_1,CCAR2
pro-fibrotic_signalling_louvain_1,CHURC1
pro-fibrotic_signalling_louvain_1,CSNK2A1
pro-fibrotic_signalling_louvain_1,CSNK2A2
pro-fibrotic_signalling_louvain_1,CSRNP1
pro-fibrotic_signalling_louvain_1,CYBB
pro-fibrotic_signalling_louvain_1,DSTYK
pro-fibrotic_signalling_louvain_1,FOSL1
pro-fibrotic_signalling_louvain_1,HMOX1
pro-fibrotic_signalling_louvain_1,IQGAP1
pro-fibrotic_signalling_louvain_1,JUN
pro-fibrotic_signalling_louvain_1,MAP3K7
pro-fibrotic_signalling_louvain_1,MAPK10
pro-fibrotic_signalling_louvain_1,MAPK8
pro-fibrotic_signalling_louvain_1,MAPK9
pro-fibrotic_signalling_louvain_1,MIR146A
pro-fibrotic_signalling_louvain_1,MYOCD
pro-fibrotic_signalling_louvain_1,NFKB1
pro-fibrotic_signalling_louvain_1,NOX4
pro-fibrotic_signalling_louvain_1,NR4A3
pro-fibrotic_signalling_louvain_1,PPARD
pro-fibrotic_signalling_louvain_1,RAC1
pro-fibrotic_signalling_louvain_1,RAC2
pro-fibrotic_signalling_louvain_1,RAC3
pro-fibrotic_signalling_louvain_1,RELA
pro-fibrotic_signalling_louvain_1,RHOA
pro-fibrotic_signalling_louvain_1,ROCK1
pro-fibrotic_signalling_louvain_1,ROCK2
pro-fibrotic_signalling_louvain_1,SIRT1
pro-fibrotic_signalling_louvain_1,SNCA
pro-fibrotic_signalling_louvain_1,TFRC
pro-fibrotic_signalling_louvain_1,TIPARP
pro-fibrotic_signalling_louvain_1,TP53
pro-fibrotic_signalling_louvain_1,TRIM71
pro-fibrotic_signalling_louvain_1,TXNIP
pro-fibrotic_signalling_louvain_1,ZEB2
pro-fibrotic_signalling_louvain_1,ZFAND5
pro-fibrotic_signalling_louvain_10,AOX1
pro-fibrotic_signalling_louvain_10,APC
pro-fibrotic_signalling_louvain_10,APC2
pro-fibrotic_signalling_louvain_10,AXIN1
pro-fibrotic_signalling_louvain_10,AXIN2
pro-fibrotic_signalling_louvain_10,CACYBP
pro-fibrotic_signalling_louvain_10,CBY1
pro-fibrotic_signalling_louvain_10,CSNK1A1
pro-fibrotic_signalling_louvain_10,CSNK1A1L
pro-fibrotic_signalling_louvain_10,CTNNB1
pro-fibrotic_signalling_louvain_10,CTNNBIP1
pro-fibrotic_signalling_louvain_10,CTNND2
pro-fibrotic_signalling_louvain_10,FER
pro-fibrotic_signalling_louvain_10,FRAT1
pro-fibrotic_signalling_louvain_10,FRAT2
pro-fibrotic_signalling_louvain_10,LEF1
pro-fibrotic_signalling_louvain_10,NLK
pro-fibrotic_signalling_louvain_10,NNMT
pro-fibrotic_signalling_louvain_10,SOX17
pro-fibrotic_signalling_louvain_10,TCF7
pro-fibrotic_signalling_louvain_10,TCF7L1
pro-fibrotic_signalling_louvain_10,TCF7L2
pro-fibrotic_signalling_louvain_10,TSHZ3
pro-fibrotic_signalling_louvain_11,CCDC88C
pro-fibrotic_signalling_louvain_11,CMTM3
pro-fibrotic_signalling_louvain_11,CSNK2A3
pro-fibrotic_signalling_louvain_11,CSNK2B
pro-fibrotic_signalling_louvain_11,CXXC4
pro-fibrotic_signalling_louvain_11,DAAM1
pro-fibrotic_signalling_louvain_11,DAAM2
pro-fibrotic_signalling_louvain_11,DACT1
pro-fibrotic_signalling_louvain_11,DACT3
pro-fibrotic_signalling_louvain_11,DVL1
pro-fibrotic_signalling_louvain_11,DVL2
pro-fibrotic_signalling_louvain_11,DVL3
pro-fibrotic_signalling_louvain_11,FZD6
pro-fibrotic_signalling_louvain_11,FZD9
pro-fibrotic_signalling_louvain_11,INVS
pro-fibrotic_signalling_louvain_11,NKD1
pro-fibrotic_signalling_louvain_11,NKD2
pro-fibrotic_signalling_louvain_11,PRICKLE1
pro-fibrotic_signalling_louvain_11,PRICKLE2
pro-fibrotic_signalling_louvain_11,PRICKLE3
pro-fibrotic_signalling_louvain_11,PRICKLE4
pro-fibrotic_signalling_louvain_11,RHOD
pro-fibrotic_signalling_louvain_11,SENP2
pro-fibrotic_signalling_louvain_11,VANGL1
pro-fibrotic_signalling_louvain_11,VANGL2
pro-fibrotic_signalling_louvain_11,WNT11
pro-fibrotic_signalling_louvain_12,APCDD1
pro-fibrotic_signalling_louvain_12,CCN4
pro-fibrotic_signalling_louvain_12,CER1
pro-fibrotic_signalling_louvain_12,CSNK1G1
pro-fibrotic_signalling_louvain_12,CSNK1G2
pro-fibrotic_signalling_louvain_12,DKK1
pro-fibrotic_signalling_louvain_12,DKK2
pro-fibrotic_signalling_louvain_12,DKK4
pro-fibrotic_signalling_louvain_12,FRZB
pro-fibrotic_signalling_louvain_12,FZD1
pro-fibrotic_signalling_louvain_12,FZD10
pro-fibrotic_signalling_louvain_12,FZD2
pro-fibrotic_signalling_louvain_12,FZD3
pro-fibrotic_signalling_louvain_12,FZD4
pro-fibrotic_signalling_louvain_12,FZD5
pro-fibrotic_signalling_louvain_12,FZD7
pro-fibrotic_signalling_louvain_12,FZD8
pro-fibrotic_signalling_louvain_12,GPC4
pro-fibrotic_signalling_louvain_12,LGR4
pro-fibrotic_signalling_louvain_12,LGR5
pro-fibrotic_signalling_louvain_12,LGR6
pro-fibrotic_signalling_louvain_12,LRP5
pro-fibrotic_signalling_louvain_12,LRP6
pro-fibrotic_signalling_louvain_12,NDRG4
pro-fibrotic_signalling_louvain_12,NOTUM
pro-fibrotic_signalling_louvain_12,PORCN
pro-fibrotic_signalling_louvain_12,RNF43
pro-fibrotic_signalling_louvain_12,ROR1
pro-fibrotic_signalling_louvain_12,ROR2
pro-fibrotic_signalling_louvain_12,RSPO1
pro-fibrotic_signalling_louvain_12,RSPO2
pro-fibrotic_signalling_louvain_12,RSPO3
pro-fibrotic_signalling_louvain_12,RSPO4
pro-fibrotic_signalling_louvain_12,RYK
pro-fibrotic_signalling_louvain_12,SFRP1
pro-fibrotic_signalling_louvain_12,SFRP2
pro-fibrotic_signalling_louvain_12,SFRP4
pro-fibrotic_signalling_louvain_12,SFRP5
pro-fibrotic_signalling_louvain_12,SMOC2
pro-fibrotic_signalling_louvain_12,SOST
pro-fibrotic_signalling_louvain_12,WIF1
pro-fibrotic_signalling_louvain_12,WNT1
pro-fibrotic_signalling_louvain_12,WNT10A
pro-fibrotic_signalling_louvain_12,WNT10B
pro-fibrotic_signalling_louvain_12,WNT16
pro-fibrotic_signalling_louvain_12,WNT2
pro-fibrotic_signalling_louvain_12,WNT2B
pro-fibrotic_signalling_louvain_12,WNT3
pro-fibrotic_signalling_louvain_12,WNT3A
pro-fibrotic_signalling_louvain_12,WNT4
pro-fibrotic_signalling_louvain_12,WNT5A
pro-fibrotic_signalling_louvain_12,WNT5B
pro-fibrotic_signalling_louvain_12,WNT6
pro-fibrotic_signalling_louvain_12,WNT7A
pro-fibrotic_signalling_louvain_12,WNT7B
pro-fibrotic_signalling_louvain_12,WNT8A
pro-fibrotic_signalling_louvain_12,WNT8B
pro-fibrotic_signalling_louvain_12,WNT9A
pro-fibrotic_signalling_louvain_12,WNT9B
pro-fibrotic_signalling_louvain_12,ZNRF3
pro-fibrotic_signalling_louvain_13,ARID5B
pro-fibrotic_signalling_louvain_13,CLCF1
pro-fibrotic_signalling_louvain_13,CLEC11A
pro-fibrotic_signalling_louvain_13,CNTF
pro-fibrotic_signalling_louvain_13,CNTFR
pro-fibrotic_signalling_louvain_13,CRLF2
pro-fibrotic_signalling_louvain_13,CSF2
pro-fibrotic_signalling_louvain_13,CSF2RA
pro-fibrotic_signalling_louvain_13,CSF2RB
pro-fibrotic_signalling_louvain_13,CSF3R
pro-fibrotic_signalling_louvain_13,CTF1
pro-fibrotic_signalling_louvain_13,EPOR
pro-fibrotic_signalling_louvain_13,IFNA1
pro-fibrotic_signalling_louvain_13,IFNA10
pro-fibrotic_signalling_louvain_13,IFNA13
pro-fibrotic_signalling_louvain_13,IFNA14
pro-fibrotic_signalling_louvain_13,IFNA16
pro-fibrotic_signalling_louvain_13,IFNA17
pro-fibrotic_signalling_louvain_13,IFNA2
pro-fibrotic_signalling_louvain_13,IFNA21
pro-fibrotic_signalling_louvain_13,IFNA4
pro-fibrotic_signalling_louvain_13,IFNA5
pro-fibrotic_signalling_louvain_13,IFNA6
pro-fibrotic_signalling_louvain_13,IFNA7
pro-fibrotic_signalling_louvain_13,IFNA8
pro-fibrotic_signalling_louvain_13,IFNAR1
pro-fibrotic_signalling_louvain_13,IFNAR2
pro-fibrotic_signalling_louvain_13,IFNB1
pro-fibrotic_signalling_louvain_13,IFNGR1
pro-fibrotic_signalling_louvain_13,IFNGR2
pro-fibrotic_signalling_louvain_13,IFNW1
pro-fibrotic_signalling_louvain_13,IL11
pro-fibrotic_signalling_louvain_13,IL11RA
pro-fibrotic_signalling_louvain_13,IL12A
pro-fibrotic_signalling_louvain_13,IL12B
pro-fibrotic_signalling_louvain_13,IL12RB1
pro-fibrotic_signalling_louvain_13,IL12RB2
pro-fibrotic_signalling_louvain_13,IL13RA1
pro-fibrotic_signalling_louvain_13,IL13RA2
pro-fibrotic_signalling_louvain_13,IL15
pro-fibrotic_signalling_louvain_13,IL15RA
pro-fibrotic_signalling_louvain_13,IL2
pro-fibrotic_signalling_louvain_13,IL21
pro-fibrotic_signalling_louvain_13,IL21R
pro-fibrotic_signalling_louvain_13,IL23A
pro-fibrotic_signalling_louvain_13,IL23R
pro-fibrotic_signalling_louvain_13,IL27
pro-fibrotic_signalling_louvain_13,IL27RA
pro-fibrotic_signalling_louvain_13,IL2RA
pro-fibrotic_signalling_louvain_13,IL2RB
pro-fibrotic_signalling_louvain_13,IL2RG
pro-fibrotic_signalling_louvain_13,IL3
pro-fibrotic_signalling_louvain_13,IL31
pro-fibrotic_signalling_louvain_13,IL31RA
pro-fibrotic_signalling_louvain_13,IL3RA
pro-fibrotic_signalling_louvain_13,IL4R
pro-fibrotic_signalling_louvain_13,IL5RA
pro-fibrotic_signalling_louvain_13,IL6R
pro-fibrotic_signalling_louvain_13,IL6ST
pro-fibrotic_signalling_louvain_13,IL7
pro-fibrotic_signalling_louvain_13,IL9
pro-fibrotic_signalling_louvain_13,IL9R
pro-fibrotic_signalling_louvain_13,IRF9
pro-fibrotic_signalling_louvain_13,LIF
pro-fibrotic_signalling_louvain_13,LIFR
pro-fibrotic_signalling_louvain_13,OSM
pro-fibrotic_signalling_louvain_13,OSMR
pro-fibrotic_signalling_louvain_14,C1QTNF6
pro-fibrotic_signalling_louvain_14,CCL11
pro-fibrotic_signalling_louvain_14,CD28
pro-fibrotic_signalling_louvain_14,CISH
pro-fibrotic_signalling_louvain_14,CLMP
pro-fibrotic_signalling_louvain_14,CSF3
pro-fibrotic_signalling_louvain_14,CSH1
pro-fibrotic_signalling_louvain_14,CSH2
pro-fibrotic_signalling_louvain_14,CSHL1
pro-fibrotic_signalling_louvain_14,EPO
pro-fibrotic_signalling_louvain_14,FHL1
pro-fibrotic_signalling_louvain_14,GATA3
pro-fibrotic_signalling_louvain_14,GH1
pro-fibrotic_signalling_louvain_14,GH2
pro-fibrotic_signalling_louvain_14,GHR
pro-fibrotic_signalling_louvain_14,IFNE
pro-fibrotic_signalling_louvain_14,IFNG
pro-fibrotic_signalling_louvain_14,IFNK
pro-fibrotic_signalling_louvain_14,IFNL1
pro-fibrotic_signalling_louvain_14,IFNL2
pro-fibrotic_signalling_louvain_14,IFNL3
pro-fibrotic_signalling_louvain_14,IFNLR1
pro-fibrotic_signalling_louvain_14,IL10
pro-fibrotic_signalling_louvain_14,IL10RA
pro-fibrotic_signalling_louvain_14,IL10RB
pro-fibrotic_signalling_louvain_14,IL13
pro-fibrotic_signalling_louvain_14,IL19
pro-fibrotic_signalling_louvain_14,IL1B
pro-fibrotic_signalling_louvain_14,IL1R1
pro-fibrotic_signalling_louvain_14,IL20
pro-fibrotic_signalling_louvain_14,IL20RA
pro-fibrotic_signalling_louvain_14,IL20RB
pro-fibrotic_signalling_louvain_14,IL22
pro-fibrotic_signalling_louvain_14,IL22RA1
pro-fibrotic_signalling_louvain_14,IL22RA2
pro-fibrotic_signalling_louvain_14,IL24
pro-fibrotic_signalling_louvain_14,IL26
pro-fibrotic_signalling_louvain_14,IL4
pro-fibrotic_signalling_louvain_14,IL5
pro-fibrotic_signalling_louvain_14,IL6
pro-fibrotic_signalling_louvain_14,IL7R
pro-fibrotic_signalling_louvain_14,JAK1
pro-fibrotic_signalling_louvain_14,JAK2
pro-fibrotic_signalling_louvain_14,JAK3
pro-fibrotic_signalling_louvain_14,LEP
pro-fibrotic_signalling_louvain_14,LEPR
pro-fibrotic_signalling_louvain_14,LTBR
pro-fibrotic_signalling_louvain_14,MPL
pro-fibrotic_signalling_louvain_14,NOS2
pro-fibrotic_signalling_louvain_14,PIAS1
pro-fibrotic_signalling_louvain_14,PIAS2
pro-fibrotic_signalling_louvain_14,PIAS3
pro-fibrotic_signalling_louvain_14,PRL
pro-fibrotic_signalling_louvain_14,PRLR
pro-fibrotic_signalling_louvain_14,PTPN1
pro-fibrotic_signalling_louvain_14,PTPN2
pro-fibrotic_signalling_louvain_14,PTPN6
pro-fibrotic_signalling_louvain_14,SOCS1
pro-fibrotic_signalling_louvain_14,SOCS2
pro-fibrotic_signalling_louvain_14,SOCS3
pro-fibrotic_signalling_louvain_14,SOCS4
pro-fibrotic_signalling_louvain_14,SOCS5
pro-fibrotic_signalling_louvain_14,SOCS6
pro-fibrotic_signalling_louvain_14,SOCS7
pro-fibrotic_signalling_louvain_14,SPDEF
pro-fibrotic_signalling_louvain_14,STAT1
pro-fibrotic_signalling_louvain_14,STAT2
pro-fibrotic_signalling_louvain_14,STAT3
pro-fibrotic_signalling_louvain_14,STAT4
pro-fibrotic_signalling_louvain_14,STAT5A
pro-fibrotic_signalling_louvain_14,STAT5B
pro-fibrotic_signalling_louvain_14,STAT6
pro-fibrotic_signalling_louvain_14,THPO
pro-fibrotic_signalling_louvain_14,TLR4
pro-fibrotic_signalling_louvain_14,TNF
pro-fibrotic_signalling_louvain_14,TNFSF4
pro-fibrotic_signalling_louvain_14,TSLP
pro-fibrotic_signalling_louvain_14,TYK2
pro-fibrotic_signalling_louvain_15,ARRB1
pro-fibrotic_signalling_louvain_15,ARRB2
pro-fibrotic_signalling_louvain_15,BOC
pro-fibrotic_signalling_louvain_15,CDON
pro-fibrotic_signalling_louvain_15,CSNK1G3
pro-fibrotic_signalling_louvain_15,DHH
pro-fibrotic_signalling_louvain_15,DISP1
pro-fibrotic_signalling_louvain_15,EFCAB7
pro-fibrotic_signalling_louvain_15,EVC
pro-fibrotic_signalling_louvain_15,EVC2
pro-fibrotic_signalling_louvain_15,FUZ
pro-fibrotic_signalling_louvain_15,GAS1
pro-fibrotic_signalling_louvain_15,GLI1
pro-fibrotic_signalling_louvain_15,GLI2
pro-fibrotic_signalling_louvain_15,GLI3
pro-fibrotic_signalling_louvain_15,GPR161
pro-fibrotic_signalling_louvain_15,GRK1
pro-fibrotic_signalling_louvain_15,GRK2
pro-fibrotic_signalling_louvain_15,GRK3
pro-fibrotic_signalling_louvain_15,HGS
pro-fibrotic_signalling_louvain_15,HHAT
pro-fibrotic_signalling_louvain_15,HHIP
pro-fibrotic_signalling_louvain_15,HIP1
pro-fibrotic_signalling_louvain_15,HIP1R
pro-fibrotic_signalling_louvain_15,IFT20
pro-fibrotic_signalling_louvain_15,IFT80
pro-fibrotic_signalling_louvain_15,IHH
pro-fibrotic_signalling_louvain_15,IQCE
pro-fibrotic_signalling_louvain_15,ITCH
pro-fibrotic_signalling_louvain_15,KIF16B
pro-fibrotic_signalling_louvain_15,KIF26B
pro-fibrotic_signalling_louvain_15,KIF3A
pro-fibrotic_signalling_louvain_15,KIF7
pro-fibrotic_signalling_louvain_15,LRIT3
pro-fibrotic_signalling_louvain_15,LRP2
pro-fibrotic_signalling_louvain_15,MEGF8
pro-fibrotic_signalling_louvain_15,MGRN1
pro-fibrotic_signalling_louvain_15,MOSMO
pro-fibrotic_signalling_louvain_15,OFD1
pro-fibrotic_signalling_louvain_15,PMP22
pro-fibrotic_signalling_louvain_15,PTCH1
pro-fibrotic_signalling_louvain_15,PTCH2
pro-fibrotic_signalling_louvain_15,RAB14
pro-fibrotic_signalling_louvain_15,SCUBE2
pro-fibrotic_signalling_louvain_15,SGIP1
pro-fibrotic_signalling_louvain_15,SHH
pro-fibrotic_signalling_louvain_15,SMO
pro-fibrotic_signalling_louvain_15,SPOP
pro-fibrotic_signalling_louvain_15,SPOPL
pro-fibrotic_signalling_louvain_15,STAM
pro-fibrotic_signalling_louvain_15,STAM2
pro-fibrotic_signalling_louvain_15,STON1
pro-fibrotic_signalling_louvain_15,SUFU
pro-fibrotic_signalling_louvain_15,THSD4
pro-fibrotic_signalling_louvain_2,AKT2
pro-fibrotic_signalling_louvain_2,AKT3
pro-fibrotic_signalling_louvain_2,ARNT
pro-fibrotic_signalling_louvain_2,BCL2
pro-fibrotic_signalling_louvain_2,BCL2L1
pro-fibrotic_signalling_louvain_2,BNC2
pro-fibrotic_signalling_louvain_2,BTRC
pro-fibrotic_signalling_louvain_2,CLASP2
pro-fibrotic_signalling_louvain_2,CREB3L1
pro-fibrotic_signalling_louvain_2,CSNK1D
pro-fibrotic_signalling_louvain_2,CSNK1E
pro-fibrotic_signalling_louvain_2,CUL2
pro-fibrotic_signalling_louvain_2,CUL3
pro-fibrotic_signalling_louvain_2,DPYSL3
pro-fibrotic_signalling_louvain_2,EEF2
pro-fibrotic_signalling_louvain_2,EGLN1
pro-fibrotic_signalling_louvain_2,EGLN2
pro-fibrotic_signalling_louvain_2,EGLN3
pro-fibrotic_signalling_louvain_2,EIF4E
pro-fibrotic_signalling_louvain_2,EIF4E1B
pro-fibrotic_signalling_louvain_2,EIF4E2
pro-fibrotic_signalling_louvain_2,EIF4EBP1
pro-fibrotic_signalling_louvain_2,ELOB
pro-fibrotic_signalling_louvain_2,ELOC
pro-fibrotic_signalling_louvain_2,EP300
pro-fibrotic_signalling_louvain_2,EPAS1
pro-fibrotic_signalling_louvain_2,FBXW11
pro-fibrotic_signalling_louvain_2,GSK3B
pro-fibrotic_signalling_louvain_2,HIF1A
pro-fibrotic_signalling_louvain_2,LDHB
pro-fibrotic_signalling_louvain_2,MAP2K1
pro-fibrotic_signalling_louvain_2,MAP2K2
pro-fibrotic_signalling_louvain_2,MAPK1
pro-fibrotic_signalling_louvain_2,MAPK3
pro-fibrotic_signalling_louvain_2,MCC
pro-fibrotic_signalling_louvain_2,MKNK1
pro-fibrotic_signalling_louvain_2,MKNK2
pro-fibrotic_signalling_louvain_2,MTOR
pro-fibrotic_signalling_louvain_2,NFATC1
pro-fibrotic_signalling_louvain_2,NFATC2
pro-fibrotic_signalling_louvain_2,NFATC3
pro-fibrotic_signalling_louvain_2,NFATC4
pro-fibrotic_signalling_louvain_2,NHERF1
pro-fibrotic_signalling_louvain_2,NPPA
pro-fibrotic_signalling_louvain_2,OSCAR
pro-fibrotic_signalling_louvain_2,PHF14
pro-fibrotic_signalling_louvain_2,PPP2CA
pro-fibrotic_signalling_louvain_2,PPP2CB
pro-fibrotic_signalling_louvain_2,PPP2R1A
pro-fibrotic_signalling_louvain_2,PPP2R1B
pro-fibrotic_signalling_louvain_2,PPP3CA
pro-fibrotic_signalling_louvain_2,PPP3CB
pro-fibrotic_signalling_louvain_2,PPP3CC
pro-fibrotic_signalling_louvain_2,PPP3R1
pro-fibrotic_signalling_louvain_2,PPP3R2
pro-fibrotic_signalling_louvain_2,PRKACA
pro-fibrotic_signalling_louvain_2,PRKACB
pro-fibrotic_signalling_louvain_2,PRKACG
pro-fibrotic_signalling_louvain_2,PRKCA
pro-fibrotic_signalling_louvain_2,PRKCB
pro-fibrotic_signalling_louvain_2,PRKCG
pro-fibrotic_signalling_louvain_2,PRKD2
pro-fibrotic_signalling_louvain_2,RAF1
pro-fibrotic_signalling_louvain_2,RBX1
pro-fibrotic_signalling_louvain_2,RPS6
pro-fibrotic_signalling_louvain_2,RPS6KB1
pro-fibrotic_signalling_louvain_2,RPS6KB2
pro-fibrotic_signalling_louvain_2,SIAH1
pro-fibrotic_signalling_louvain_2,SMPD3
pro-fibrotic_signalling_louvain_2,SP1
pro-fibrotic_signalling_louvain_2,TPTEP2-CSNK1E
pro-fibrotic_signalling_louvain_2,VEGFA
pro-fibrotic_signalling_louvain_2,VHL
pro-fibrotic_signalling_louvain_3,ABL1
pro-fibrotic_signalling_louvain_3,CCND1
pro-fibrotic_signalling_louvain_3,CCND2
pro-fibrotic_signalling_louvain_3,CCND3
pro-fibrotic_signalling_louvain_3,CDKN1A
pro-fibrotic_signalling_louvain_3,CDKN1B
pro-fibrotic_signalling_louvain_3,CDKN2B
pro-fibrotic_signalling_louvain_3,CUL1
pro-fibrotic_signalling_louvain_3,E2F4
pro-fibrotic_signalling_louvain_3,E2F5
pro-fibrotic_signalling_louvain_3,MCL1
pro-fibrotic_signalling_louvain_3,MIR1-1
pro-fibrotic_signalling_louvain_3,MIR16-1
pro-fibrotic_signalling_louvain_3,MIR221
pro-fibrotic_signalling_louvain_3,MYC
pro-fibrotic_signalling_louvain_3,PIM1
pro-fibrotic_signalling_louvain_3,RBL1
pro-fibrotic_signalling_louvain_3,SGPL1
pro-fibrotic_signalling_louvain_3,SKP1
pro-fibrotic_signalling_louvain_3,TFDP1
pro-fibrotic_signalling_louvain_3,ZDHHC16
pro-fibrotic_signalling_louvain_4,ARSI
pro-fibrotic_signalling_louvain_4,COL1A1
pro-fibrotic_signalling_louvain_4,CTHRC1
pro-fibrotic_signalling_louvain_4,FAM20C
pro-fibrotic_signalling_louvain_4,FBN1
pro-fibrotic_signalling_louvain_4,FMOD
pro-fibrotic_signalling_louvain_4,FSTL1
pro-fibrotic_signalling_louvain_4,LRRC32
pro-fibrotic_signalling_louvain_4,LTBP1
pro-fibrotic_signalling_louvain_4,NRROS
pro-fibrotic_signalling_louvain_4,PRRX1
pro-fibrotic_signalling_louvain_4,SNAI2
pro-fibrotic_signalling_louvain_4,SULF1
pro-fibrotic_signalling_louvain_4,TGFB1
pro-fibrotic_signalling_louvain_4,TGFB2
pro-fibrotic_signalling_louvain_4,TGFB3
pro-fibrotic_signalling_louvain_4,TGFBI
pro-fibrotic_signalling_louvain_4,TGFBR1
pro-fibrotic_signalling_louvain_4,TGFBR2
pro-fibrotic_signalling_louvain_4,TWIST1
pro-fibrotic_signalling_louvain_5,ACVR1
pro-fibrotic_signalling_louvain_5,ACVR1B
pro-fibrotic_signalling_louvain_5,ACVR1C
pro-fibrotic_signalling_louvain_5,ACVR2A
pro-fibrotic_signalling_louvain_5,ACVR2B
pro-fibrotic_signalling_louvain_5,AMH
pro-fibrotic_signalling_louvain_5,AMHR2
pro-fibrotic_signalling_louvain_5,BAMBI
pro-fibrotic_signalling_louvain_5,BMP2
pro-fibrotic_signalling_louvain_5,BMP4
pro-fibrotic_signalling_louvain_5,BMP5
pro-fibrotic_signalling_louvain_5,BMP6
pro-fibrotic_signalling_louvain_5,BMP7
pro-fibrotic_signalling_louvain_5,BMP8A
pro-fibrotic_signalling_louvain_5,BMP8B
pro-fibrotic_signalling_louvain_5,BMPR1A
pro-fibrotic_signalling_louvain_5,BMPR1B
pro-fibrotic_signalling_louvain_5,BMPR2
pro-fibrotic_signalling_louvain_5,CHRD
pro-fibrotic_signalling_louvain_5,FSHR
pro-fibrotic_signalling_louvain_5,FST
pro-fibrotic_signalling_louvain_5,GDF5
pro-fibrotic_signalling_louvain_5,GDF6
pro-fibrotic_signalling_louvain_5,GDF7
pro-fibrotic_signalling_louvain_5,GREM1
pro-fibrotic_signalling_louvain_5,GREM2
pro-fibrotic_signalling_louvain_5,HAMP
pro-fibrotic_signalling_louvain_5,HFE
pro-fibrotic_signalling_louvain_5,HJV
pro-fibrotic_signalling_louvain_5,HTRA1
pro-fibrotic_signalling_louvain_5,ID1
pro-fibrotic_signalling_louvain_5,ID2
pro-fibrotic_signalling_louvain_5,ID3
pro-fibrotic_signalling_louvain_5,ID4
pro-fibrotic_signalling_louvain_5,IGSF1
pro-fibrotic_signalling_louvain_5,INHBA
pro-fibrotic_signalling_louvain_5,INHBB
pro-fibrotic_signalling_louvain_5,INHBC
pro-fibrotic_signalling_louvain_5,INHBE
pro-fibrotic_signalling_louvain_5,LEFTY1
pro-fibrotic_signalling_louvain_5,LEFTY2
pro-fibrotic_signalling_louvain_5,LEMD3
pro-fibrotic_signalling_louvain_5,LRIG2
pro-fibrotic_signalling_louvain_5,MAGEL2
pro-fibrotic_signalling_louvain_5,MICOS10-NBL1
pro-fibrotic_signalling_louvain_5,MSRB3
pro-fibrotic_signalling_louvain_5,NEO1
pro-fibrotic_signalling_louvain_5,NODAL
pro-fibrotic_signalling_louvain_5,NOG
pro-fibrotic_signalling_louvain_5,PIAS4
pro-fibrotic_signalling_louvain_5,PITX2
pro-fibrotic_signalling_louvain_5,PLEKHA1
pro-fibrotic_signalling_louvain_5,PMEPA1
pro-fibrotic_signalling_louvain_5,PRDM14
pro-fibrotic_signalling_louvain_5,RGMA
pro-fibrotic_signalling_louvain_5,RGMB
pro-fibrotic_signalling_louvain_5,RUNX2
pro-fibrotic_signalling_louvain_5,SKI
pro-fibrotic_signalling_louvain_5,SKIL
pro-fibrotic_signalling_louvain_5,SMAD1
pro-fibrotic_signalling_louvain_5,SMAD2
pro-fibrotic_signalling_louvain_5,SMAD3
pro-fibrotic_signalling_louvain_5,SMAD4
pro-fibrotic_signalling_louvain_5,SMAD5
pro-fibrotic_signalling_louvain_5,SMAD6
pro-fibrotic_signalling_louvain_5,SMAD7
pro-fibrotic_signalling_louvain_5,SMAD9
pro-fibrotic_signalling_louvain_5,SMURF1
pro-fibrotic_signalling_louvain_5,SMURF2
pro-fibrotic_signalling_louvain_5,TBX2
pro-fibrotic_signalling_louvain_5,TF
pro-fibrotic_signalling_louvain_5,TFR2
pro-fibrotic_signalling_louvain_5,TGFB1I1
pro-fibrotic_signalling_louvain_5,TGIF1
pro-fibrotic_signalling_louvain_5,TGIF2
pro-fibrotic_signalling_louvain_5,ZFYVE16
pro-fibrotic_signalling_louvain_5,ZFYVE9
pro-fibrotic_signalling_louvain_5,ZNF521
pro-fibrotic_signalling_louvain_6,ADAM17
pro-fibrotic_signalling_louvain_6,APH1A
pro-fibrotic_signalling_louvain_6,APH1B
pro-fibrotic_signalling_louvain_6,ATXN1
pro-fibrotic_signalling_louvain_6,ATXN1L
pro-fibrotic_signalling_louvain_6,CHD8
pro-fibrotic_signalling_louvain_6,CIRSR
pro-fibrotic_signalling_louvain_6,CREBBP
pro-fibrotic_signalling_louvain_6,CTBP1
pro-fibrotic_signalling_louvain_6,CTBP2
pro-fibrotic_signalling_louvain_6,DLL1
pro-fibrotic_signalling_louvain_6,DLL3
pro-fibrotic_signalling_louvain_6,DLL4
pro-fibrotic_signalling_louvain_6,DTX1
pro-fibrotic_signalling_louvain_6,DTX2
pro-fibrotic_signalling_louvain_6,DTX3
pro-fibrotic_signalling_louvain_6,DTX3L
pro-fibrotic_signalling_louvain_6,DTX4
pro-fibrotic_signalling_louvain_6,HDAC1
pro-fibrotic_signalling_louvain_6,HDAC2
pro-fibrotic_signalling_louvain_6,HES1
pro-fibrotic_signalling_louvain_6,HES5
pro-fibrotic_signalling_louvain_6,HEY1
pro-fibrotic_signalling_louvain_6,HEY2
pro-fibrotic_signalling_louvain_6,HEYL
pro-fibrotic_signalling_louvain_6,JAG1
pro-fibrotic_signalling_louvain_6,JAG2
pro-fibrotic_signalling_louvain_6,KAT2A
pro-fibrotic_signalling_louvain_6,KAT2B
pro-fibrotic_signalling_louvain_6,LFNG
pro-fibrotic_signalling_louvain_6,MAML1
pro-fibrotic_signalling_louvain_6,MAML2
pro-fibrotic_signalling_louvain_6,MAML3
pro-fibrotic_signalling_louvain_6,MFNG
pro-fibrotic_signalling_louvain_6,NCOR1
pro-fibrotic_signalling_louvain_6,NCOR2
pro-fibrotic_signalling_louvain_6,NCSTN
pro-fibrotic_signalling_louvain_6,NOTCH1
pro-fibrotic_signalling_louvain_6,NOTCH2
pro-fibrotic_signalling_louvain_6,NOTCH3
pro-fibrotic_signalling_louvain_6,NOTCH4
pro-fibrotic_signalling_louvain_6,NRARP
pro-fibrotic_signalling_louvain_6,NUMB
pro-fibrotic_signalling_louvain_6,NUMBL
pro-fibrotic_signalling_louvain_6,PBX2
pro-fibrotic_signalling_louvain_6,PSEN1
pro-fibrotic_signalling_louvain_6,PSEN2
pro-fibrotic_signalling_louvain_6,PSENEN
pro-fibrotic_signalling_louvain_6,PTCRA
pro-fibrotic_signalling_louvain_6,RBPJ
pro-fibrotic_signalling_louvain_6,RBPJL
pro-fibrotic_signalling_louvain_6,RFNG
pro-fibrotic_signalling_louvain_6,RUVBL1
pro-fibrotic_signalling_louvain_6,SIN3A
pro-fibrotic_signalling_louvain_6,SNW1
pro-fibrotic_signalling_louvain_6,SPEN
pro-fibrotic_signalling_louvain_6,SPOCD1
pro-fibrotic_signalling_louvain_6,TBL1X
pro-fibrotic_signalling_louvain_6,TBL1XR1
pro-fibrotic_signalling_louvain_6,TBL1Y
pro-fibrotic_signalling_louvain_6,TLE1
pro-fibrotic_signalling_louvain_6,TLE2
pro-fibrotic_signalling_louvain_6,TLE3
pro-fibrotic_signalling_louvain_6,TLE4
pro-fibrotic_signalling_louvain_6,TLE6
pro-fibrotic_signalling_louvain_6,ZFPM2
pro-fibrotic_signalling_louvain_7,ADIPOQ
pro-fibrotic_signalling_louvain_7,ANGPT1
pro-fibrotic_signalling_louvain_7,ANGPT2
pro-fibrotic_signalling_louvain_7,ANGPT4
pro-fibrotic_signalling_louvain_7,ANGPTL2
pro-fibrotic_signalling_louvain_7,APLN
pro-fibrotic_signalling_louvain_7,AXL
pro-fibrotic_signalling_louvain_7,BCAR1
pro-fibrotic_signalling_louvain_7,BRS3
pro-fibrotic_signalling_louvain_7,CAMK2A
pro-fibrotic_signalling_louvain_7,CAMK2B
pro-fibrotic_signalling_louvain_7,CAMK2D
pro-fibrotic_signalling_louvain_7,CAMK2G
pro-fibrotic_signalling_louvain_7,CBL
pro-fibrotic_signalling_louvain_7,CBLB
pro-fibrotic_signalling_louvain_7,CRKL
pro-fibrotic_signalling_louvain_7,DIO2
pro-fibrotic_signalling_louvain_7,EDN1
pro-fibrotic_signalling_louvain_7,EDNRA
pro-fibrotic_signalling_louvain_7,EGFR
pro-fibrotic_signalling_louvain_7,ERBB2
pro-fibrotic_signalling_louvain_7,FLT1
pro-fibrotic_signalling_louvain_7,GRB2
pro-fibrotic_signalling_louvain_7,GRP
pro-fibrotic_signalling_louvain_7,HRAS
pro-fibrotic_signalling_louvain_7,IGF1
pro-fibrotic_signalling_louvain_7,IGF1R
pro-fibrotic_signalling_louvain_7,INS
pro-fibrotic_signalling_louvain_7,INSR
pro-fibrotic_signalling_louvain_7,LZTS2
pro-fibrotic_signalling_louvain_7,MYO1E
pro-fibrotic_signalling_louvain_7,NGFR
pro-fibrotic_signalling_louvain_7,NOS3
pro-fibrotic_signalling_louvain_7,NRP1
pro-fibrotic_signalling_louvain_7,NRXN1
pro-fibrotic_signalling_louvain_7,P3R3URF-PIK3R3
pro-fibrotic_signalling_louvain_7,PDGFA
pro-fibrotic_signalling_louvain_7,PDGFB
pro-fibrotic_signalling_louvain_7,PDGFC
pro-fibrotic_signalling_louvain_7,PDGFD
pro-fibrotic_signalling_louvain_7,PDGFRA
pro-fibrotic_signalling_louvain_7,PDGFRB
pro-fibrotic_signalling_louvain_7,PDGFRL
pro-fibrotic_signalling_louvain_7,PIK3C2A
pro-fibrotic_signalling_louvain_7,PIK3CA
pro-fibrotic_signalling_louvain_7,PIK3CB
pro-fibrotic_signalling_louvain_7,PIK3CD
pro-fibrotic_signalling_louvain_7,PIK3R1
pro-fibrotic_signalling_louvain_7,PIK3R2
pro-fibrotic_signalling_louvain_7,PIK3R3
pro-fibrotic_signalling_louvain_7,PLCB1
pro-fibrotic_signalling_louvain_7,PLCB2
pro-fibrotic_signalling_louvain_7,PLCB3
pro-fibrotic_signalling_louvain_7,PLCB4
pro-fibrotic_signalling_louvain_7,PLCG1
pro-fibrotic_signalling_louvain_7,PLCG2
pro-fibrotic_signalling_louvain_7,PTGIR
pro-fibrotic_signalling_louvain_7,PTPN11
pro-fibrotic_signalling_louvain_7,PTPN12
pro-fibrotic_signalling_louvain_7,PTPRJ
pro-fibrotic_signalling_louvain_7,SHCBP1
pro-fibrotic_signalling_louvain_7,SHOC2
pro-fibrotic_signalling_louvain_7,SOS1
pro-fibrotic_signalling_louvain_7,SOS2
pro-fibrotic_signalling_louvain_7,SRC
pro-fibrotic_signalling_louvain_7,SYK
pro-fibrotic_signalling_louvain_7,TEK
pro-fibrotic_signalling_louvain_7,TLE7
pro-fibrotic_signalling_louvain_7,UBASH3B
pro-fibrotic_signalling_louvain_8,APOD
pro-fibrotic_signalling_louvain_8,BICC1
pro-fibrotic_signalling_louvain_8,CEP57
pro-fibrotic_signalling_louvain_8,CSPG4
pro-fibrotic_signalling_louvain_8,EGF
pro-fibrotic_signalling_louvain_8,EXT1
pro-fibrotic_signalling_louvain_8,FGF1
pro-fibrotic_signalling_louvain_8,FGF10
pro-fibrotic_signalling_louvain_8,FGF12
pro-fibrotic_signalling_louvain_8,FGF14
pro-fibrotic_signalling_louvain_8,FGF16
pro-fibrotic_signalling_louvain_8,FGF17
pro-fibrotic_signalling_louvain_8,FGF18
pro-fibrotic_signalling_louvain_8,FGF19
pro-fibrotic_signalling_louvain_8,FGF2
pro-fibrotic_signalling_louvain_8,FGF20
pro-fibrotic_signalling_louvain_8,FGF21
pro-fibrotic_signalling_louvain_8,FGF22
pro-fibrotic_signalling_louvain_8,FGF23
pro-fibrotic_signalling_louvain_8,FGF3
pro-fibrotic_signalling_louvain_8,FGF4
pro-fibrotic_signalling_louvain_8,FGF5
pro-fibrotic_signalling_louvain_8,FGF6
pro-fibrotic_signalling_louvain_8,FGF7
pro-fibrotic_signalling_louvain_8,FGF8
pro-fibrotic_signalling_louvain_8,FGF9
pro-fibrotic_signalling_louvain_8,FGFBP1
pro-fibrotic_signalling_louvain_8,FGFBP3
pro-fibrotic_signalling_louvain_8,FGFR1
pro-fibrotic_signalling_louvain_8,FGFR2
pro-fibrotic_signalling_louvain_8,FGFR3
pro-fibrotic_signalling_louvain_8,FGFR4
pro-fibrotic_signalling_louvain_8,FGFRL1
pro-fibrotic_signalling_louvain_8,FIBP
pro-fibrotic_signalling_louvain_8,FLRT1
pro-fibrotic_signalling_louvain_8,FLRT2
pro-fibrotic_signalling_louvain_8,FLRT3
pro-fibrotic_signalling_louvain_8,FRS2
pro-fibrotic_signalling_louvain_8,FRS3
pro-fibrotic_signalling_louvain_8,GALNT3
pro-fibrotic_signalling_louvain_8,GFAP
pro-fibrotic_signalling_louvain_8,GPC1
pro-fibrotic_signalling_louvain_8,KL
pro-fibrotic_signalling_louvain_8,KLB
pro-fibrotic_signalling_louvain_8,NALCN
pro-fibrotic_signalling_louvain_8,NDST1
pro-fibrotic_signalling_louvain_8,NPTN
pro-fibrotic_signalling_louvain_8,NTM
pro-fibrotic_signalling_louvain_8,OTX2
pro-fibrotic_signalling_louvain_8,SPRY1
pro-fibrotic_signalling_louvain_8,SPRY2
pro-fibrotic_signalling_louvain_8,SPRY3
pro-fibrotic_signalling_louvain_8,SPRY4
pro-fibrotic_signalling_louvain_8,SULF2
pro-fibrotic_signalling_louvain_8,TENM3
pro-fibrotic_signalling_louvain_9,C1S
pro-fibrotic_signalling_louvain_9,CCN2
pro-fibrotic_signalling_louvain_9,COL4A1
pro-fibrotic_signalling_louvain_9,COL4A2
pro-fibrotic_signalling_louvain_9,COL4A3
pro-fibrotic_signalling_louvain_9,COL4A5
pro-fibrotic_signalling_louvain_9,COL4A6
pro-fibrotic_signalling_louvain_9,DCN
pro-fibrotic_signalling_louvain_9,DDR1
pro-fibrotic_signalling_louvain_9,DDR2
pro-fibrotic_signalling_louvain_9,EMP3
pro-fibrotic_signalling_louvain_9,F3
pro-fibrotic_signalling_louvain_9,F7
pro-fibrotic_signalling_louvain_9,GP6
pro-fibrotic_signalling_louvain_9,HAPLN2
pro-fibrotic_signalling_louvain_9,HHATL
pro-fibrotic_signalling_louvain_9,ITGA11
pro-fibrotic_signalling_louvain_9,ITGA2
pro-fibrotic_signalling_louvain_9,ITGB1
pro-fibrotic_signalling_louvain_9,ITGB3
pro-fibrotic_signalling_louvain_9,LGALS1
pro-fibrotic_signalling_louvain_9,LOX
pro-fibrotic_signalling_louvain_9,LRP1
pro-fibrotic_signalling_louvain_9,MMP7
pro-fibrotic_signalling_louvain_9,PLAT
pro-fibrotic_signalling_louvain_9,RGS14
pro-fibrotic_signalling_louvain_9,SERPINE1
pro-fibrotic_signalling_louvain_9,SERPINF1
pro-fibrotic_signalling_louvain_9,THBS1
pro-fibrotic_signalling_louvain_9,TIMP1
pro-fibrotic_signalling_louvain_9,TSPAN9
pro-fibrotic_signalling_louvain_9,VCAN
inflammation_louvain_0,AHCY
inflammation_louvain_0,CARD8
inflammation_louvain_0,CASP1
inflammation_louvain_0,IKBKB
inflammation_louvain_0,IL37
inflammation_louvain_0,NLRP6
inflammation_louvain_0,PYCARD
inflammation_louvain_0,TNF
inflammation_louvain_0,XIAP
inflammation_louvain_1,ALCAM
inflammation_louvain_1,CD6
inflammation_louvain_1,EGFR
inflammation_louvain_1,GRN
inflammation_louvain_1,LGALS1
inflammation_louvain_1,NEDD4
inflammation_louvain_1,PRKCE
inflammation_louvain_1,RAB5A
inflammation_louvain_1,RABGEF1
inflammation_louvain_1,SCNN1B
inflammation_louvain_1,TNFRSF1A
inflammation_louvain_2,ALOX5
inflammation_louvain_2,ALOX5AP
inflammation_louvain_2,CSF2RA
inflammation_louvain_2,DMBT1
inflammation_louvain_2,GRB2
inflammation_louvain_2,LAT2
inflammation_louvain_2,SFTPD
inflammation_louvain_3,ANXA3
inflammation_louvain_3,CPLX2
inflammation_louvain_3,SNAP23
inflammation_louvain_3,STXBP2
inflammation_louvain_3,STXBP3
inflammation_louvain_3,VAMP2
inflammation_louvain_3,VAMP7
inflammation_louvain_4,ARRB1
inflammation_louvain_4,CCL11
inflammation_louvain_4,CCL3
inflammation_louvain_4,CCR6
inflammation_louvain_4,CX3CL1
inflammation_louvain_4,CX3CR1
inflammation_louvain_4,CXCL13
inflammation_louvain_4,CXCR2
inflammation_louvain_4,PF4
inflammation_louvain_4,PTAFR
inflammation_louvain_5,BCR
inflammation_louvain_5,BTK
inflammation_louvain_5,C1QA
inflammation_louvain_5,CBL
inflammation_louvain_5,CLEC4D
inflammation_louvain_5,CLEC4E
inflammation_louvain_5,CLEC6A
inflammation_louvain_5,CLEC7A
inflammation_louvain_5,EPHB6
inflammation_louvain_5,FCER1G
inflammation_louvain_5,FCGR1A
inflammation_louvain_5,FCGR3A
inflammation_louvain_5,FYN
inflammation_louvain_5,HAVCR2
inflammation_louvain_5,IGKV2D-28
inflammation_louvain_5,INPP5D
inflammation_louvain_5,KIT
inflammation_louvain_5,LAT
inflammation_louvain_5,LILRA2
inflammation_louvain_5,LYN
inflammation_louvain_5,NCK2
inflammation_louvain_5,PIK3CD
inflammation_louvain_5,PIK3CG
inflammation_louvain_5,PIK3R1
inflammation_louvain_5,PLCG2
inflammation_louvain_5,RTN4
inflammation_louvain_5,SLAMF1
inflammation_louvain_5,SYK
inflammation_louvain_5,TREM2
inflammation_louvain_5,TYROBP
inflammation_louvain_6,C3
inflammation_louvain_6,FCN1
inflammation_louvain_6,ITGAM
inflammation_louvain_6,ITGB2
inflammation_louvain_6,JAM3
inflammation_louvain_7,AGER
inflammation_louvain_7,ANXA1
inflammation_louvain_7,APP
inflammation_louvain_7,C5AR1
inflammation_louvain_7,CASP3
inflammation_louvain_7,CD14
inflammation_louvain_7,CD36
inflammation_louvain_7,CLU
inflammation_louvain_7,DYSF
inflammation_louvain_7,ELANE
inflammation_louvain_7,FPR2
inflammation_louvain_7,GATA3
inflammation_louvain_7,GNAI2
inflammation_louvain_7,GNG2
inflammation_louvain_7,GZMB
inflammation_louvain_7,HMGB1
inflammation_louvain_7,HMGB2
inflammation_louvain_7,IFI35
inflammation_louvain_7,IL17RA
inflammation_louvain_7,IL25
inflammation_louvain_7,IRF7
inflammation_louvain_7,JUN
inflammation_louvain_7,LBP
inflammation_louvain_7,LY96
inflammation_louvain_7,MAPK1
inflammation_louvain_7,MAPT
inflammation_louvain_7,MRGPRX2
inflammation_louvain_7,MYD88
inflammation_louvain_7,NMI
inflammation_louvain_7,OPRM1
inflammation_louvain_7,S100A13
inflammation_louvain_7,S100A8
inflammation_louvain_7,S100A9
inflammation_louvain_7,SNCA
inflammation_louvain_7,TGFB1
inflammation_louvain_7,THBS1
inflammation_louvain_7,TICAM1
inflammation_louvain_7,TLR2
inflammation_louvain_7,TLR3
inflammation_louvain_7,TLR4
inflammation_louvain_7,TLR6
inflammation_louvain_7,TLR7
inflammation_louvain_7,TLR8
inflammation_louvain_7,TLR9
inflammation_louvain_7,TRAF6
inflammation_louvain_8,CD44
inflammation_louvain_8,CDC42
inflammation_louvain_8,DOCK2
inflammation_louvain_8,EZR
inflammation_louvain_8,RAP1A
inflammation_louvain_8,RASGRP1
inflammation_louvain_8,RASGRP2
inflammation_louvain_8,SELE
inflammation_louvain_8,VCAM1
inflammation_louvain_9,HSP90AA1
inflammation_louvain_9,NOD1
inflammation_louvain_9,NOD2
inflammation_louvain_9,PARK7
inflammation_louvain_9,PRDX2
inflammation_louvain_9,TRAF3IP2
inflammation_louvain_10,IFNG
inflammation_louvain_10,IFNGR1
inflammation_louvain_10,IFNGR2
inflammation_louvain_10,IL13
inflammation_louvain_10,IL20RB
inflammation_louvain_10,IL2RA
inflammation_louvain_10,IL4
inflammation_louvain_10,IL4R
inflammation_louvain_10,IL5RA
inflammation_louvain_10,JAK2
inflammation_louvain_11,IL1F10
inflammation_louvain_11,IL1R1
inflammation_louvain_11,IL1RAP
inflammation_louvain_11,IL1RL2
inflammation_louvain_11,IL1RN
inflammation_louvain_11,IL33
inflammation_louvain_11,IL36A
inflammation_louvain_11,IL36B
inflammation_louvain_11,IL36G
inflammation_louvain_11,IL36RN
inflammation_louvain_12,MDK
inflammation_louvain_12,NOTCH1
inflammation_louvain_12,NOTCH2
inflammation_louvain_12,PTN
inflammation_louvain_12,RBPJ
antigen_presentation_louvain_0,ABL1
antigen_presentation_louvain_0,ATG5
antigen_presentation_louvain_0,CD36
antigen_presentation_louvain_0,CREB1
antigen_presentation_louvain_0,CTNNB1
antigen_presentation_louvain_0,FYN
antigen_presentation_louvain_0,GHR
antigen_presentation_louvain_0,IFNG
antigen_presentation_louvain_0,JUN
antigen_presentation_louvain_0,MAVS
antigen_presentation_louvain_0,NFYA
antigen_presentation_louvain_0,NFYB
antigen_presentation_louvain_0,NFYC
antigen_presentation_louvain_0,PSMA7
antigen_presentation_louvain_0,PSMB8
antigen_presentation_louvain_0,PSME1
antigen_presentation_louvain_0,PSME2
antigen_presentation_louvain_0,RAB33A
antigen_presentation_louvain_0,SH3BP1
antigen_presentation_louvain_0,SOCS3
antigen_presentation_louvain_0,STAT5B
antigen_presentation_louvain_1,ACE2
antigen_presentation_louvain_1,CALCA
antigen_presentation_louvain_1,CD5
antigen_presentation_louvain_1,CLEC7A
antigen_presentation_louvain_1,DBNL
antigen_presentation_louvain_1,DMBT1
antigen_presentation_louvain_1,DPP4
antigen_presentation_louvain_1,FCER1G
antigen_presentation_louvain_1,FCGR1A
antigen_presentation_louvain_1,FCGR2B
antigen_presentation_louvain_1,IGHD
antigen_presentation_louvain_1,IGHV1-3
antigen_presentation_louvain_1,IGHV3-11
antigen_presentation_louvain_1,IGHV3-15
antigen_presentation_louvain_1,IGHV3-16
antigen_presentation_louvain_1,IGHV3-43D
antigen_presentation_louvain_1,IGHV3-72
antigen_presentation_louvain_1,IGLL1
antigen_presentation_louvain_1,IGLL5
antigen_presentation_louvain_1,LOC102723407
antigen_presentation_louvain_1,OLR1
antigen_presentation_louvain_1,SFTPD
antigen_presentation_louvain_1,SH3BP2
antigen_presentation_louvain_1,SYK
antigen_presentation_louvain_1,TNF
antigen_presentation_louvain_1,TREM2
antigen_presentation_louvain_2,CTSB
antigen_presentation_louvain_2,CTSH
antigen_presentation_louvain_2,CTSL
antigen_presentation_louvain_2,CTSS
antigen_presentation_louvain_2,CTSV
antigen_presentation_louvain_3,ACTG1
antigen_presentation_louvain_3,ADGRB1
antigen_presentation_louvain_3,ALCAM
antigen_presentation_louvain_3,ARL8B
antigen_presentation_louvain_3,BECN1
antigen_presentation_louvain_3,BIN2
antigen_presentation_louvain_3,CAV1
antigen_presentation_louvain_3,CD14
antigen_presentation_louvain_3,CD209
antigen_presentation_louvain_3,CD6
antigen_presentation_louvain_3,CD81
antigen_presentation_louvain_3,CDC42
antigen_presentation_louvain_3,CLEC4M
antigen_presentation_louvain_3,DOCK1
antigen_presentation_louvain_3,DOCK2
antigen_presentation_louvain_3,EGFR
antigen_presentation_louvain_3,ELMO1
antigen_presentation_louvain_3,EZR
antigen_presentation_louvain_3,GRB2
antigen_presentation_louvain_3,GSN
antigen_presentation_louvain_3,HSP90AA1
antigen_presentation_louvain_3,HSP90AB1
antigen_presentation_louvain_3,ICAM1
antigen_presentation_louvain_3,IKBKB
antigen_presentation_louvain_3,IL10RA
antigen_presentation_louvain_3,INPPL1
antigen_presentation_louvain_3,INSR
antigen_presentation_louvain_3,ITGA4
antigen_presentation_louvain_3,ITGAM
antigen_presentation_louvain_3,ITGAV
antigen_presentation_louvain_3,ITGB1
antigen_presentation_louvain_3,ITGB2
antigen_presentation_louvain_3,KDR
antigen_presentation_louvain_3,LGALS1
antigen_presentation_louvain_3,MARCHF1
antigen_presentation_louvain_3,MFGE8
antigen_presentation_louvain_3,MYH9
antigen_presentation_louvain_3,NEDD4
antigen_presentation_louvain_3,NFKBIA
antigen_presentation_louvain_3,PIK3CB
antigen_presentation_louvain_3,PIK3CG
antigen_presentation_louvain_3,PYCARD
antigen_presentation_louvain_3,RAB10
antigen_presentation_louvain_3,RAB14
antigen_presentation_louvain_3,RAB4A
antigen_presentation_louvain_3,RAB5A
antigen_presentation_louvain_3,RAB5B
antigen_presentation_louvain_3,RAB7A
antigen_presentation_louvain_3,RAB8B
antigen_presentation_louvain_3,RABGEF1
antigen_presentation_louvain_3,RAC1
antigen_presentation_louvain_3,RAC2
antigen_presentation_louvain_3,RELB
antigen_presentation_louvain_3,RHOA
antigen_presentation_louvain_3,RHOBTB1
antigen_presentation_louvain_3,RHOBTB2
antigen_presentation_louvain_3,RHOG
antigen_presentation_louvain_3,RHOH
antigen_presentation_louvain_3,RUBCN
antigen_presentation_louvain_3,STAT3
antigen_presentation_louvain_3,TFRC
antigen_presentation_louvain_3,TGFBR2
antigen_presentation_louvain_3,THBS1
antigen_presentation_louvain_3,ZFYVE9
antigen_presentation_louvain_4,KIR2DL1
antigen_presentation_louvain_4,KIR2DL3
antigen_presentation_louvain_4,KIR3DL1
antigen_presentation_louvain_4,KIR3DL2
antigen_presentation_louvain_4,KIR3DL3
antigen_presentation_louvain_4,KLRC1
antigen_presentation_louvain_4,KLRC2
antigen_presentation_louvain_4,KLRC3-2
antigen_presentation_louvain_4,KLRC4
antigen_presentation_louvain_4,KLRD1
antigen_presentation_louvain_5,AGER
antigen_presentation_louvain_5,AP3B1
antigen_presentation_louvain_5,AP3D1
antigen_presentation_louvain_5,APOE
antigen_presentation_louvain_5,APP
antigen_presentation_louvain_5,ARRB1
antigen_presentation_louvain_5,ARRB2
antigen_presentation_louvain_5,BRD4
antigen_presentation_louvain_5,CTSD
antigen_presentation_louvain_5,CXCL16
antigen_presentation_louvain_5,CXCL8
antigen_presentation_louvain_5,CXCR1
antigen_presentation_louvain_5,CXCR2
antigen_presentation_louvain_5,DNM1L
antigen_presentation_louvain_5,FCN1
antigen_presentation_louvain_5,FCN2
antigen_presentation_louvain_5,FCN3
antigen_presentation_louvain_5,FPR2
antigen_presentation_louvain_5,GBA
antigen_presentation_louvain_5,GRK2
antigen_presentation_louvain_5,GRK3
antigen_presentation_louvain_5,GRK4
antigen_presentation_louvain_5,GULP1
antigen_presentation_louvain_5,HRAS
antigen_presentation_louvain_5,IDE
antigen_presentation_louvain_5,JMJD6
antigen_presentation_louvain_5,LDLR
antigen_presentation_louvain_5,LGMN
antigen_presentation_louvain_5,LRP1
antigen_presentation_louvain_5,LRP8
antigen_presentation_louvain_5,MAPK1
antigen_presentation_louvain_5,MAPK3
antigen_presentation_louvain_5,MAPKAPK2
antigen_presentation_louvain_5,MAPKAPK3
antigen_presentation_louvain_5,MSR1
antigen_presentation_louvain_5,SNCA
antigen_presentation_louvain_5,TRAF6
antigen_presentation_louvain_5,VAMP2
antigen_presentation_louvain_5,VAMP7
antigen_presentation_louvain_6,B2M
antigen_presentation_louvain_6,CALR
antigen_presentation_louvain_6,CANX
antigen_presentation_louvain_6,CD1A
antigen_presentation_louvain_6,CD1B
antigen_presentation_louvain_6,CD1C
antigen_presentation_louvain_6,CD1D
antigen_presentation_louvain_6,CD4
antigen_presentation_louvain_6,CD74
antigen_presentation_louvain_6,CD8A
antigen_presentation_louvain_6,CD8B2
antigen_presentation_louvain_6,DNM2
antigen_presentation_louvain_6,E7ENX8_HUMAN
antigen_presentation_louvain_6,F6UB75_HUMAN
antigen_presentation_louvain_6,HLA-A
antigen_presentation_louvain_6,HLA-B
antigen_presentation_louvain_6,HLA-C
antigen_presentation_louvain_6,HLA-DMA
antigen_presentation_louvain_6,HLA-DMB
antigen_presentation_louvain_6,HLA-DOA
antigen_presentation_louvain_6,HLA-DOB
antigen_presentation_louvain_6,HLA-DPA1
antigen_presentation_louvain_6,HLA-DPB1
antigen_presentation_louvain_6,HLA-DQA1
antigen_presentation_louvain_6,HLA-DQA2
antigen_presentation_louvain_6,HLA-DQB1
antigen_presentation_louvain_6,HLA-DQB2
antigen_presentation_louvain_6,HLA-DRA
antigen_presentation_louvain_6,HLA-DRB1
antigen_presentation_louvain_6,HLA-DRB5
antigen_presentation_louvain_6,HLA-E
antigen_presentation_louvain_6,HLA-F
antigen_presentation_louvain_6,HLA-G
antigen_presentation_louvain_6,HSPA5
antigen_presentation_louvain_6,LILRB1
antigen_presentation_louvain_6,LILRB4
antigen_presentation_louvain_6,LNPEP
antigen_presentation_louvain_6,MR1
antigen_presentation_louvain_6,PDIA3
antigen_presentation_louvain_6,SAR1B
antigen_presentation_louvain_6,TAP1
antigen_presentation_louvain_6,TAP2
antigen_presentation_louvain_6,TAPBP
antigen_presentation_louvain_6,TAPBPL
innate_immune_activation_louvain_0,ACTG1
innate_immune_activation_louvain_0,ACTN1
innate_immune_activation_louvain_0,AGER
innate_immune_activation_louvain_0,ANXA1
innate_immune_activation_louvain_0,APP
innate_immune_activation_louvain_0,CDC42
innate_immune_activation_louvain_0,CLDN1
innate_immune_activation_louvain_0,DOCK2
innate_immune_activation_louvain_0,DYSF
innate_immune_activation_louvain_0,FOS
innate_immune_activation_louvain_0,FPR2
innate_immune_activation_louvain_0,GSN
innate_immune_activation_louvain_0,HMGB1
innate_immune_activation_louvain_0,JUN
innate_immune_activation_louvain_0,MAP2K1
innate_immune_activation_louvain_0,MAP2K2
innate_immune_activation_louvain_0,MAP2K3
innate_immune_activation_louvain_0,MAP2K4
innate_immune_activation_louvain_0,MAP2K6
innate_immune_activation_louvain_0,MAP2K7
innate_immune_activation_louvain_0,MAPK1
innate_immune_activation_louvain_0,MAPK11
innate_immune_activation_louvain_0,MAPK12
innate_immune_activation_louvain_0,MAPK13
innate_immune_activation_louvain_0,MAPK14
innate_immune_activation_louvain_0,MAPK3
innate_immune_activation_louvain_0,MAPK8
innate_immune_activation_louvain_0,MAPK9
innate_immune_activation_louvain_0,MAPT
innate_immune_activation_louvain_0,MYH9
innate_immune_activation_louvain_0,NUB1
innate_immune_activation_louvain_0,OAS1
innate_immune_activation_louvain_0,OAS2
innate_immune_activation_louvain_0,PARD3
innate_immune_activation_louvain_0,RAP1A
innate_immune_activation_louvain_0,RASGRP1
innate_immune_activation_louvain_0,RASGRP2
innate_immune_activation_louvain_0,RHOA
innate_immune_activation_louvain_0,S100A13
innate_immune_activation_louvain_0,SHMT2
innate_immune_activation_louvain_0,SNCA
innate_immune_activation_louvain_0,SP100
innate_immune_activation_louvain_0,TP53
innate_immune_activation_louvain_0,UBD
innate_immune_activation_louvain_0,WAS
innate_immune_activation_louvain_1,ADAM10
innate_immune_activation_louvain_1,C5
innate_immune_activation_louvain_1,C5AR1
innate_immune_activation_louvain_1,C7
innate_immune_activation_louvain_1,C8A
innate_immune_activation_louvain_1,C8B
innate_immune_activation_louvain_1,C8G
innate_immune_activation_louvain_1,C9
innate_immune_activation_louvain_1,CD2
innate_immune_activation_louvain_1,CLU
innate_immune_activation_louvain_1,HAMP
innate_immune_activation_louvain_1,IGLL5
innate_immune_activation_louvain_1,LCK
innate_immune_activation_louvain_10,CD44
innate_immune_activation_louvain_10,CD74
innate_immune_activation_louvain_10,CIITA
innate_immune_activation_louvain_10,HLA-DPA1
innate_immune_activation_louvain_10,HLA-DQB2
innate_immune_activation_louvain_10,HLA-DRA
innate_immune_activation_louvain_10,HYAL2
innate_immune_activation_louvain_10,LAG3
innate_immune_activation_louvain_10,RFX5
innate_immune_activation_louvain_10,SPP1
innate_immune_activation_louvain_11,AKT1
innate_immune_activation_louvain_11,AKT2
innate_immune_activation_louvain_11,AKT3
innate_immune_activation_louvain_11,CASP3
innate_immune_activation_louvain_11,CITED1
innate_immune_activation_louvain_11,CREB1
innate_immune_activation_louvain_11,CREB3L1
innate_immune_activation_louvain_11,CRTC3
innate_immune_activation_louvain_11,CYP27B1
innate_immune_activation_louvain_11,EP300
innate_immune_activation_louvain_11,FOXP1
innate_immune_activation_louvain_11,GNB1
innate_immune_activation_louvain_11,GZMB
innate_immune_activation_louvain_11,HSP90AA1
innate_immune_activation_louvain_11,MRGPRX2
innate_immune_activation_louvain_11,NEDD4
innate_immune_activation_louvain_11,NOS2
innate_immune_activation_louvain_11,NPY
innate_immune_activation_louvain_11,RPS6KB1
innate_immune_activation_louvain_11,SCNN1B
innate_immune_activation_louvain_11,SLC30A8
innate_immune_activation_louvain_11,SMAD2
innate_immune_activation_louvain_11,WNT5A
innate_immune_activation_louvain_12,IFNA1
innate_immune_activation_louvain_12,IFNA10
innate_immune_activation_louvain_12,IFNA13
innate_immune_activation_louvain_12,IFNA14
innate_immune_activation_louvain_12,IFNA16
innate_immune_activation_louvain_12,IFNA17
innate_immune_activation_louvain_12,IFNA2
innate_immune_activation_louvain_12,IFNA21
innate_immune_activation_louvain_12,IFNA4
innate_immune_activation_louvain_12,IFNA5
innate_immune_activation_louvain_12,IFNA6
innate_immune_activation_louvain_12,IFNA7
innate_immune_activation_louvain_12,IFNA8
innate_immune_activation_louvain_12,IFNAR1
innate_immune_activation_louvain_12,IFNAR2
innate_immune_activation_louvain_12,IFNB1
innate_immune_activation_louvain_12,IFNG
innate_immune_activation_louvain_12,IFNGR1
innate_immune_activation_louvain_12,IFNGR2
innate_immune_activation_louvain_12,IFNLR1
innate_immune_activation_louvain_12,IFNW1
innate_immune_activation_louvain_12,IL10RB
innate_immune_activation_louvain_12,IL12A
innate_immune_activation_louvain_12,IL12B
innate_immune_activation_louvain_12,IL12RB1
innate_immune_activation_louvain_12,IL13
innate_immune_activation_louvain_12,IL23R
innate_immune_activation_louvain_12,IL4
innate_immune_activation_louvain_12,IL6
innate_immune_activation_louvain_12,IRF1
innate_immune_activation_louvain_12,IRF8
innate_immune_activation_louvain_12,ISG15
innate_immune_activation_louvain_12,JAK1
innate_immune_activation_louvain_12,JAK2
innate_immune_activation_louvain_12,MX1
innate_immune_activation_louvain_12,PRKCE
innate_immune_activation_louvain_12,STAT1
innate_immune_activation_louvain_12,STAT2
innate_immune_activation_louvain_12,STAT5B
innate_immune_activation_louvain_12,TYK2
innate_immune_activation_louvain_2,ADAR
innate_immune_activation_louvain_2,BRD4
innate_immune_activation_louvain_2,CSNK2B
innate_immune_activation_louvain_2,EIF2AK2
innate_immune_activation_louvain_2,JMJD6
innate_immune_activation_louvain_2,LYST
innate_immune_activation_louvain_3,AIM2
innate_immune_activation_louvain_3,AZI2
innate_immune_activation_louvain_3,CALCOCO2
innate_immune_activation_louvain_3,CASP1
innate_immune_activation_louvain_3,CASP8
innate_immune_activation_louvain_3,CD14
innate_immune_activation_louvain_3,CD40
innate_immune_activation_louvain_3,CHUK
innate_immune_activation_louvain_3,DDX58
innate_immune_activation_louvain_3,DNAJA3
innate_immune_activation_louvain_3,FADD
innate_immune_activation_louvain_3,FASLG
innate_immune_activation_louvain_3,GAPDH
innate_immune_activation_louvain_3,GRN
innate_immune_activation_louvain_3,IFI35
innate_immune_activation_louvain_3,IKBKB
innate_immune_activation_louvain_3,IKBKE
innate_immune_activation_louvain_3,IKBKG
innate_immune_activation_louvain_3,IL18
innate_immune_activation_louvain_3,IL1B
innate_immune_activation_louvain_3,IL33
innate_immune_activation_louvain_3,IL37
innate_immune_activation_louvain_3,IRAK1
innate_immune_activation_louvain_3,IRAK4
innate_immune_activation_louvain_3,IRF3
innate_immune_activation_louvain_3,IRF5
innate_immune_activation_louvain_3,IRF7
innate_immune_activation_louvain_3,KRT1
innate_immune_activation_louvain_3,KRT8
innate_immune_activation_louvain_3,LBP
innate_immune_activation_louvain_3,LY96
innate_immune_activation_louvain_3,MAP3K7
innate_immune_activation_louvain_3,MAP3K8
innate_immune_activation_louvain_3,MAVS
innate_immune_activation_louvain_3,MEFV
innate_immune_activation_louvain_3,MYD88
innate_immune_activation_louvain_3,NCOR2
innate_immune_activation_louvain_3,NFKB1
innate_immune_activation_louvain_3,NFKBIA
innate_immune_activation_louvain_3,NFKBIB
innate_immune_activation_louvain_3,NMI
innate_immune_activation_louvain_3,NR4A3
innate_immune_activation_louvain_3,PYCARD
innate_immune_activation_louvain_3,RELA
innate_immune_activation_louvain_3,RIPK1
innate_immune_activation_louvain_3,RIPK3
innate_immune_activation_louvain_3,STING1
innate_immune_activation_louvain_3,TAB1
innate_immune_activation_louvain_3,TAB2
innate_immune_activation_louvain_3,TBK1
innate_immune_activation_louvain_3,TICAM1
innate_immune_activation_louvain_3,TICAM2
innate_immune_activation_louvain_3,TIRAP
innate_immune_activation_louvain_3,TLR1
innate_immune_activation_louvain_3,TLR2
innate_immune_activation_louvain_3,TLR3
innate_immune_activation_louvain_3,TLR4
innate_immune_activation_louvain_3,TLR5
innate_immune_activation_louvain_3,TLR6
innate_immune_activation_louvain_3,TLR7
innate_immune_activation_louvain_3,TLR8
innate_immune_activation_louvain_3,TLR9
innate_immune_activation_louvain_3,TNF
innate_immune_activation_louvain_3,TNFRSF1A
innate_immune_activation_louvain_3,TOLLIP
innate_immune_activation_louvain_3,TRAF3
innate_immune_activation_louvain_3,TRAF6
innate_immune_activation_louvain_3,TRIM21
innate_immune_activation_louvain_3,TRIM56
innate_immune_activation_louvain_3,ZBP1
innate_immune_activation_louvain_4,POLR1C
innate_immune_activation_louvain_4,POLR1D
innate_immune_activation_louvain_4,POLR2E
innate_immune_activation_louvain_4,POLR2F
innate_immune_activation_louvain_4,POLR2H
innate_immune_activation_louvain_4,POLR2K
innate_immune_activation_louvain_4,POLR2L
innate_immune_activation_louvain_4,POLR3A
innate_immune_activation_louvain_4,POLR3B
innate_immune_activation_louvain_4,POLR3C
innate_immune_activation_louvain_4,POLR3D
innate_immune_activation_louvain_4,POLR3E
innate_immune_activation_louvain_4,POLR3F
innate_immune_activation_louvain_4,POLR3G
innate_immune_activation_louvain_4,POLR3GL
innate_immune_activation_louvain_4,POLR3H
innate_immune_activation_louvain_4,POLR3K
innate_immune_activation_louvain_5,ANXA3
innate_immune_activation_louvain_5,CPLX2
innate_immune_activation_louvain_5,SNAP23
innate_immune_activation_louvain_5,STXBP2
innate_immune_activation_louvain_5,STXBP3
innate_immune_activation_louvain_5,VAMP2
innate_immune_activation_louvain_5,VAMP7
innate_immune_activation_louvain_6,ARL8B
innate_immune_activation_louvain_6,RAB5A
innate_immune_activation_louvain_6,RAB7A
innate_immune_activation_louvain_6,RAB7B
innate_immune_activation_louvain_6,RABGEF1
innate_immune_activation_louvain_7,BCR
innate_immune_activation_louvain_7,BTK
innate_immune_activation_louvain_7,C1QA
innate_immune_activation_louvain_7,CBL
innate_immune_activation_louvain_7,CD244
innate_immune_activation_louvain_7,CD80
innate_immune_activation_louvain_7,CD86
innate_immune_activation_louvain_7,CORO1A
innate_immune_activation_louvain_7,CORO1C
innate_immune_activation_louvain_7,CSF1
innate_immune_activation_louvain_7,CSF2
innate_immune_activation_louvain_7,FCER1G
innate_immune_activation_louvain_7,FCGR3A
innate_immune_activation_louvain_7,HAVCR2
innate_immune_activation_louvain_7,HCK
innate_immune_activation_louvain_7,IGKV2D-28
innate_immune_activation_louvain_7,KIR3DL1
innate_immune_activation_louvain_7,KIT
innate_immune_activation_louvain_7,KLRC2
innate_immune_activation_louvain_7,KLRD1
innate_immune_activation_louvain_7,KLRK1
innate_immune_activation_louvain_7,LAT
innate_immune_activation_louvain_7,LAT2
innate_immune_activation_louvain_7,LGALS9
innate_immune_activation_louvain_7,LILRA2
innate_immune_activation_louvain_7,LYN
innate_immune_activation_louvain_7,MICA
innate_immune_activation_louvain_7,PIK3CA
innate_immune_activation_louvain_7,PIK3CB
innate_immune_activation_louvain_7,PIK3CD
innate_immune_activation_louvain_7,PIK3CG
innate_immune_activation_louvain_7,PIK3R1
innate_immune_activation_louvain_7,PIK3R2
innate_immune_activation_louvain_7,PIK3R3
innate_immune_activation_louvain_7,PLCG2
innate_immune_activation_louvain_7,PTPN6
innate_immune_activation_louvain_7,RAET1E
innate_immune_activation_louvain_7,RAET1G
innate_immune_activation_louvain_7,SH2D1A
innate_immune_activation_louvain_7,SLAMF1
innate_immune_activation_louvain_7,SLAMF7
innate_immune_activation_louvain_7,SYK
innate_immune_activation_louvain_7,TREM2
innate_immune_activation_louvain_7,TYROBP
innate_immune_activation_louvain_7,ULBP1
innate_immune_activation_louvain_7,ULBP2
innate_immune_activation_louvain_7,ULBP3
innate_immune_activation_louvain_8,C3
innate_immune_activation_louvain_8,CFB
innate_immune_activation_louvain_8,CFD
innate_immune_activation_louvain_8,CFH
innate_immune_activation_louvain_8,CFHR5
innate_immune_activation_louvain_8,CFP
innate_immune_activation_louvain_8,COLEC10
innate_immune_activation_louvain_8,COLEC11
innate_immune_activation_louvain_8,CR1
innate_immune_activation_louvain_8,CR2
innate_immune_activation_louvain_8,FCN1
innate_immune_activation_louvain_8,FCN2
innate_immune_activation_louvain_8,FCN3
innate_immune_activation_louvain_8,IFITM1
innate_immune_activation_louvain_8,ITGAM
innate_immune_activation_louvain_8,ITGB2
innate_immune_activation_louvain_8,MASP1
innate_immune_activation_louvain_8,MASP2
innate_immune_activation_louvain_8,MBL2
innate_immune_activation_louvain_8,VSIG4
innate_immune_activation_louvain_9,CCL1
innate_immune_activation_louvain_9,CCL11
innate_immune_activation_louvain_9,CCL13
innate_immune_activation_louvain_9,CCL15
innate_immune_activation_louvain_9,CCL16
innate_immune_activation_louvain_9,CCL17
innate_immune_activation_louvain_9,CCL18
innate_immune_activation_louvain_9,CCL19
innate_immune_activation_louvain_9,CCL2
innate_immune_activation_louvain_9,CCL20
innate_immune_activation_louvain_9,CCL21
innate_immune_activation_louvain_9,CCL22
innate_immune_activation_louvain_9,CCL24
innate_immune_activation_louvain_9,CCL25
innate_immune_activation_louvain_9,CCL26
innate_immune_activation_louvain_9,CCL3
innate_immune_activation_louvain_9,CCL3L1
innate_immune_activation_louvain_9,CCL4
innate_immune_activation_louvain_9,CCL4L2
innate_immune_activation_louvain_9,CCL5
innate_immune_activation_louvain_9,CCL7
innate_immune_activation_louvain_9,CCL8
innate_immune_activation_louvain_9,CX3CL1
innate_immune_activation_louvain_9,CX3CR1
innate_immune_activation_louvain_9,CXCL10
innate_immune_activation_louvain_9,CXCL11
innate_immune_activation_louvain_9,CXCL16
innate_immune_activation_louvain_9,CXCL8
innate_immune_activation_louvain_9,CXCL9
innate_immune_activation_louvain_9,XCL1
innate_immune_activation_louvain_9,XCL2
tme_stroma_louvain_0,ACVR1C
tme_stroma_louvain_0,ACVR2A
tme_stroma_louvain_0,ACVR2B
tme_stroma_louvain_0,AMH
tme_stroma_louvain_0,AMHR2
tme_stroma_louvain_0,BAMBI
tme_stroma_louvain_0,BMPR2
tme_stroma_louvain_0,E2F4
tme_stroma_louvain_0,E2F5
tme_stroma_louvain_0,FMOD
tme_stroma_louvain_0,FST
tme_stroma_louvain_0,ID1
tme_stroma_louvain_0,INHBA
tme_stroma_louvain_0,INHBB
tme_stroma_louvain_0,INHBC
tme_stroma_louvain_0,INHBE
tme_stroma_louvain_0,LEFTY1
tme_stroma_louvain_0,LEFTY2
tme_stroma_louvain_0,LTBP1
tme_stroma_louvain_0,NODAL
tme_stroma_louvain_0,RBL1
tme_stroma_louvain_0,SMAD1
tme_stroma_louvain_0,SMAD2
tme_stroma_louvain_0,SMAD3
tme_stroma_louvain_0,SMAD4
tme_stroma_louvain_0,SMAD5
tme_stroma_louvain_0,SMAD6
tme_stroma_louvain_0,SMAD7
tme_stroma_louvain_0,SMAD9
tme_stroma_louvain_0,SMURF1
tme_stroma_louvain_0,SMURF2
tme_stroma_louvain_0,TFDP1
tme_stroma_louvain_0,TGFB1
tme_stroma_louvain_0,TGFB3
tme_stroma_louvain_0,TGFBR1
tme_stroma_louvain_0,TGFBR2
tme_stroma_louvain_0,TGIF1
tme_stroma_louvain_0,TGIF2
tme_stroma_louvain_0,THBS1
tme_stroma_louvain_0,ZFYVE16
tme_stroma_louvain_0,ZFYVE9
tme_stroma_louvain_1,AKT1
tme_stroma_louvain_1,AKT2
tme_stroma_louvain_1,AKT3
tme_stroma_louvain_1,CAMK2A
tme_stroma_louvain_1,CAMK2B
tme_stroma_louvain_1,CASP1
tme_stroma_louvain_1,CASP9
tme_stroma_louvain_1,CTNNB1
tme_stroma_louvain_1,EIF4E1B
tme_stroma_louvain_1,EIF4E2
tme_stroma_louvain_1,EIF4EBP1
tme_stroma_louvain_1,MAPT
tme_stroma_louvain_1,MTOR
tme_stroma_louvain_1,NOS2
tme_stroma_louvain_1,NOS3
tme_stroma_louvain_1,PDK1
tme_stroma_louvain_1,PITX2
tme_stroma_louvain_1,PRKCA
tme_stroma_louvain_1,PRKCB
tme_stroma_louvain_1,PRKCG
tme_stroma_louvain_1,RPS6
tme_stroma_louvain_1,RPS6KB1
tme_stroma_louvain_1,RPS6KB2
tme_stroma_louvain_1,SERPINE1
tme_stroma_louvain_1,XIAP
tme_stroma_louvain_2,ANGPT1
tme_stroma_louvain_2,ANGPT2
tme_stroma_louvain_2,ANGPT4
tme_stroma_louvain_2,CDC42
tme_stroma_louvain_2,CYBB
tme_stroma_louvain_2,DCN
tme_stroma_louvain_2,EGF
tme_stroma_louvain_2,EGFR
tme_stroma_louvain_2,EPO
tme_stroma_louvain_2,ERBB2
tme_stroma_louvain_2,FLT1
tme_stroma_louvain_2,IDE
tme_stroma_louvain_2,IGF1
tme_stroma_louvain_2,IGF1R
tme_stroma_louvain_2,IL6
tme_stroma_louvain_2,IL6R
tme_stroma_louvain_2,INS
tme_stroma_louvain_2,INSR
tme_stroma_louvain_2,KDR
tme_stroma_louvain_2,NPPA
tme_stroma_louvain_2,PIK3CA
tme_stroma_louvain_2,PIK3CB
tme_stroma_louvain_2,PIK3CD
tme_stroma_louvain_2,PIK3R1
tme_stroma_louvain_2,PIK3R2
tme_stroma_louvain_2,PIK3R3
tme_stroma_louvain_2,PLCG1
tme_stroma_louvain_2,PLCG2
tme_stroma_louvain_2,PTK2
tme_stroma_louvain_2,RAC2
tme_stroma_louvain_2,RAC3
tme_stroma_louvain_2,RHOA
tme_stroma_louvain_2,ROCK1
tme_stroma_louvain_2,SH2D2A
tme_stroma_louvain_2,SHC2
tme_stroma_louvain_2,SRC
tme_stroma_louvain_2,STAT3
tme_stroma_louvain_2,TEK
tme_stroma_louvain_2,TLR4
tme_stroma_louvain_3,ARNT
tme_stroma_louvain_3,CDK4
tme_stroma_louvain_3,CDKN1A
tme_stroma_louvain_3,CDKN1B
tme_stroma_louvain_3,CDKN2B
tme_stroma_louvain_3,CREBBP
tme_stroma_louvain_3,CUL1
tme_stroma_louvain_3,CUL2
tme_stroma_louvain_3,EGLN1
tme_stroma_louvain_3,EGLN2
tme_stroma_louvain_3,EGLN3
tme_stroma_louvain_3,ELOB
tme_stroma_louvain_3,ELOC
tme_stroma_louvain_3,EP300
tme_stroma_louvain_3,HIF1A
tme_stroma_louvain_3,IFNG
tme_stroma_louvain_3,IFNGR1
tme_stroma_louvain_3,LDHA
tme_stroma_louvain_3,LDHAL6A
tme_stroma_louvain_3,LDHC
tme_stroma_louvain_3,LTBR
tme_stroma_louvain_3,MYC
tme_stroma_louvain_3,NFKB1
tme_stroma_louvain_3,PTGS2
tme_stroma_louvain_3,RBX1
tme_stroma_louvain_3,RELA
tme_stroma_louvain_3,RIPK1
tme_stroma_louvain_3,SKP1
tme_stroma_louvain_3,SP1
tme_stroma_louvain_3,SPHK1
tme_stroma_louvain_3,SPHK2
tme_stroma_louvain_3,STAT1
tme_stroma_louvain_3,THSD4
tme_stroma_louvain_3,TNF
tme_stroma_louvain_3,VHL
tme_stroma_louvain_4,BAD
tme_stroma_louvain_4,BCL2
tme_stroma_louvain_4,FBN1
tme_stroma_louvain_4,HRAS
tme_stroma_louvain_4,HSPB1
tme_stroma_louvain_4,ITGB3
tme_stroma_louvain_4,KRAS
tme_stroma_louvain_4,MAP2K1
tme_stroma_louvain_4,MAP2K2
tme_stroma_louvain_4,MAPK1
tme_stroma_louvain_4,MAPK11
tme_stroma_louvain_4,MAPK12
tme_stroma_louvain_4,MAPK13
tme_stroma_louvain_4,MAPK14
tme_stroma_louvain_4,MAPK3
tme_stroma_louvain_4,MAPKAPK2
tme_stroma_louvain_4,MAPKAPK3
tme_stroma_louvain_4,MKNK1
tme_stroma_louvain_4,MKNK2
tme_stroma_louvain_4,NRAS
tme_stroma_louvain_4,PLA2G4A
tme_stroma_louvain_4,PRKACA
tme_stroma_louvain_4,RAF1
tme_stroma_louvain_5,BMP2
tme_stroma_louvain_5,BMP4
tme_stroma_louvain_5,BMP6
tme_stroma_louvain_5,BMP7
tme_stroma_louvain_5,BMPR1A
tme_stroma_louvain_5,BMPR1B
tme_stroma_louvain_5,GDF5
tme_stroma_louvain_5,GDF6
tme_stroma_louvain_5,GDF7
tme_stroma_louvain_5,GREM1
tme_stroma_louvain_5,GREM2
tme_stroma_louvain_5,HAMP
tme_stroma_louvain_5,HJV
tme_stroma_louvain_5,IGLL5
tme_stroma_louvain_5,MMP3
tme_stroma_louvain_5,NEO1
tme_stroma_louvain_5,NOG
tme_stroma_louvain_5,RGMA
tme_stroma_louvain_5,RGMB
tme_stroma_louvain_5,TF
tme_stroma_louvain_5,TFRC
tme_stroma_louvain_5,TIMP1
tme_stroma_louvain_7,ENO1
tme_stroma_louvain_7,ENO2
tme_stroma_louvain_7,ENO3
tme_stroma_louvain_7,ENO4
tme_stroma_louvain_7,GAPDH
tme_stroma_louvain_7,PGK1
tme_stroma_louvain_7,PGK2
tme_stroma_louvain_9,NFATC2
tme_stroma_louvain_9,PDHA2
tme_stroma_louvain_9,PDHB
tme_stroma_louvain_9,PPP2CA
tme_stroma_louvain_9,PPP2CB
tme_stroma_louvain_9,PPP2R1A
tme_stroma_louvain_9,PPP2R1B
tme_stroma_louvain_9,PPP3CA
tme_stroma_louvain_9,PPP3CB
tme_stroma_louvain_9,PPP3CC
tme_stroma_louvain_9,PPP3R1
tme_stroma_louvain_9,PPP3R2
